Unnamed: 0,weather_condition,lighting_condition,trafficway_type,roadway_surface_cond,road_defect,crash_hour,crash_day_of_week,crash_month,crash_hour_sin,crash_hour_cos,crash_day_sin,crash_day_cos,crash_month_sin,crash_month_cos,crash_type,intersection_related_i
131675,2.0,1.0,2.0,2.0,1.0,9,5,11,1.7071067811865475,0.29289321881345254,0.02507208781817638,0.7774790660436854,0.49999999999999956,1.8660254037844384,1,1
75415,1.0,1.0,3.0,1.0,1.0,14,4,8,0.5000000000000002,0.13397459621556118,0.5661162608824419,0.09903113209758085,0.13397459621556151,0.49999999999999956,2,1
13370,1.0,1.0,2.0,1.0,1.0,13,4,8,0.7411809548974793,0.03407417371093169,0.5661162608824419,0.09903113209758085,0.13397459621556151,0.49999999999999956,1,1
125880,3.0,2.0,1.0,3.0,1.0,19,5,1,0.03407417371093158,1.2588190451025203,0.02507208781817638,0.7774790660436854,1.5,1.8660254037844388,1,0
177168,2.0,1.0,3.0,2.0,1.0,16,6,5,0.13397459621556151,0.49999999999999956,0.21816851753197009,1.6234898018587334,1.5,0.1339745962155613,1,1
57609,1.0,1.0,3.0,1.0,1.0,18,6,7,0.0,0.9999999999999998,0.21816851753197009,1.6234898018587334,0.5000000000000002,0.13397459621556118,2,1
564,1.0,1.0,2.0,1.0,1.0,18,2,6,0.0,0.9999999999999998,1.9749279121818235,0.7774790660436857,1.0000000000000002,0.0,1,1
52083,1.0,3.0,1.0,1.0,1.0,16,6,12,0.13397459621556151,0.49999999999999956,0.21816851753197009,1.6234898018587334,0.9999999999999998,2.0,2,1
101877,1.0,1.0,2.0,1.0,1.0,14,7,7,0.5000000000000002,0.13397459621556118,0.9999999999999998,2.0,0.5000000000000002,0.13397459621556118,1,1
205241,1.0,1.0,3.0,1.0,1.0,7,3,11,1.9659258262890682,0.7411809548974794,1.4338837391175583,0.09903113209758097,0.49999999999999956,1.8660254037844384,1,1
94971,1.0,3.0,1.0,1.0,1.0,23,1,6,0.7411809548974784,1.9659258262890682,1.78183148246803,1.6234898018587336,1.0000000000000002,0.0,2,1
40363,1.0,1.0,2.0,1.0,1.0,18,4,9,0.0,0.9999999999999998,0.5661162608824419,0.09903113209758085,0.0,0.9999999999999998,2,1
21916,1.0,1.0,2.0,1.0,1.0,17,4,5,0.03407417371093169,0.7411809548974794,0.5661162608824419,0.09903113209758085,1.5,0.1339745962155613,1,1
64980,1.0,3.0,1.0,1.0,1.0,18,6,2,0.0,0.9999999999999998,0.21816851753197009,1.6234898018587334,1.8660254037844386,1.5,1,1
125254,1.0,1.0,1.0,1.0,1.0,17,2,9,0.03407417371093169,0.7411809548974794,1.9749279121818235,0.7774790660436857,0.0,0.9999999999999998,1,0
133224,1.0,3.0,2.0,1.0,1.0,20,1,10,0.1339745962155614,1.5,1.78183148246803,1.6234898018587336,0.1339745962155614,1.5,1,1
200961,2.0,1.0,2.0,2.0,1.0,9,3,9,1.7071067811865475,0.29289321881345254,1.4338837391175583,0.09903113209758097,0.0,0.9999999999999998,1,1
90711,1.0,1.0,1.0,1.0,1.0,11,6,3,1.258819045102521,0.0340741737109318,0.21816851753197009,1.6234898018587334,2.0,1.0,1,1
41096,2.0,3.0,3.0,2.0,1.0,19,5,12,0.03407417371093158,1.2588190451025203,0.02507208781817638,0.7774790660436854,0.9999999999999998,2.0,1,1
93578,1.0,1.0,1.0,1.0,1.0,8,4,12,1.8660254037844388,0.5000000000000002,0.5661162608824419,0.09903113209758085,0.9999999999999998,2.0,1,1
141167,1.0,3.0,1.0,1.0,1.0,18,5,10,0.0,0.9999999999999998,0.02507208781817638,0.7774790660436854,0.1339745962155614,1.5,1,1
70556,1.0,3.0,3.0,1.0,1.0,16,2,11,0.13397459621556151,0.49999999999999956,1.9749279121818235,0.7774790660436857,0.49999999999999956,1.8660254037844384,1,1
204164,2.0,3.0,3.0,2.0,1.0,18,3,11,0.0,0.9999999999999998,1.4338837391175583,0.09903113209758097,0.49999999999999956,1.8660254037844384,1,1
115196,1.0,1.0,1.0,1.0,1.0,11,3,8,1.258819045102521,0.0340741737109318,1.4338837391175583,0.09903113209758097,0.13397459621556151,0.49999999999999956,1,1
8350,1.0,3.0,3.0,1.0,1.0,17,3,12,0.03407417371093169,0.7411809548974794,1.4338837391175583,0.09903113209758097,0.9999999999999998,2.0,2,1
85918,1.0,2.0,3.0,1.0,1.0,17,5,3,0.03407417371093169,0.7411809548974794,0.02507208781817638,0.7774790660436854,2.0,1.0,1,1
133100,2.0,3.0,2.0,2.0,1.0,23,7,4,0.7411809548974784,1.9659258262890682,0.9999999999999998,2.0,1.8660254037844388,0.5000000000000002,1,1
125718,1.0,1.0,1.0,1.0,1.0,12,7,8,1.0000000000000002,0.0,0.9999999999999998,2.0,0.13397459621556151,0.49999999999999956,2,1
52462,1.0,1.0,1.0,1.0,1.0,12,7,4,1.0000000000000002,0.0,0.9999999999999998,2.0,1.8660254037844388,0.5000000000000002,2,1
87030,1.0,3.0,1.0,1.0,1.0,20,5,8,0.1339745962155614,1.5,0.02507208781817638,0.7774790660436854,0.13397459621556151,0.49999999999999956,1,1
183606,2.0,1.0,1.0,2.0,1.0,6,4,10,2.0,1.0,0.5661162608824419,0.09903113209758085,0.1339745962155614,1.5,1,1
56106,1.0,1.0,4.0,1.0,1.0,13,3,11,0.7411809548974793,0.03407417371093169,1.4338837391175583,0.09903113209758097,0.49999999999999956,1.8660254037844384,2,1
10574,1.0,3.0,3.0,1.0,1.0,21,5,8,0.2928932188134523,1.7071067811865475,0.02507208781817638,0.7774790660436854,0.13397459621556151,0.49999999999999956,2,1
128637,1.0,1.0,1.0,1.0,1.0,8,7,11,1.8660254037844388,0.5000000000000002,0.9999999999999998,2.0,0.49999999999999956,1.8660254037844384,1,1
53074,1.0,1.0,1.0,1.0,1.0,6,6,3,2.0,1.0,0.21816851753197009,1.6234898018587334,2.0,1.0,2,1
124172,1.0,1.0,2.0,1.0,1.0,15,3,12,0.29289321881345287,0.2928932188134521,1.4338837391175583,0.09903113209758097,0.9999999999999998,2.0,1,1
153071,1.0,2.0,3.0,3.0,1.0,17,4,12,0.03407417371093169,0.7411809548974794,0.5661162608824419,0.09903113209758085,0.9999999999999998,2.0,2,1
63762,1.0,1.0,2.0,1.0,1.0,18,3,7,0.0,0.9999999999999998,1.4338837391175583,0.09903113209758097,0.5000000000000002,0.13397459621556118,1,1
29388,1.0,2.0,1.0,1.0,1.0,19,2,6,0.03407417371093158,1.2588190451025203,1.9749279121818235,0.7774790660436857,1.0000000000000002,0.0,1,1
117492,2.0,1.0,2.0,2.0,1.0,9,5,6,1.7071067811865475,0.29289321881345254,0.02507208781817638,0.7774790660436854,1.0000000000000002,0.0,1,1
34540,1.0,1.0,1.0,1.0,1.0,14,7,5,0.5000000000000002,0.13397459621556118,0.9999999999999998,2.0,1.5,0.1339745962155613,1,1
63792,1.0,3.0,2.0,1.0,1.0,6,3,1,2.0,1.0,1.4338837391175583,0.09903113209758097,1.5,1.8660254037844388,1,1
161025,3.0,2.0,2.0,3.0,1.0,4,4,2,1.8660254037844386,1.5,0.5661162608824419,0.09903113209758085,1.8660254037844386,1.5,1,0
108711,1.0,1.0,1.0,1.0,1.0,8,3,5,1.8660254037844388,0.5000000000000002,1.4338837391175583,0.09903113209758097,1.5,0.1339745962155613,1,1
51883,2.0,2.0,1.0,2.0,1.0,5,1,1,1.9659258262890682,1.2588190451025207,1.78183148246803,1.6234898018587336,1.5,1.8660254037844388,1,1
90450,1.0,1.0,2.0,1.0,1.0,21,6,9,0.2928932188134523,1.7071067811865475,0.21816851753197009,1.6234898018587334,0.0,0.9999999999999998,1,1
134745,2.0,1.0,1.0,2.0,1.0,15,1,10,0.29289321881345287,0.2928932188134521,1.78183148246803,1.6234898018587336,0.1339745962155614,1.5,1,1
72215,3.0,1.0,2.0,3.0,1.0,15,4,3,0.29289321881345287,0.2928932188134521,0.5661162608824419,0.09903113209758085,2.0,1.0,2,1
75583,2.0,3.0,1.0,2.0,1.0,18,6,10,0.0,0.9999999999999998,0.21816851753197009,1.6234898018587334,0.1339745962155614,1.5,1,1
86115,3.0,2.0,1.0,4.0,1.0,15,2,11,0.29289321881345287,0.2928932188134521,1.9749279121818235,0.7774790660436857,0.49999999999999956,1.8660254037844384,1,1
140633,1.0,3.0,1.0,1.0,1.0,21,1,3,0.2928932188134523,1.7071067811865475,1.78183148246803,1.6234898018587336,2.0,1.0,1,0
206218,1.0,1.0,1.0,1.0,1.0,16,6,12,0.13397459621556151,0.49999999999999956,0.21816851753197009,1.6234898018587334,0.9999999999999998,2.0,1,1
158953,2.0,3.0,1.0,2.0,1.0,17,4,1,0.03407417371093169,0.7411809548974794,0.5661162608824419,0.09903113209758085,1.5,1.8660254037844388,1,1
84412,1.0,3.0,1.0,1.0,1.0,23,5,8,0.7411809548974784,1.9659258262890682,0.02507208781817638,0.7774790660436854,0.13397459621556151,0.49999999999999956,1,1
169658,1.0,3.0,1.0,1.0,1.0,18,3,11,0.0,0.9999999999999998,1.4338837391175583,0.09903113209758097,0.49999999999999956,1.8660254037844384,2,1
180854,1.0,1.0,2.0,1.0,1.0,7,5,3,1.9659258262890682,0.7411809548974794,0.02507208781817638,0.7774790660436854,2.0,1.0,2,1
50152,1.0,1.0,3.0,1.0,3.0,7,5,5,1.9659258262890682,0.7411809548974794,0.02507208781817638,0.7774790660436854,1.5,0.1339745962155613,2,1
121756,1.0,1.0,1.0,1.0,1.0,12,2,9,1.0000000000000002,0.0,1.9749279121818235,0.7774790660436857,0.0,0.9999999999999998,2,1
6894,1.0,1.0,3.0,1.0,1.0,16,4,5,0.13397459621556151,0.49999999999999956,0.5661162608824419,0.09903113209758085,1.5,0.1339745962155613,1,1
45683,1.0,1.0,2.0,1.0,1.0,11,2,11,1.258819045102521,0.0340741737109318,1.9749279121818235,0.7774790660436857,0.49999999999999956,1.8660254037844384,2,1
47827,3.0,3.0,1.0,2.0,1.0,5,7,11,1.9659258262890682,1.2588190451025207,0.9999999999999998,2.0,0.49999999999999956,1.8660254037844384,2,1
150304,1.0,3.0,2.0,1.0,1.0,21,5,8,0.2928932188134523,1.7071067811865475,0.02507208781817638,0.7774790660436854,0.13397459621556151,0.49999999999999956,2,1
192131,1.0,1.0,1.0,1.0,1.0,14,2,9,0.5000000000000002,0.13397459621556118,1.9749279121818235,0.7774790660436857,0.0,0.9999999999999998,1,1
103371,1.0,1.0,1.0,1.0,1.0,7,6,5,1.9659258262890682,0.7411809548974794,0.21816851753197009,1.6234898018587334,1.5,0.1339745962155613,1,1
189997,1.0,1.0,2.0,1.0,1.0,18,3,7,0.0,0.9999999999999998,1.4338837391175583,0.09903113209758097,0.5000000000000002,0.13397459621556118,2,1
55735,1.0,1.0,3.0,1.0,1.0,15,2,8,0.29289321881345287,0.2928932188134521,1.9749279121818235,0.7774790660436857,0.13397459621556151,0.49999999999999956,1,1
48479,1.0,3.0,1.0,2.0,1.0,17,2,2,0.03407417371093169,0.7411809548974794,1.9749279121818235,0.7774790660436857,1.8660254037844386,1.5,1,1
108642,1.0,1.0,1.0,1.0,1.0,15,1,8,0.29289321881345287,0.2928932188134521,1.78183148246803,1.6234898018587336,0.13397459621556151,0.49999999999999956,1,1
56949,1.0,1.0,2.0,2.0,1.0,10,3,1,1.5,0.1339745962155613,1.4338837391175583,0.09903113209758097,1.5,1.8660254037844388,1,1
81363,1.0,1.0,3.0,1.0,1.0,17,6,10,0.03407417371093169,0.7411809548974794,0.21816851753197009,1.6234898018587334,0.1339745962155614,1.5,2,1
98182,1.0,1.0,3.0,1.0,1.0,18,1,5,0.0,0.9999999999999998,1.78183148246803,1.6234898018587336,1.5,0.1339745962155613,1,1
62322,1.0,4.0,1.0,1.0,1.0,17,5,2,0.03407417371093169,0.7411809548974794,0.02507208781817638,0.7774790660436854,1.8660254037844386,1.5,1,1
129761,1.0,3.0,4.0,1.0,1.0,21,2,7,0.2928932188134523,1.7071067811865475,1.9749279121818235,0.7774790660436857,0.5000000000000002,0.13397459621556118,2,1
18556,4.0,3.0,3.0,2.0,1.0,21,6,4,0.2928932188134523,1.7071067811865475,0.21816851753197009,1.6234898018587334,1.8660254037844388,0.5000000000000002,2,1
19741,1.0,1.0,2.0,1.0,1.0,16,3,6,0.13397459621556151,0.49999999999999956,1.4338837391175583,0.09903113209758097,1.0000000000000002,0.0,1,1
118911,1.0,1.0,2.0,1.0,1.0,11,2,6,1.258819045102521,0.0340741737109318,1.9749279121818235,0.7774790660436857,1.0000000000000002,0.0,1,1
17452,2.0,1.0,1.0,2.0,1.0,8,2,2,1.8660254037844388,0.5000000000000002,1.9749279121818235,0.7774790660436857,1.8660254037844386,1.5,1,1
27879,1.0,2.0,3.0,1.0,1.0,18,4,11,0.0,0.9999999999999998,0.5661162608824419,0.09903113209758085,0.49999999999999956,1.8660254037844384,1,1
165942,1.0,1.0,1.0,1.0,1.0,7,5,11,1.9659258262890682,0.7411809548974794,0.02507208781817638,0.7774790660436854,0.49999999999999956,1.8660254037844384,1,1
49689,1.0,1.0,1.0,1.0,1.0,13,2,9,0.7411809548974793,0.03407417371093169,1.9749279121818235,0.7774790660436857,0.0,0.9999999999999998,1,1
164620,1.0,1.0,4.0,1.0,1.0,16,3,3,0.13397459621556151,0.49999999999999956,1.4338837391175583,0.09903113209758097,2.0,1.0,2,1
170196,1.0,1.0,3.0,1.0,1.0,16,5,5,0.13397459621556151,0.49999999999999956,0.02507208781817638,0.7774790660436854,1.5,0.1339745962155613,1,1
11861,1.0,3.0,3.0,1.0,1.0,5,4,12,1.9659258262890682,1.2588190451025207,0.5661162608824419,0.09903113209758085,0.9999999999999998,2.0,2,1
138023,1.0,1.0,2.0,1.0,1.0,11,5,5,1.258819045102521,0.0340741737109318,0.02507208781817638,0.7774790660436854,1.5,0.1339745962155613,2,1
6556,1.0,1.0,1.0,1.0,1.0,17,5,9,0.03407417371093169,0.7411809548974794,0.02507208781817638,0.7774790660436854,0.0,0.9999999999999998,2,1
41926,1.0,1.0,2.0,1.0,1.0,16,1,4,0.13397459621556151,0.49999999999999956,1.78183148246803,1.6234898018587336,1.8660254037844388,0.5000000000000002,2,1
178019,2.0,3.0,1.0,2.0,1.0,8,4,11,1.8660254037844388,0.5000000000000002,0.5661162608824419,0.09903113209758085,0.49999999999999956,1.8660254037844384,1,1
180397,1.0,1.0,2.0,1.0,1.0,7,4,1,1.9659258262890682,0.7411809548974794,0.5661162608824419,0.09903113209758085,1.5,1.8660254037844388,1,1
139804,2.0,1.0,2.0,2.0,1.0,8,5,3,1.8660254037844388,0.5000000000000002,0.02507208781817638,0.7774790660436854,2.0,1.0,1,1
95440,1.0,3.0,3.0,1.0,1.0,22,7,11,0.49999999999999956,1.8660254037844384,0.9999999999999998,2.0,0.49999999999999956,1.8660254037844384,2,1
127496,1.0,1.0,2.0,1.0,1.0,16,3,6,0.13397459621556151,0.49999999999999956,1.4338837391175583,0.09903113209758097,1.0000000000000002,0.0,1,1
65665,2.0,1.0,1.0,2.0,1.0,8,3,6,1.8660254037844388,0.5000000000000002,1.4338837391175583,0.09903113209758097,1.0000000000000002,0.0,2,1
191270,1.0,1.0,2.0,1.0,1.0,7,4,5,1.9659258262890682,0.7411809548974794,0.5661162608824419,0.09903113209758085,1.5,0.1339745962155613,1,1
170059,1.0,1.0,2.0,1.0,1.0,17,3,6,0.03407417371093169,0.7411809548974794,1.4338837391175583,0.09903113209758097,1.0000000000000002,0.0,1,1
179428,1.0,3.0,2.0,1.0,1.0,17,3,11,0.03407417371093169,0.7411809548974794,1.4338837391175583,0.09903113209758097,0.49999999999999956,1.8660254037844384,1,1
30702,1.0,1.0,3.0,1.0,1.0,11,4,11,1.258819045102521,0.0340741737109318,0.5661162608824419,0.09903113209758085,0.49999999999999956,1.8660254037844384,1,1
114782,1.0,1.0,3.0,1.0,1.0,11,1,12,1.258819045102521,0.0340741737109318,1.78183148246803,1.6234898018587336,0.9999999999999998,2.0,1,1
6638,2.0,1.0,2.0,2.0,1.0,12,4,6,1.0000000000000002,0.0,0.5661162608824419,0.09903113209758085,1.0000000000000002,0.0,1,0
27829,1.0,1.0,1.0,1.0,1.0,16,5,9,0.13397459621556151,0.49999999999999956,0.02507208781817638,0.7774790660436854,0.0,0.9999999999999998,1,1
31542,1.0,3.0,1.0,1.0,1.0,23,6,3,0.7411809548974784,1.9659258262890682,0.21816851753197009,1.6234898018587334,2.0,1.0,2,1
81622,1.0,1.0,2.0,1.0,1.0,14,3,11,0.5000000000000002,0.13397459621556118,1.4338837391175583,0.09903113209758097,0.49999999999999956,1.8660254037844384,2,1
182523,1.0,1.0,1.0,1.0,1.0,11,4,9,1.258819045102521,0.0340741737109318,0.5661162608824419,0.09903113209758085,0.0,0.9999999999999998,1,1
69375,1.0,1.0,2.0,2.0,1.0,13,4,8,0.7411809548974793,0.03407417371093169,0.5661162608824419,0.09903113209758085,0.13397459621556151,0.49999999999999956,2,1
100295,1.0,1.0,2.0,1.0,1.0,13,1,6,0.7411809548974793,0.03407417371093169,1.78183148246803,1.6234898018587336,1.0000000000000002,0.0,1,1
51896,1.0,1.0,3.0,1.0,1.0,6,5,6,2.0,1.0,0.02507208781817638,0.7774790660436854,1.0000000000000002,0.0,1,1
12923,1.0,1.0,2.0,1.0,1.0,18,4,9,0.0,0.9999999999999998,0.5661162608824419,0.09903113209758085,0.0,0.9999999999999998,1,1
144348,1.0,1.0,3.0,1.0,1.0,9,2,3,1.7071067811865475,0.29289321881345254,1.9749279121818235,0.7774790660436857,2.0,1.0,2,1
37037,1.0,1.0,4.0,1.0,1.0,11,7,6,1.258819045102521,0.0340741737109318,0.9999999999999998,2.0,1.0000000000000002,0.0,1,1
127171,1.0,1.0,3.0,1.0,1.0,17,7,2,0.03407417371093169,0.7411809548974794,0.9999999999999998,2.0,1.8660254037844386,1.5,1,1
55646,1.0,3.0,3.0,1.0,1.0,19,5,2,0.03407417371093158,1.2588190451025203,0.02507208781817638,0.7774790660436854,1.8660254037844386,1.5,1,1
178390,1.0,1.0,2.0,1.0,1.0,15,5,6,0.29289321881345287,0.2928932188134521,0.02507208781817638,0.7774790660436854,1.0000000000000002,0.0,2,1
53188,1.0,1.0,3.0,1.0,1.0,15,1,4,0.29289321881345287,0.2928932188134521,1.78183148246803,1.6234898018587336,1.8660254037844388,0.5000000000000002,1,1
68962,1.0,1.0,3.0,1.0,1.0,6,4,3,2.0,1.0,0.5661162608824419,0.09903113209758085,2.0,1.0,1,1
126477,1.0,1.0,3.0,1.0,1.0,10,7,5,1.5,0.1339745962155613,0.9999999999999998,2.0,1.5,0.1339745962155613,1,1
72895,1.0,1.0,3.0,1.0,1.0,16,4,10,0.13397459621556151,0.49999999999999956,0.5661162608824419,0.09903113209758085,0.1339745962155614,1.5,2,1
28581,1.0,1.0,1.0,1.0,1.0,11,2,11,1.258819045102521,0.0340741737109318,1.9749279121818235,0.7774790660436857,0.49999999999999956,1.8660254037844384,2,1
92093,1.0,1.0,2.0,1.0,1.0,11,4,10,1.258819045102521,0.0340741737109318,0.5661162608824419,0.09903113209758085,0.1339745962155614,1.5,2,1
46069,1.0,1.0,2.0,1.0,1.0,11,6,12,1.258819045102521,0.0340741737109318,0.21816851753197009,1.6234898018587334,0.9999999999999998,2.0,2,1
55219,1.0,1.0,3.0,1.0,1.0,7,3,11,1.9659258262890682,0.7411809548974794,1.4338837391175583,0.09903113209758097,0.49999999999999956,1.8660254037844384,2,1
123659,1.0,3.0,2.0,1.0,1.0,20,6,8,0.1339745962155614,1.5,0.21816851753197009,1.6234898018587334,0.13397459621556151,0.49999999999999956,1,1
203680,1.0,1.0,1.0,1.0,1.0,15,3,10,0.29289321881345287,0.2928932188134521,1.4338837391175583,0.09903113209758097,0.1339745962155614,1.5,1,1
169323,1.0,1.0,2.0,1.0,1.0,12,3,12,1.0000000000000002,0.0,1.4338837391175583,0.09903113209758097,0.9999999999999998,2.0,1,1
66800,1.0,1.0,1.0,1.0,1.0,12,5,7,1.0000000000000002,0.0,0.02507208781817638,0.7774790660436854,0.5000000000000002,0.13397459621556118,1,1
71093,2.0,1.0,2.0,2.0,1.0,15,6,5,0.29289321881345287,0.2928932188134521,0.21816851753197009,1.6234898018587334,1.5,0.1339745962155613,1,1
33831,1.0,1.0,3.0,1.0,1.0,14,1,6,0.5000000000000002,0.13397459621556118,1.78183148246803,1.6234898018587336,1.0000000000000002,0.0,2,1
200942,1.0,2.0,2.0,1.0,1.0,16,3,9,0.13397459621556151,0.49999999999999956,1.4338837391175583,0.09903113209758097,0.0,0.9999999999999998,1,1
88589,1.0,1.0,3.0,1.0,1.0,23,1,5,0.7411809548974784,1.9659258262890682,1.78183148246803,1.6234898018587336,1.5,0.1339745962155613,1,1
64462,1.0,2.0,3.0,1.0,1.0,17,1,1,0.03407417371093169,0.7411809548974794,1.78183148246803,1.6234898018587336,1.5,1.8660254037844388,2,1
66023,2.0,3.0,3.0,2.0,1.0,16,6,11,0.13397459621556151,0.49999999999999956,0.21816851753197009,1.6234898018587334,0.49999999999999956,1.8660254037844384,2,1
39285,1.0,1.0,1.0,1.0,1.0,18,4,7,0.0,0.9999999999999998,0.5661162608824419,0.09903113209758085,0.5000000000000002,0.13397459621556118,1,1
149183,1.0,4.0,3.0,1.0,1.0,18,6,2,0.0,0.9999999999999998,0.21816851753197009,1.6234898018587334,1.8660254037844386,1.5,2,1
20776,1.0,3.0,1.0,1.0,1.0,19,3,2,0.03407417371093158,1.2588190451025203,1.4338837391175583,0.09903113209758097,1.8660254037844386,1.5,1,1
54594,2.0,1.0,1.0,2.0,1.0,9,3,9,1.7071067811865475,0.29289321881345254,1.4338837391175583,0.09903113209758097,0.0,0.9999999999999998,2,1
19105,1.0,1.0,1.0,1.0,1.0,9,3,5,1.7071067811865475,0.29289321881345254,1.4338837391175583,0.09903113209758097,1.5,0.1339745962155613,1,1
79867,1.0,2.0,1.0,2.0,2.0,20,6,5,0.1339745962155614,1.5,0.21816851753197009,1.6234898018587334,1.5,0.1339745962155613,1,1
66183,1.0,1.0,1.0,2.0,1.0,7,2,4,1.9659258262890682,0.7411809548974794,1.9749279121818235,0.7774790660436857,1.8660254037844388,0.5000000000000002,2,1
13136,3.0,1.0,1.0,2.0,1.0,11,2,1,1.258819045102521,0.0340741737109318,1.9749279121818235,0.7774790660436857,1.5,1.8660254037844388,2,1
36842,1.0,3.0,3.0,1.0,1.0,5,5,12,1.9659258262890682,1.2588190451025207,0.02507208781817638,0.7774790660436854,0.9999999999999998,2.0,1,1
69384,2.0,1.0,2.0,2.0,1.0,7,5,7,1.9659258262890682,0.7411809548974794,0.02507208781817638,0.7774790660436854,0.5000000000000002,0.13397459621556118,1,1
43915,2.0,2.0,1.0,2.0,1.0,19,3,10,0.03407417371093158,1.2588190451025203,1.4338837391175583,0.09903113209758097,0.1339745962155614,1.5,1,1
100678,1.0,1.0,2.0,2.0,2.0,10,3,11,1.5,0.1339745962155613,1.4338837391175583,0.09903113209758097,0.49999999999999956,1.8660254037844384,1,1
33720,1.0,1.0,1.0,1.0,1.0,8,5,9,1.8660254037844388,0.5000000000000002,0.02507208781817638,0.7774790660436854,0.0,0.9999999999999998,2,1
51303,2.0,3.0,2.0,2.0,1.0,21,5,8,0.2928932188134523,1.7071067811865475,0.02507208781817638,0.7774790660436854,0.13397459621556151,0.49999999999999956,2,1
173799,1.0,1.0,1.0,1.0,1.0,13,5,7,0.7411809548974793,0.03407417371093169,0.02507208781817638,0.7774790660436854,0.5000000000000002,0.13397459621556118,1,1
49245,1.0,1.0,1.0,1.0,1.0,12,1,12,1.0000000000000002,0.0,1.78183148246803,1.6234898018587336,0.9999999999999998,2.0,2,1
155382,3.0,2.0,1.0,3.0,1.0,17,2,2,0.03407417371093169,0.7411809548974794,1.9749279121818235,0.7774790660436857,1.8660254037844386,1.5,2,1
169320,1.0,3.0,1.0,1.0,1.0,20,5,11,0.1339745962155614,1.5,0.02507208781817638,0.7774790660436854,0.49999999999999956,1.8660254037844384,1,1
34134,1.0,1.0,3.0,1.0,1.0,8,3,1,1.8660254037844388,0.5000000000000002,1.4338837391175583,0.09903113209758097,1.5,1.8660254037844388,1,1
71810,1.0,1.0,2.0,1.0,1.0,10,4,2,1.5,0.1339745962155613,0.5661162608824419,0.09903113209758085,1.8660254037844386,1.5,2,1
143625,1.0,1.0,2.0,1.0,1.0,16,6,7,0.13397459621556151,0.49999999999999956,0.21816851753197009,1.6234898018587334,0.5000000000000002,0.13397459621556118,2,1
90073,1.0,1.0,2.0,1.0,1.0,15,1,4,0.29289321881345287,0.2928932188134521,1.78183148246803,1.6234898018587336,1.8660254037844388,0.5000000000000002,1,1
28579,1.0,1.0,1.0,1.0,1.0,17,2,8,0.03407417371093169,0.7411809548974794,1.9749279121818235,0.7774790660436857,0.13397459621556151,0.49999999999999956,1,1
32481,1.0,3.0,1.0,1.0,1.0,23,6,10,0.7411809548974784,1.9659258262890682,0.21816851753197009,1.6234898018587334,0.1339745962155614,1.5,1,1
99523,1.0,1.0,1.0,1.0,1.0,13,7,12,0.7411809548974793,0.03407417371093169,0.9999999999999998,2.0,0.9999999999999998,2.0,2,0
189760,1.0,2.0,3.0,1.0,1.0,19,5,7,0.03407417371093158,1.2588190451025203,0.02507208781817638,0.7774790660436854,0.5000000000000002,0.13397459621556118,1,1
114372,1.0,3.0,1.0,1.0,1.0,19,3,4,0.03407417371093158,1.2588190451025203,1.4338837391175583,0.09903113209758097,1.8660254037844388,0.5000000000000002,1,0
25479,1.0,4.0,2.0,1.0,1.0,21,6,7,0.2928932188134523,1.7071067811865475,0.21816851753197009,1.6234898018587334,0.5000000000000002,0.13397459621556118,1,1
176184,1.0,1.0,2.0,1.0,1.0,11,2,2,1.258819045102521,0.0340741737109318,1.9749279121818235,0.7774790660436857,1.8660254037844386,1.5,1,1
132686,1.0,1.0,1.0,1.0,1.0,14,4,12,0.5000000000000002,0.13397459621556118,0.5661162608824419,0.09903113209758085,0.9999999999999998,2.0,1,1
20266,1.0,1.0,1.0,1.0,1.0,19,2,5,0.03407417371093158,1.2588190451025203,1.9749279121818235,0.7774790660436857,1.5,0.1339745962155613,1,1
85023,1.0,1.0,2.0,1.0,1.0,12,6,8,1.0000000000000002,0.0,0.21816851753197009,1.6234898018587334,0.13397459621556151,0.49999999999999956,1,1
181666,1.0,1.0,1.0,1.0,1.0,17,5,5,0.03407417371093169,0.7411809548974794,0.02507208781817638,0.7774790660436854,1.5,0.1339745962155613,1,1
109448,1.0,3.0,1.0,1.0,1.0,20,1,3,0.1339745962155614,1.5,1.78183148246803,1.6234898018587336,2.0,1.0,1,1
198510,1.0,1.0,1.0,1.0,1.0,15,1,8,0.29289321881345287,0.2928932188134521,1.78183148246803,1.6234898018587336,0.13397459621556151,0.49999999999999956,2,1
143703,2.0,3.0,1.0,2.0,1.0,17,5,12,0.03407417371093169,0.7411809548974794,0.02507208781817638,0.7774790660436854,0.9999999999999998,2.0,2,1
42524,1.0,1.0,1.0,1.0,1.0,19,6,6,0.03407417371093158,1.2588190451025203,0.21816851753197009,1.6234898018587334,1.0000000000000002,0.0,1,1
63259,3.0,4.0,2.0,2.0,1.0,19,6,1,0.03407417371093158,1.2588190451025203,0.21816851753197009,1.6234898018587334,1.5,1.8660254037844388,2,1
41862,2.0,2.0,3.0,2.0,1.0,17,1,10,0.03407417371093169,0.7411809548974794,1.78183148246803,1.6234898018587336,0.1339745962155614,1.5,1,1
92301,1.0,1.0,3.0,1.0,1.0,13,1,11,0.7411809548974793,0.03407417371093169,1.78183148246803,1.6234898018587336,0.49999999999999956,1.8660254037844384,2,1
65215,1.0,1.0,1.0,1.0,1.0,18,1,8,0.0,0.9999999999999998,1.78183148246803,1.6234898018587336,0.13397459621556151,0.49999999999999956,1,1
183537,1.0,3.0,3.0,1.0,1.0,23,7,11,0.7411809548974784,1.9659258262890682,0.9999999999999998,2.0,0.49999999999999956,1.8660254037844384,1,1