Unnamed: 0,weather_condition,lighting_condition,trafficway_type,roadway_surface_cond,road_defect,crash_hour,crash_day_of_week,crash_month,crash_hour_sin,crash_hour_cos,crash_day_sin,crash_day_cos,crash_month_sin,crash_month_cos,crash_type,intersection_related_i
199132,1.0,1.0,1.0,1.0,1.0,8,4,8,1.8660254037844388,0.5000000000000002,0.5661162608824419,0.09903113209758085,0.13397459621556151,0.49999999999999956,1,1
32728,4.0,3.0,3.0,2.0,1.0,19,6,3,0.03407417371093158,1.2588190451025203,0.21816851753197009,1.6234898018587334,2.0,1.0,1,1
123215,1.0,1.0,1.0,1.0,1.0,10,4,5,1.5,0.1339745962155613,0.5661162608824419,0.09903113209758085,1.5,0.1339745962155613,1,1
156855,1.0,2.0,1.0,2.0,1.0,17,2,10,0.03407417371093169,0.7411809548974794,1.9749279121818235,0.7774790660436857,0.1339745962155614,1.5,1,1
190753,1.0,1.0,4.0,1.0,1.0,7,5,8,1.9659258262890682,0.7411809548974794,0.02507208781817638,0.7774790660436854,0.13397459621556151,0.49999999999999956,1,1
12418,1.0,3.0,1.0,1.0,1.0,20,6,3,0.1339745962155614,1.5,0.21816851753197009,1.6234898018587334,2.0,1.0,1,1
159356,1.0,1.0,2.0,1.0,1.0,7,3,9,1.9659258262890682,0.7411809548974794,1.4338837391175583,0.09903113209758097,0.0,0.9999999999999998,1,1
57839,3.0,1.0,3.0,2.0,1.0,11,2,1,1.258819045102521,0.0340741737109318,1.9749279121818235,0.7774790660436857,1.5,1.8660254037844388,2,1
79765,1.0,1.0,1.0,1.0,1.0,8,3,3,1.8660254037844388,0.5000000000000002,1.4338837391175583,0.09903113209758097,2.0,1.0,1,1
8003,1.0,1.0,2.0,1.0,1.0,14,5,9,0.5000000000000002,0.13397459621556118,0.02507208781817638,0.7774790660436854,0.0,0.9999999999999998,1,1
10114,1.0,1.0,1.0,1.0,1.0,9,5,10,1.7071067811865475,0.29289321881345254,0.02507208781817638,0.7774790660436854,0.1339745962155614,1.5,2,1
51409,1.0,1.0,2.0,1.0,1.0,16,5,11,0.13397459621556151,0.49999999999999956,0.02507208781817638,0.7774790660436854,0.49999999999999956,1.8660254037844384,1,1
13416,1.0,2.0,1.0,1.0,1.0,22,6,6,0.49999999999999956,1.8660254037844384,0.21816851753197009,1.6234898018587334,1.0000000000000002,0.0,1,1
44556,1.0,1.0,1.0,3.0,1.0,8,3,1,1.8660254037844388,0.5000000000000002,1.4338837391175583,0.09903113209758097,1.5,1.8660254037844388,1,1
38646,1.0,1.0,1.0,1.0,1.0,9,5,3,1.7071067811865475,0.29289321881345254,0.02507208781817638,0.7774790660436854,2.0,1.0,1,1
74158,1.0,2.0,1.0,1.0,1.0,20,5,7,0.1339745962155614,1.5,0.02507208781817638,0.7774790660436854,0.5000000000000002,0.13397459621556118,1,1
97947,1.0,1.0,1.0,2.0,1.0,13,7,2,0.7411809548974793,0.03407417371093169,0.9999999999999998,2.0,1.8660254037844386,1.5,2,1
107420,1.0,2.0,2.0,1.0,4.0,17,6,11,0.03407417371093169,0.7411809548974794,0.21816851753197009,1.6234898018587334,0.49999999999999956,1.8660254037844384,1,1
5413,1.0,2.0,2.0,1.0,1.0,18,2,11,0.0,0.9999999999999998,1.9749279121818235,0.7774790660436857,0.49999999999999956,1.8660254037844384,2,1
45327,1.0,1.0,3.0,1.0,1.0,16,6,12,0.13397459621556151,0.49999999999999956,0.21816851753197009,1.6234898018587334,0.9999999999999998,2.0,1,1
55134,1.0,1.0,1.0,1.0,1.0,15,2,10,0.29289321881345287,0.2928932188134521,1.9749279121818235,0.7774790660436857,0.1339745962155614,1.5,2,1
125187,1.0,3.0,3.0,1.0,1.0,21,4,6,0.2928932188134523,1.7071067811865475,0.5661162608824419,0.09903113209758085,1.0000000000000002,0.0,1,1
118173,1.0,1.0,2.0,2.0,1.0,15,6,1,0.29289321881345287,0.2928932188134521,0.21816851753197009,1.6234898018587334,1.5,1.8660254037844388,2,1
182346,1.0,1.0,1.0,1.0,1.0,10,4,8,1.5,0.1339745962155613,0.5661162608824419,0.09903113209758085,0.13397459621556151,0.49999999999999956,1,1
22347,1.0,1.0,1.0,1.0,1.0,13,3,9,0.7411809548974793,0.03407417371093169,1.4338837391175583,0.09903113209758097,0.0,0.9999999999999998,1,1
119518,1.0,1.0,1.0,1.0,1.0,12,6,7,1.0000000000000002,0.0,0.21816851753197009,1.6234898018587334,0.5000000000000002,0.13397459621556118,1,1
154198,1.0,3.0,1.0,1.0,1.0,19,5,12,0.03407417371093158,1.2588190451025203,0.02507208781817638,0.7774790660436854,0.9999999999999998,2.0,1,1
177985,1.0,1.0,2.0,1.0,1.0,17,5,6,0.03407417371093169,0.7411809548974794,0.02507208781817638,0.7774790660436854,1.0000000000000002,0.0,1,1
56603,1.0,1.0,1.0,1.0,1.0,9,2,10,1.7071067811865475,0.29289321881345254,1.9749279121818235,0.7774790660436857,0.1339745962155614,1.5,1,1
187105,1.0,1.0,3.0,1.0,1.0,18,1,8,0.0,0.9999999999999998,1.78183148246803,1.6234898018587336,0.13397459621556151,0.49999999999999956,2,1
64881,1.0,1.0,2.0,1.0,1.0,9,2,10,1.7071067811865475,0.29289321881345254,1.9749279121818235,0.7774790660436857,0.1339745962155614,1.5,2,1
65910,1.0,1.0,1.0,1.0,1.0,10,2,4,1.5,0.1339745962155613,1.9749279121818235,0.7774790660436857,1.8660254037844388,0.5000000000000002,2,1
125761,1.0,1.0,1.0,1.0,1.0,15,5,8,0.29289321881345287,0.2928932188134521,0.02507208781817638,0.7774790660436854,0.13397459621556151,0.49999999999999956,1,1
14406,1.0,2.0,1.0,1.0,1.0,18,7,3,0.0,0.9999999999999998,0.9999999999999998,2.0,2.0,1.0,1,1
57668,3.0,3.0,1.0,3.0,1.0,21,4,2,0.2928932188134523,1.7071067811865475,0.5661162608824419,0.09903113209758085,1.8660254037844386,1.5,1,1
174239,1.0,1.0,3.0,1.0,1.0,18,5,7,0.0,0.9999999999999998,0.02507208781817638,0.7774790660436854,0.5000000000000002,0.13397459621556118,2,0
86381,1.0,1.0,1.0,1.0,1.0,11,4,9,1.258819045102521,0.0340741737109318,0.5661162608824419,0.09903113209758085,0.0,0.9999999999999998,1,1
936,1.0,1.0,1.0,1.0,1.0,8,6,4,1.8660254037844388,0.5000000000000002,0.21816851753197009,1.6234898018587334,1.8660254037844388,0.5000000000000002,1,1
114751,1.0,1.0,1.0,2.0,1.0,7,3,1,1.9659258262890682,0.7411809548974794,1.4338837391175583,0.09903113209758097,1.5,1.8660254037844388,2,1
122090,1.0,1.0,1.0,1.0,1.0,11,5,1,1.258819045102521,0.0340741737109318,0.02507208781817638,0.7774790660436854,1.5,1.8660254037844388,1,1
128457,2.0,3.0,2.0,2.0,1.0,17,6,11,0.03407417371093169,0.7411809548974794,0.21816851753197009,1.6234898018587334,0.49999999999999956,1.8660254037844384,2,1
52480,1.0,1.0,1.0,1.0,1.0,8,5,12,1.8660254037844388,0.5000000000000002,0.02507208781817638,0.7774790660436854,0.9999999999999998,2.0,1,1
193220,1.0,3.0,1.0,1.0,1.0,23,1,11,0.7411809548974784,1.9659258262890682,1.78183148246803,1.6234898018587336,0.49999999999999956,1.8660254037844384,2,1
101561,1.0,1.0,2.0,1.0,1.0,7,3,5,1.9659258262890682,0.7411809548974794,1.4338837391175583,0.09903113209758097,1.5,0.1339745962155613,1,1
130969,1.0,2.0,3.0,2.0,1.0,17,4,11,0.03407417371093169,0.7411809548974794,0.5661162608824419,0.09903113209758085,0.49999999999999956,1.8660254037844384,2,1
176601,1.0,1.0,1.0,1.0,1.0,9,6,1,1.7071067811865475,0.29289321881345254,0.21816851753197009,1.6234898018587334,1.5,1.8660254037844388,2,1
181123,1.0,1.0,3.0,1.0,1.0,9,2,7,1.7071067811865475,0.29289321881345254,1.9749279121818235,0.7774790660436857,0.5000000000000002,0.13397459621556118,2,1
78728,1.0,1.0,1.0,1.0,1.0,20,2,6,0.1339745962155614,1.5,1.9749279121818235,0.7774790660436857,1.0000000000000002,0.0,1,1
184735,2.0,1.0,2.0,2.0,1.0,8,6,5,1.8660254037844388,0.5000000000000002,0.21816851753197009,1.6234898018587334,1.5,0.1339745962155613,2,1
114982,1.0,2.0,1.0,1.0,1.0,20,5,2,0.1339745962155614,1.5,0.02507208781817638,0.7774790660436854,1.8660254037844386,1.5,1,1
81322,1.0,1.0,2.0,1.0,1.0,18,4,9,0.0,0.9999999999999998,0.5661162608824419,0.09903113209758085,0.0,0.9999999999999998,2,1
148004,1.0,1.0,2.0,1.0,1.0,17,6,6,0.03407417371093169,0.7411809548974794,0.21816851753197009,1.6234898018587334,1.0000000000000002,0.0,1,1
195992,2.0,2.0,2.0,2.0,1.0,17,6,10,0.03407417371093169,0.7411809548974794,0.21816851753197009,1.6234898018587334,0.1339745962155614,1.5,2,1
184175,1.0,3.0,3.0,1.0,1.0,17,4,11,0.03407417371093169,0.7411809548974794,0.5661162608824419,0.09903113209758085,0.49999999999999956,1.8660254037844384,1,1
141840,1.0,1.0,1.0,1.0,1.0,10,3,10,1.5,0.1339745962155613,1.4338837391175583,0.09903113209758097,0.1339745962155614,1.5,1,1
137108,1.0,1.0,2.0,1.0,1.0,8,6,3,1.8660254037844388,0.5000000000000002,0.21816851753197009,1.6234898018587334,2.0,1.0,1,1
187149,1.0,1.0,2.0,3.0,1.0,15,3,1,0.29289321881345287,0.2928932188134521,1.4338837391175583,0.09903113209758097,1.5,1.8660254037844388,1,1
57040,1.0,1.0,1.0,1.0,1.0,8,5,3,1.8660254037844388,0.5000000000000002,0.02507208781817638,0.7774790660436854,2.0,1.0,1,1
92394,1.0,3.0,1.0,1.0,1.0,19,4,1,0.03407417371093158,1.2588190451025203,0.5661162608824419,0.09903113209758085,1.5,1.8660254037844388,1,1
140277,1.0,1.0,1.0,1.0,1.0,15,3,6,0.29289321881345287,0.2928932188134521,1.4338837391175583,0.09903113209758097,1.0000000000000002,0.0,2,1
41656,1.0,1.0,1.0,1.0,1.0,16,4,8,0.13397459621556151,0.49999999999999956,0.5661162608824419,0.09903113209758085,0.13397459621556151,0.49999999999999956,1,0
15204,1.0,2.0,1.0,1.0,1.0,19,5,2,0.03407417371093158,1.2588190451025203,0.02507208781817638,0.7774790660436854,1.8660254037844386,1.5,1,1
74156,1.0,1.0,1.0,1.0,1.0,16,7,7,0.13397459621556151,0.49999999999999956,0.9999999999999998,2.0,0.5000000000000002,0.13397459621556118,1,0
81332,1.0,2.0,1.0,1.0,1.0,19,1,6,0.03407417371093158,1.2588190451025203,1.78183148246803,1.6234898018587336,1.0000000000000002,0.0,1,1
68008,1.0,1.0,3.0,1.0,1.0,14,2,7,0.5000000000000002,0.13397459621556118,1.9749279121818235,0.7774790660436857,0.5000000000000002,0.13397459621556118,1,1
145206,1.0,3.0,3.0,1.0,1.0,18,6,12,0.0,0.9999999999999998,0.21816851753197009,1.6234898018587334,0.9999999999999998,2.0,2,1
125099,2.0,1.0,1.0,2.0,1.0,14,6,3,0.5000000000000002,0.13397459621556118,0.21816851753197009,1.6234898018587334,2.0,1.0,1,1
177325,1.0,1.0,1.0,1.0,1.0,15,7,9,0.29289321881345287,0.2928932188134521,0.9999999999999998,2.0,0.0,0.9999999999999998,1,1
208249,3.0,1.0,3.0,3.0,1.0,9,6,1,1.7071067811865475,0.29289321881345254,0.21816851753197009,1.6234898018587334,1.5,1.8660254037844388,1,1
78708,1.0,1.0,1.0,1.0,1.0,15,5,12,0.29289321881345287,0.2928932188134521,0.02507208781817638,0.7774790660436854,0.9999999999999998,2.0,2,1
34503,1.0,1.0,1.0,1.0,1.0,8,6,9,1.8660254037844388,0.5000000000000002,0.21816851753197009,1.6234898018587334,0.0,0.9999999999999998,1,1
38484,1.0,4.0,1.0,1.0,1.0,16,7,11,0.13397459621556151,0.49999999999999956,0.9999999999999998,2.0,0.49999999999999956,1.8660254037844384,2,1
102741,1.0,1.0,1.0,1.0,1.0,8,4,4,1.8660254037844388,0.5000000000000002,0.5661162608824419,0.09903113209758085,1.8660254037844388,0.5000000000000002,1,1
188195,1.0,1.0,3.0,1.0,1.0,11,5,12,1.258819045102521,0.0340741737109318,0.02507208781817638,0.7774790660436854,0.9999999999999998,2.0,2,1
58145,2.0,2.0,3.0,2.0,1.0,17,2,4,0.03407417371093169,0.7411809548974794,1.9749279121818235,0.7774790660436857,1.8660254037844388,0.5000000000000002,2,1
138249,1.0,1.0,3.0,1.0,1.0,9,6,6,1.7071067811865475,0.29289321881345254,0.21816851753197009,1.6234898018587334,1.0000000000000002,0.0,2,1
56812,1.0,1.0,3.0,1.0,1.0,14,3,11,0.5000000000000002,0.13397459621556118,1.4338837391175583,0.09903113209758097,0.49999999999999956,1.8660254037844384,2,1
168828,1.0,3.0,3.0,1.0,1.0,22,7,3,0.49999999999999956,1.8660254037844384,0.9999999999999998,2.0,2.0,1.0,2,1
184902,1.0,1.0,1.0,2.0,1.0,11,3,11,1.258819045102521,0.0340741737109318,1.4338837391175583,0.09903113209758097,0.49999999999999956,1.8660254037844384,1,1
31454,2.0,3.0,3.0,1.0,1.0,19,6,12,0.03407417371093158,1.2588190451025203,0.21816851753197009,1.6234898018587334,0.9999999999999998,2.0,1,1
22551,1.0,3.0,1.0,1.0,1.0,20,7,10,0.1339745962155614,1.5,0.9999999999999998,2.0,0.1339745962155614,1.5,1,1
118774,1.0,3.0,3.0,1.0,1.0,22,7,2,0.49999999999999956,1.8660254037844384,0.9999999999999998,2.0,1.8660254037844386,1.5,2,1
97190,1.0,1.0,2.0,1.0,1.0,7,3,9,1.9659258262890682,0.7411809548974794,1.4338837391175583,0.09903113209758097,0.0,0.9999999999999998,1,1
170219,1.0,1.0,2.0,1.0,1.0,15,2,5,0.29289321881345287,0.2928932188134521,1.9749279121818235,0.7774790660436857,1.5,0.1339745962155613,2,1
86156,1.0,1.0,1.0,1.0,1.0,17,1,9,0.03407417371093169,0.7411809548974794,1.78183148246803,1.6234898018587336,0.0,0.9999999999999998,2,0
11325,1.0,1.0,1.0,1.0,1.0,9,5,10,1.7071067811865475,0.29289321881345254,0.02507208781817638,0.7774790660436854,0.1339745962155614,1.5,1,1
207539,1.0,1.0,3.0,1.0,1.0,18,1,12,0.0,0.9999999999999998,1.78183148246803,1.6234898018587336,0.9999999999999998,2.0,1,1
178988,1.0,1.0,2.0,1.0,1.0,12,6,7,1.0000000000000002,0.0,0.21816851753197009,1.6234898018587334,0.5000000000000002,0.13397459621556118,1,1
156547,1.0,1.0,2.0,1.0,1.0,9,6,1,1.7071067811865475,0.29289321881345254,0.21816851753197009,1.6234898018587334,1.5,1.8660254037844388,1,1
21682,1.0,1.0,1.0,1.0,1.0,11,6,3,1.258819045102521,0.0340741737109318,0.21816851753197009,1.6234898018587334,2.0,1.0,2,1
115342,1.0,1.0,1.0,1.0,1.0,12,1,12,1.0000000000000002,0.0,1.78183148246803,1.6234898018587336,0.9999999999999998,2.0,2,1
165412,1.0,1.0,2.0,1.0,1.0,13,2,2,0.7411809548974793,0.03407417371093169,1.9749279121818235,0.7774790660436857,1.8660254037844386,1.5,1,1
152875,1.0,1.0,3.0,1.0,1.0,10,1,5,1.5,0.1339745962155613,1.78183148246803,1.6234898018587336,1.5,0.1339745962155613,2,1
149566,1.0,1.0,3.0,1.0,1.0,10,3,9,1.5,0.1339745962155613,1.4338837391175583,0.09903113209758097,0.0,0.9999999999999998,2,1
156614,1.0,1.0,3.0,1.0,1.0,16,4,8,0.13397459621556151,0.49999999999999956,0.5661162608824419,0.09903113209758085,0.13397459621556151,0.49999999999999956,2,1
83889,1.0,1.0,3.0,1.0,1.0,15,2,5,0.29289321881345287,0.2928932188134521,1.9749279121818235,0.7774790660436857,1.5,0.1339745962155613,2,1
35259,1.0,1.0,1.0,1.0,1.0,10,6,6,1.5,0.1339745962155613,0.21816851753197009,1.6234898018587334,1.0000000000000002,0.0,1,1
108658,3.0,1.0,3.0,3.0,1.0,14,6,1,0.5000000000000002,0.13397459621556118,0.21816851753197009,1.6234898018587334,1.5,1.8660254037844388,2,1
20886,1.0,1.0,1.0,1.0,1.0,15,2,3,0.29289321881345287,0.2928932188134521,1.9749279121818235,0.7774790660436857,2.0,1.0,1,1
180538,3.0,3.0,3.0,4.0,1.0,19,5,1,0.03407417371093158,1.2588190451025203,0.02507208781817638,0.7774790660436854,1.5,1.8660254037844388,2,1
94336,1.0,3.0,3.0,1.0,1.0,22,6,8,0.49999999999999956,1.8660254037844384,0.21816851753197009,1.6234898018587334,0.13397459621556151,0.49999999999999956,2,1
23281,1.0,1.0,1.0,1.0,1.0,13,3,10,0.7411809548974793,0.03407417371093169,1.4338837391175583,0.09903113209758097,0.1339745962155614,1.5,2,1
87477,1.0,3.0,3.0,1.0,1.0,19,7,12,0.03407417371093158,1.2588190451025203,0.9999999999999998,2.0,0.9999999999999998,2.0,1,1
9478,1.0,1.0,2.0,1.0,1.0,8,6,11,1.8660254037844388,0.5000000000000002,0.21816851753197009,1.6234898018587334,0.49999999999999956,1.8660254037844384,1,1
50013,2.0,2.0,2.0,2.0,1.0,18,4,6,0.0,0.9999999999999998,0.5661162608824419,0.09903113209758085,1.0000000000000002,0.0,1,1
34740,1.0,2.0,3.0,1.0,1.0,5,6,8,1.9659258262890682,1.2588190451025207,0.21816851753197009,1.6234898018587334,0.13397459621556151,0.49999999999999956,2,1
77213,1.0,1.0,1.0,2.0,2.0,19,3,8,0.03407417371093158,1.2588190451025203,1.4338837391175583,0.09903113209758097,0.13397459621556151,0.49999999999999956,2,1
82518,1.0,3.0,3.0,1.0,1.0,3,2,6,1.7071067811865475,1.7071067811865475,1.9749279121818235,0.7774790660436857,1.0000000000000002,0.0,1,1
179832,1.0,1.0,3.0,1.0,1.0,17,5,8,0.03407417371093169,0.7411809548974794,0.02507208781817638,0.7774790660436854,0.13397459621556151,0.49999999999999956,2,1
190276,1.0,3.0,2.0,1.0,1.0,22,5,12,0.49999999999999956,1.8660254037844384,0.02507208781817638,0.7774790660436854,0.9999999999999998,2.0,1,1
25991,1.0,1.0,1.0,1.0,1.0,7,5,2,1.9659258262890682,0.7411809548974794,0.02507208781817638,0.7774790660436854,1.8660254037844386,1.5,2,1
103502,1.0,3.0,3.0,1.0,1.0,21,2,4,0.2928932188134523,1.7071067811865475,1.9749279121818235,0.7774790660436857,1.8660254037844388,0.5000000000000002,1,1
164184,1.0,1.0,2.0,1.0,1.0,6,3,5,2.0,1.0,1.4338837391175583,0.09903113209758097,1.5,0.1339745962155613,1,1
187019,1.0,1.0,3.0,1.0,1.0,16,2,4,0.13397459621556151,0.49999999999999956,1.9749279121818235,0.7774790660436857,1.8660254037844388,0.5000000000000002,1,1
170441,1.0,1.0,3.0,1.0,1.0,6,4,7,2.0,1.0,0.5661162608824419,0.09903113209758085,0.5000000000000002,0.13397459621556118,2,0
143438,3.0,3.0,3.0,3.0,1.0,19,5,1,0.03407417371093158,1.2588190451025203,0.02507208781817638,0.7774790660436854,1.5,1.8660254037844388,1,1
73591,1.0,1.0,2.0,1.0,1.0,16,2,6,0.13397459621556151,0.49999999999999956,1.9749279121818235,0.7774790660436857,1.0000000000000002,0.0,1,1
79475,1.0,1.0,2.0,1.0,1.0,21,5,3,0.2928932188134523,1.7071067811865475,0.02507208781817638,0.7774790660436854,2.0,1.0,1,1
18828,1.0,1.0,3.0,2.0,1.0,12,6,1,1.0000000000000002,0.0,0.21816851753197009,1.6234898018587334,1.5,1.8660254037844388,2,1
79822,1.0,1.0,2.0,1.0,1.0,17,3,7,0.03407417371093169,0.7411809548974794,1.4338837391175583,0.09903113209758097,0.5000000000000002,0.13397459621556118,2,1
171101,1.0,2.0,3.0,1.0,1.0,13,4,11,0.7411809548974793,0.03407417371093169,0.5661162608824419,0.09903113209758085,0.49999999999999956,1.8660254037844384,1,1
20867,1.0,2.0,3.0,1.0,1.0,19,3,3,0.03407417371093158,1.2588190451025203,1.4338837391175583,0.09903113209758097,2.0,1.0,1,1
68341,1.0,3.0,1.0,4.0,1.0,19,4,1,0.03407417371093158,1.2588190451025203,0.5661162608824419,0.09903113209758085,1.5,1.8660254037844388,2,1
121747,1.0,1.0,2.0,1.0,1.0,17,2,6,0.03407417371093169,0.7411809548974794,1.9749279121818235,0.7774790660436857,1.0000000000000002,0.0,2,1
39397,1.0,1.0,1.0,1.0,1.0,13,3,10,0.7411809548974793,0.03407417371093169,1.4338837391175583,0.09903113209758097,0.1339745962155614,1.5,1,1
164090,1.0,1.0,1.0,1.0,1.0,16,1,5,0.13397459621556151,0.49999999999999956,1.78183148246803,1.6234898018587336,1.5,0.1339745962155613,2,1
168391,1.0,1.0,2.0,1.0,1.0,11,7,7,1.258819045102521,0.0340741737109318,0.9999999999999998,2.0,0.5000000000000002,0.13397459621556118,2,1
7603,1.0,3.0,3.0,1.0,1.0,20,3,1,0.1339745962155614,1.5,1.4338837391175583,0.09903113209758097,1.5,1.8660254037844388,2,1
164882,1.0,1.0,2.0,1.0,1.0,11,6,8,1.258819045102521,0.0340741737109318,0.21816851753197009,1.6234898018587334,0.13397459621556151,0.49999999999999956,2,1
124714,1.0,3.0,1.0,1.0,1.0,20,7,11,0.1339745962155614,1.5,0.9999999999999998,2.0,0.49999999999999956,1.8660254037844384,1,1
54108,1.0,1.0,3.0,1.0,1.0,11,6,10,1.258819045102521,0.0340741737109318,0.21816851753197009,1.6234898018587334,0.1339745962155614,1.5,1,1
91427,1.0,1.0,1.0,1.0,1.0,14,3,3,0.5000000000000002,0.13397459621556118,1.4338837391175583,0.09903113209758097,2.0,1.0,1,1
106506,1.0,1.0,3.0,1.0,1.0,11,6,1,1.258819045102521,0.0340741737109318,0.21816851753197009,1.6234898018587334,1.5,1.8660254037844388,1,1
98859,1.0,1.0,3.0,2.0,1.0,15,6,10,0.29289321881345287,0.2928932188134521,0.21816851753197009,1.6234898018587334,0.1339745962155614,1.5,1,1
40850,1.0,1.0,2.0,1.0,1.0,15,6,9,0.29289321881345287,0.2928932188134521,0.21816851753197009,1.6234898018587334,0.0,0.9999999999999998,1,0
161728,1.0,3.0,1.0,1.0,1.0,18,1,11,0.0,0.9999999999999998,1.78183148246803,1.6234898018587336,0.49999999999999956,1.8660254037844384,1,1
207826,1.0,3.0,2.0,1.0,1.0,17,1,1,0.03407417371093169,0.7411809548974794,1.78183148246803,1.6234898018587336,1.5,1.8660254037844388,1,0
147178,1.0,3.0,2.0,1.0,1.0,22,2,5,0.49999999999999956,1.8660254037844384,1.9749279121818235,0.7774790660436857,1.5,0.1339745962155613,2,1
18808,1.0,1.0,2.0,1.0,1.0,10,3,7,1.5,0.1339745962155613,1.4338837391175583,0.09903113209758097,0.5000000000000002,0.13397459621556118,1,1
24948,1.0,1.0,2.0,1.0,1.0,12,6,6,1.0000000000000002,0.0,0.21816851753197009,1.6234898018587334,1.0000000000000002,0.0,1,1
47418,1.0,3.0,3.0,1.0,1.0,4,7,7,1.8660254037844386,1.5,0.9999999999999998,2.0,0.5000000000000002,0.13397459621556118,2,1
88571,1.0,1.0,1.0,1.0,1.0,14,4,6,0.5000000000000002,0.13397459621556118,0.5661162608824419,0.09903113209758085,1.0000000000000002,0.0,2,1
26061,1.0,1.0,1.0,1.0,1.0,15,7,3,0.29289321881345287,0.2928932188134521,0.9999999999999998,2.0,2.0,1.0,1,1
182736,1.0,1.0,1.0,1.0,1.0,7,4,7,1.9659258262890682,0.7411809548974794,0.5661162608824419,0.09903113209758085,0.5000000000000002,0.13397459621556118,1,1
161128,1.0,1.0,3.0,1.0,1.0,11,1,1,1.258819045102521,0.0340741737109318,1.78183148246803,1.6234898018587336,1.5,1.8660254037844388,2,1
130207,1.0,3.0,2.0,1.0,1.0,20,6,8,0.1339745962155614,1.5,0.21816851753197009,1.6234898018587334,0.13397459621556151,0.49999999999999956,2,1
132575,1.0,1.0,2.0,1.0,1.0,14,4,6,0.5000000000000002,0.13397459621556118,0.5661162608824419,0.09903113209758085,1.0000000000000002,0.0,1,1
96570,1.0,3.0,1.0,2.0,1.0,23,2,3,0.7411809548974784,1.9659258262890682,1.9749279121818235,0.7774790660436857,2.0,1.0,2,1
16495,1.0,1.0,1.0,1.0,1.0,11,6,3,1.258819045102521,0.0340741737109318,0.21816851753197009,1.6234898018587334,2.0,1.0,1,1
179667,1.0,1.0,2.0,1.0,1.0,14,6,7,0.5000000000000002,0.13397459621556118,0.21816851753197009,1.6234898018587334,0.5000000000000002,0.13397459621556118,1,1
108986,2.0,1.0,1.0,2.0,1.0,21,7,6,0.2928932188134523,1.7071067811865475,0.9999999999999998,2.0,1.0000000000000002,0.0,1,1
27998,1.0,1.0,2.0,1.0,1.0,14,2,1,0.5000000000000002,0.13397459621556118,1.9749279121818235,0.7774790660436857,1.5,1.8660254037844388,1,1
180871,1.0,1.0,2.0,1.0,1.0,13,7,5,0.7411809548974793,0.03407417371093169,0.9999999999999998,2.0,1.5,0.1339745962155613,1,1
86302,1.0,1.0,3.0,1.0,1.0,17,7,8,0.03407417371093169,0.7411809548974794,0.9999999999999998,2.0,0.13397459621556151,0.49999999999999956,2,1
80053,1.0,1.0,3.0,1.0,1.0,17,3,6,0.03407417371093169,0.7411809548974794,1.4338837391175583,0.09903113209758097,1.0000000000000002,0.0,2,1
142963,1.0,1.0,1.0,1.0,1.0,10,5,11,1.5,0.1339745962155613,0.02507208781817638,0.7774790660436854,0.49999999999999956,1.8660254037844384,1,1
151643,1.0,3.0,2.0,1.0,1.0,17,3,12,0.03407417371093169,0.7411809548974794,1.4338837391175583,0.09903113209758097,0.9999999999999998,2.0,2,1
121730,1.0,1.0,3.0,1.0,1.0,10,2,11,1.5,0.1339745962155613,1.9749279121818235,0.7774790660436857,0.49999999999999956,1.8660254037844384,1,1
24900,1.0,3.0,2.0,1.0,1.0,21,4,11,0.2928932188134523,1.7071067811865475,0.5661162608824419,0.09903113209758085,0.49999999999999956,1.8660254037844384,1,1
65690,2.0,3.0,3.0,2.0,1.0,6,7,3,2.0,1.0,0.9999999999999998,2.0,2.0,1.0,2,1
117935,1.0,1.0,1.0,1.0,1.0,7,7,12,1.9659258262890682,0.7411809548974794,0.9999999999999998,2.0,0.9999999999999998,2.0,2,0
134663,1.0,1.0,1.0,1.0,1.0,10,7,5,1.5,0.1339745962155613,0.9999999999999998,2.0,1.5,0.1339745962155613,1,1
41753,1.0,1.0,2.0,1.0,1.0,8,4,9,1.8660254037844388,0.5000000000000002,0.5661162608824419,0.09903113209758085,0.0,0.9999999999999998,1,1
145058,1.0,1.0,3.0,1.0,1.0,16,2,1,0.13397459621556151,0.49999999999999956,1.9749279121818235,0.7774790660436857,1.5,1.8660254037844388,1,1
144707,1.0,1.0,1.0,1.0,1.0,18,2,3,0.0,0.9999999999999998,1.9749279121818235,0.7774790660436857,2.0,1.0,1,1
125843,1.0,1.0,1.0,1.0,1.0,10,7,7,1.5,0.1339745962155613,0.9999999999999998,2.0,0.5000000000000002,0.13397459621556118,2,1
163325,1.0,1.0,1.0,1.0,1.0,17,4,10,0.03407417371093169,0.7411809548974794,0.5661162608824419,0.09903113209758085,0.1339745962155614,1.5,1,1
61299,1.0,3.0,1.0,3.0,1.0,21,4,2,0.2928932188134523,1.7071067811865475,0.5661162608824419,0.09903113209758085,1.8660254037844386,1.5,1,1
108852,1.0,1.0,1.0,1.0,1.0,13,5,6,0.7411809548974793,0.03407417371093169,0.02507208781817638,0.7774790660436854,1.0000000000000002,0.0,2,1
105715,1.0,3.0,1.0,1.0,1.0,19,5,12,0.03407417371093158,1.2588190451025203,0.02507208781817638,0.7774790660436854,0.9999999999999998,2.0,1,1
110509,1.0,1.0,2.0,1.0,1.0,12,2,9,1.0000000000000002,0.0,1.9749279121818235,0.7774790660436857,0.0,0.9999999999999998,1,1
154038,1.0,1.0,2.0,1.0,1.0,6,3,8,2.0,1.0,1.4338837391175583,0.09903113209758097,0.13397459621556151,0.49999999999999956,1,1
131342,1.0,2.0,1.0,1.0,1.0,17,7,3,0.03407417371093169,0.7411809548974794,0.9999999999999998,2.0,2.0,1.0,2,1