Unnamed: 0,weather_condition,lighting_condition,trafficway_type,roadway_surface_cond,road_defect,crash_hour,crash_day_of_week,crash_month,crash_hour_sin,crash_hour_cos,crash_day_sin,crash_day_cos,crash_month_sin,crash_month_cos,crash_type,intersection_related_i
20077,1.0,1.0,2.0,1.0,1.0,11,5,12,1.258819045102521,0.0340741737109318,0.02507208781817638,0.7774790660436854,0.9999999999999998,2.0,1,1
50361,1.0,1.0,1.0,1.0,1.0,9,2,4,1.7071067811865475,0.29289321881345254,1.9749279121818235,0.7774790660436857,1.8660254037844388,0.5000000000000002,2,1
59317,1.0,1.0,3.0,1.0,1.0,18,5,5,0.0,0.9999999999999998,0.02507208781817638,0.7774790660436854,1.5,0.1339745962155613,2,1
203345,1.0,1.0,3.0,1.0,1.0,8,6,11,1.8660254037844388,0.5000000000000002,0.21816851753197009,1.6234898018587334,0.49999999999999956,1.8660254037844384,1,1
104900,3.0,3.0,1.0,3.0,1.0,19,1,1,0.03407417371093158,1.2588190451025203,1.78183148246803,1.6234898018587336,1.5,1.8660254037844388,2,1
123218,1.0,1.0,2.0,2.0,1.0,10,1,10,1.5,0.1339745962155613,1.78183148246803,1.6234898018587336,0.1339745962155614,1.5,2,1
155645,1.0,2.0,2.0,1.0,1.0,5,5,11,1.9659258262890682,1.2588190451025207,0.02507208781817638,0.7774790660436854,0.49999999999999956,1.8660254037844384,1,1
68871,1.0,1.0,1.0,1.0,1.0,15,5,5,0.29289321881345287,0.2928932188134521,0.02507208781817638,0.7774790660436854,1.5,0.1339745962155613,1,1
141792,1.0,1.0,3.0,2.0,1.0,12,1,1,1.0000000000000002,0.0,1.78183148246803,1.6234898018587336,1.5,1.8660254037844388,2,1
35376,3.0,1.0,2.0,3.0,1.0,14,4,2,0.5000000000000002,0.13397459621556118,0.5661162608824419,0.09903113209758085,1.8660254037844386,1.5,1,1
109714,2.0,3.0,4.0,2.0,1.0,3,1,1,1.7071067811865475,1.7071067811865475,1.78183148246803,1.6234898018587336,1.5,1.8660254037844388,2,1
84095,1.0,3.0,2.0,1.0,1.0,21,1,3,0.2928932188134523,1.7071067811865475,1.78183148246803,1.6234898018587336,2.0,1.0,2,1
106037,2.0,1.0,1.0,2.0,1.0,8,5,12,1.8660254037844388,0.5000000000000002,0.02507208781817638,0.7774790660436854,0.9999999999999998,2.0,1,1
65755,1.0,3.0,2.0,1.0,1.0,18,4,11,0.0,0.9999999999999998,0.5661162608824419,0.09903113209758085,0.49999999999999956,1.8660254037844384,1,1
54957,1.0,3.0,1.0,1.0,1.0,5,3,4,1.9659258262890682,1.2588190451025207,1.4338837391175583,0.09903113209758097,1.8660254037844388,0.5000000000000002,1,1
135314,3.0,1.0,2.0,2.0,1.0,8,5,1,1.8660254037844388,0.5000000000000002,0.02507208781817638,0.7774790660436854,1.5,1.8660254037844388,1,1
137458,1.0,1.0,1.0,1.0,1.0,15,4,1,0.29289321881345287,0.2928932188134521,0.5661162608824419,0.09903113209758085,1.5,1.8660254037844388,1,0
137746,1.0,1.0,1.0,1.0,1.0,11,3,8,1.258819045102521,0.0340741737109318,1.4338837391175583,0.09903113209758097,0.13397459621556151,0.49999999999999956,1,1
76132,2.0,4.0,1.0,2.0,1.0,16,7,12,0.13397459621556151,0.49999999999999956,0.9999999999999998,2.0,0.9999999999999998,2.0,1,1
69927,1.0,1.0,1.0,1.0,1.0,14,6,7,0.5000000000000002,0.13397459621556118,0.21816851753197009,1.6234898018587334,0.5000000000000002,0.13397459621556118,2,1
26431,1.0,1.0,1.0,1.0,1.0,17,6,6,0.03407417371093169,0.7411809548974794,0.21816851753197009,1.6234898018587334,1.0000000000000002,0.0,2,1
197018,1.0,4.0,3.0,1.0,1.0,20,2,12,0.1339745962155614,1.5,1.9749279121818235,0.7774790660436857,0.9999999999999998,2.0,1,1
136444,1.0,1.0,3.0,1.0,1.0,10,1,8,1.5,0.1339745962155613,1.78183148246803,1.6234898018587336,0.13397459621556151,0.49999999999999956,1,1
41557,1.0,1.0,3.0,1.0,1.0,10,3,1,1.5,0.1339745962155613,1.4338837391175583,0.09903113209758097,1.5,1.8660254037844388,2,1
110328,1.0,1.0,1.0,2.0,1.0,10,3,9,1.5,0.1339745962155613,1.4338837391175583,0.09903113209758097,0.0,0.9999999999999998,1,0
87998,1.0,3.0,2.0,1.0,1.0,17,6,2,0.03407417371093169,0.7411809548974794,0.21816851753197009,1.6234898018587334,1.8660254037844386,1.5,1,1
150770,1.0,3.0,2.0,1.0,1.0,17,6,1,0.03407417371093169,0.7411809548974794,0.21816851753197009,1.6234898018587334,1.5,1.8660254037844388,1,1
84631,1.0,3.0,3.0,1.0,1.0,18,1,10,0.0,0.9999999999999998,1.78183148246803,1.6234898018587336,0.1339745962155614,1.5,2,1
58335,1.0,3.0,1.0,1.0,1.0,19,4,1,0.03407417371093158,1.2588190451025203,0.5661162608824419,0.09903113209758085,1.5,1.8660254037844388,1,1
23976,1.0,1.0,1.0,1.0,1.0,17,4,8,0.03407417371093169,0.7411809548974794,0.5661162608824419,0.09903113209758085,0.13397459621556151,0.49999999999999956,2,1
202776,1.0,1.0,3.0,1.0,1.0,11,6,11,1.258819045102521,0.0340741737109318,0.21816851753197009,1.6234898018587334,0.49999999999999956,1.8660254037844384,1,1
51843,1.0,3.0,1.0,1.0,1.0,22,3,11,0.49999999999999956,1.8660254037844384,1.4338837391175583,0.09903113209758097,0.49999999999999956,1.8660254037844384,1,1
170411,1.0,3.0,3.0,1.0,1.0,22,1,4,0.49999999999999956,1.8660254037844384,1.78183148246803,1.6234898018587336,1.8660254037844388,0.5000000000000002,2,1
196339,1.0,1.0,1.0,1.0,1.0,16,7,7,0.13397459621556151,0.49999999999999956,0.9999999999999998,2.0,0.5000000000000002,0.13397459621556118,1,1
79787,1.0,3.0,1.0,1.0,1.0,21,7,2,0.2928932188134523,1.7071067811865475,0.9999999999999998,2.0,1.8660254037844386,1.5,1,1
90168,2.0,1.0,1.0,2.0,1.0,15,1,6,0.29289321881345287,0.2928932188134521,1.78183148246803,1.6234898018587336,1.0000000000000002,0.0,2,1
190591,1.0,2.0,1.0,1.0,1.0,8,2,10,1.8660254037844388,0.5000000000000002,1.9749279121818235,0.7774790660436857,0.1339745962155614,1.5,1,1
115653,1.0,1.0,1.0,1.0,1.0,14,3,8,0.5000000000000002,0.13397459621556118,1.4338837391175583,0.09903113209758097,0.13397459621556151,0.49999999999999956,2,0
76584,1.0,1.0,1.0,1.0,1.0,7,7,4,1.9659258262890682,0.7411809548974794,0.9999999999999998,2.0,1.8660254037844388,0.5000000000000002,2,1
194622,1.0,1.0,3.0,1.0,1.0,8,5,2,1.8660254037844388,0.5000000000000002,0.02507208781817638,0.7774790660436854,1.8660254037844386,1.5,1,1
103132,1.0,1.0,2.0,1.0,1.0,9,1,12,1.7071067811865475,0.29289321881345254,1.78183148246803,1.6234898018587336,0.9999999999999998,2.0,1,1
116920,1.0,3.0,3.0,1.0,1.0,20,3,4,0.1339745962155614,1.5,1.4338837391175583,0.09903113209758097,1.8660254037844388,0.5000000000000002,1,0
56636,1.0,1.0,1.0,1.0,1.0,8,3,9,1.8660254037844388,0.5000000000000002,1.4338837391175583,0.09903113209758097,0.0,0.9999999999999998,2,1
106715,1.0,3.0,1.0,1.0,1.0,19,7,11,0.03407417371093158,1.2588190451025203,0.9999999999999998,2.0,0.49999999999999956,1.8660254037844384,1,1
37282,1.0,3.0,2.0,2.0,1.0,19,1,12,0.03407417371093158,1.2588190451025203,1.78183148246803,1.6234898018587336,0.9999999999999998,2.0,1,1
162449,1.0,3.0,2.0,1.0,1.0,3,6,3,1.7071067811865475,1.7071067811865475,0.21816851753197009,1.6234898018587334,2.0,1.0,1,1
151324,1.0,3.0,1.0,1.0,1.0,4,3,4,1.8660254037844386,1.5,1.4338837391175583,0.09903113209758097,1.8660254037844388,0.5000000000000002,2,1
86243,1.0,1.0,1.0,1.0,1.0,16,7,6,0.13397459621556151,0.49999999999999956,0.9999999999999998,2.0,1.0000000000000002,0.0,2,1
146801,1.0,1.0,1.0,1.0,1.0,17,4,9,0.03407417371093169,0.7411809548974794,0.5661162608824419,0.09903113209758085,0.0,0.9999999999999998,1,1
370,1.0,1.0,2.0,1.0,1.0,9,4,10,1.7071067811865475,0.29289321881345254,0.5661162608824419,0.09903113209758085,0.1339745962155614,1.5,2,1
39808,1.0,1.0,3.0,1.0,1.0,7,4,9,1.9659258262890682,0.7411809548974794,0.5661162608824419,0.09903113209758085,0.0,0.9999999999999998,1,1
182266,1.0,1.0,1.0,1.0,1.0,8,5,1,1.8660254037844388,0.5000000000000002,0.02507208781817638,0.7774790660436854,1.5,1.8660254037844388,1,1
29519,3.0,3.0,2.0,2.0,1.0,19,7,2,0.03407417371093158,1.2588190451025203,0.9999999999999998,2.0,1.8660254037844386,1.5,2,1
188666,1.0,1.0,4.0,1.0,1.0,16,2,4,0.13397459621556151,0.49999999999999956,1.9749279121818235,0.7774790660436857,1.8660254037844388,0.5000000000000002,1,1
63301,2.0,1.0,1.0,2.0,1.0,16,6,5,0.13397459621556151,0.49999999999999956,0.21816851753197009,1.6234898018587334,1.5,0.1339745962155613,2,0
166542,1.0,3.0,2.0,1.0,1.0,3,1,3,1.7071067811865475,1.7071067811865475,1.78183148246803,1.6234898018587336,2.0,1.0,1,1
193548,1.0,1.0,2.0,1.0,1.0,13,7,6,0.7411809548974793,0.03407417371093169,0.9999999999999998,2.0,1.0000000000000002,0.0,2,1
113633,1.0,1.0,3.0,1.0,1.0,5,6,8,1.9659258262890682,1.2588190451025207,0.21816851753197009,1.6234898018587334,0.13397459621556151,0.49999999999999956,1,1
1676,1.0,1.0,1.0,1.0,1.0,9,7,9,1.7071067811865475,0.29289321881345254,0.9999999999999998,2.0,0.0,0.9999999999999998,2,1
184522,1.0,1.0,1.0,1.0,1.0,12,3,2,1.0000000000000002,0.0,1.4338837391175583,0.09903113209758097,1.8660254037844386,1.5,2,1
106736,2.0,1.0,1.0,2.0,1.0,17,4,4,0.03407417371093169,0.7411809548974794,0.5661162608824419,0.09903113209758085,1.8660254037844388,0.5000000000000002,1,1
23931,1.0,1.0,2.0,1.0,1.0,16,3,6,0.13397459621556151,0.49999999999999956,1.4338837391175583,0.09903113209758097,1.0000000000000002,0.0,1,1
208490,1.0,3.0,2.0,1.0,1.0,18,1,1,0.0,0.9999999999999998,1.78183148246803,1.6234898018587336,1.5,1.8660254037844388,2,1
158317,1.0,1.0,1.0,1.0,1.0,13,4,5,0.7411809548974793,0.03407417371093169,0.5661162608824419,0.09903113209758085,1.5,0.1339745962155613,1,1
167728,1.0,3.0,2.0,1.0,1.0,21,1,9,0.2928932188134523,1.7071067811865475,1.78183148246803,1.6234898018587336,0.0,0.9999999999999998,2,1
185736,1.0,3.0,3.0,1.0,1.0,19,2,11,0.03407417371093158,1.2588190451025203,1.9749279121818235,0.7774790660436857,0.49999999999999956,1.8660254037844384,2,1
195377,3.0,3.0,3.0,2.0,1.0,17,4,2,0.03407417371093169,0.7411809548974794,0.5661162608824419,0.09903113209758085,1.8660254037844386,1.5,1,1
132283,1.0,1.0,3.0,1.0,1.0,15,4,9,0.29289321881345287,0.2928932188134521,0.5661162608824419,0.09903113209758085,0.0,0.9999999999999998,1,1
13890,1.0,1.0,1.0,1.0,1.0,11,6,5,1.258819045102521,0.0340741737109318,0.21816851753197009,1.6234898018587334,1.5,0.1339745962155613,1,0
40989,1.0,3.0,1.0,1.0,1.0,21,4,6,0.2928932188134523,1.7071067811865475,0.5661162608824419,0.09903113209758085,1.0000000000000002,0.0,2,1
171314,2.0,2.0,1.0,2.0,1.0,20,6,5,0.1339745962155614,1.5,0.21816851753197009,1.6234898018587334,1.5,0.1339745962155613,1,1
193947,1.0,1.0,2.0,2.0,1.0,10,7,10,1.5,0.1339745962155613,0.9999999999999998,2.0,0.1339745962155614,1.5,1,1
7111,1.0,1.0,2.0,1.0,1.0,14,3,9,0.5000000000000002,0.13397459621556118,1.4338837391175583,0.09903113209758097,0.0,0.9999999999999998,1,0
77856,1.0,1.0,2.0,1.0,1.0,7,2,4,1.9659258262890682,0.7411809548974794,1.9749279121818235,0.7774790660436857,1.8660254037844388,0.5000000000000002,2,1
115202,1.0,1.0,1.0,1.0,1.0,14,5,3,0.5000000000000002,0.13397459621556118,0.02507208781817638,0.7774790660436854,2.0,1.0,1,1
186544,1.0,3.0,1.0,1.0,1.0,23,6,3,0.7411809548974784,1.9659258262890682,0.21816851753197009,1.6234898018587334,2.0,1.0,1,1
74965,1.0,1.0,2.0,1.0,1.0,17,1,4,0.03407417371093169,0.7411809548974794,1.78183148246803,1.6234898018587336,1.8660254037844388,0.5000000000000002,1,1
135561,1.0,1.0,3.0,1.0,1.0,8,3,7,1.8660254037844388,0.5000000000000002,1.4338837391175583,0.09903113209758097,0.5000000000000002,0.13397459621556118,2,1
188538,1.0,1.0,1.0,1.0,1.0,8,2,7,1.8660254037844388,0.5000000000000002,1.9749279121818235,0.7774790660436857,0.5000000000000002,0.13397459621556118,1,1
188199,1.0,1.0,3.0,1.0,1.0,14,6,1,0.5000000000000002,0.13397459621556118,0.21816851753197009,1.6234898018587334,1.5,1.8660254037844388,1,1
156662,1.0,1.0,3.0,1.0,1.0,16,5,7,0.13397459621556151,0.49999999999999956,0.02507208781817638,0.7774790660436854,0.5000000000000002,0.13397459621556118,2,1
54890,1.0,2.0,2.0,1.0,1.0,14,5,7,0.5000000000000002,0.13397459621556118,0.02507208781817638,0.7774790660436854,0.5000000000000002,0.13397459621556118,2,1
125846,1.0,1.0,2.0,1.0,1.0,16,2,2,0.13397459621556151,0.49999999999999956,1.9749279121818235,0.7774790660436857,1.8660254037844386,1.5,1,1
134789,1.0,1.0,1.0,1.0,1.0,18,7,6,0.0,0.9999999999999998,0.9999999999999998,2.0,1.0000000000000002,0.0,1,1
4402,1.0,1.0,2.0,1.0,1.0,15,6,10,0.29289321881345287,0.2928932188134521,0.21816851753197009,1.6234898018587334,0.1339745962155614,1.5,1,1
59362,1.0,1.0,1.0,1.0,1.0,8,6,9,1.8660254037844388,0.5000000000000002,0.21816851753197009,1.6234898018587334,0.0,0.9999999999999998,1,1
29393,1.0,1.0,3.0,1.0,1.0,7,5,12,1.9659258262890682,0.7411809548974794,0.02507208781817638,0.7774790660436854,0.9999999999999998,2.0,2,1
62653,1.0,1.0,1.0,1.0,1.0,13,6,1,0.7411809548974793,0.03407417371093169,0.21816851753197009,1.6234898018587334,1.5,1.8660254037844388,1,1
138901,1.0,1.0,2.0,1.0,1.0,16,6,5,0.13397459621556151,0.49999999999999956,0.21816851753197009,1.6234898018587334,1.5,0.1339745962155613,1,1
86894,1.0,1.0,1.0,1.0,1.0,12,5,5,1.0000000000000002,0.0,0.02507208781817638,0.7774790660436854,1.5,0.1339745962155613,1,1
87871,1.0,4.0,2.0,1.0,1.0,22,7,8,0.49999999999999956,1.8660254037844384,0.9999999999999998,2.0,0.13397459621556151,0.49999999999999956,1,1
188505,1.0,1.0,3.0,1.0,1.0,6,3,10,2.0,1.0,1.4338837391175583,0.09903113209758097,0.1339745962155614,1.5,1,1
133446,1.0,3.0,2.0,1.0,1.0,20,5,5,0.1339745962155614,1.5,0.02507208781817638,0.7774790660436854,1.5,0.1339745962155613,1,1
84114,1.0,1.0,2.0,1.0,1.0,7,4,3,1.9659258262890682,0.7411809548974794,0.5661162608824419,0.09903113209758085,2.0,1.0,1,1
139574,1.0,1.0,3.0,1.0,1.0,6,2,3,2.0,1.0,1.9749279121818235,0.7774790660436857,2.0,1.0,2,1
99010,2.0,1.0,1.0,2.0,1.0,15,2,12,0.29289321881345287,0.2928932188134521,1.9749279121818235,0.7774790660436857,0.9999999999999998,2.0,1,1
34151,1.0,1.0,1.0,1.0,1.0,6,6,3,2.0,1.0,0.21816851753197009,1.6234898018587334,2.0,1.0,1,1
183701,1.0,1.0,2.0,1.0,1.0,8,5,1,1.8660254037844388,0.5000000000000002,0.02507208781817638,0.7774790660436854,1.5,1.8660254037844388,1,0
16444,1.0,1.0,3.0,1.0,1.0,16,5,8,0.13397459621556151,0.49999999999999956,0.02507208781817638,0.7774790660436854,0.13397459621556151,0.49999999999999956,1,1
22385,1.0,1.0,1.0,1.0,1.0,7,2,9,1.9659258262890682,0.7411809548974794,1.9749279121818235,0.7774790660436857,0.0,0.9999999999999998,2,1
135441,3.0,3.0,1.0,3.0,1.0,4,6,1,1.8660254037844386,1.5,0.21816851753197009,1.6234898018587334,1.5,1.8660254037844388,1,1
208369,1.0,1.0,1.0,2.0,1.0,8,7,1,1.8660254037844388,0.5000000000000002,0.9999999999999998,2.0,1.5,1.8660254037844388,2,1
127110,1.0,1.0,1.0,1.0,1.0,17,7,10,0.03407417371093169,0.7411809548974794,0.9999999999999998,2.0,0.1339745962155614,1.5,1,1
45641,1.0,1.0,1.0,1.0,1.0,9,2,9,1.7071067811865475,0.29289321881345254,1.9749279121818235,0.7774790660436857,0.0,0.9999999999999998,1,1
67125,1.0,1.0,3.0,1.0,1.0,10,1,7,1.5,0.1339745962155613,1.78183148246803,1.6234898018587336,0.5000000000000002,0.13397459621556118,1,1
83664,2.0,2.0,2.0,2.0,1.0,18,6,10,0.0,0.9999999999999998,0.21816851753197009,1.6234898018587334,0.1339745962155614,1.5,2,1
114794,1.0,4.0,3.0,1.0,1.0,18,3,12,0.0,0.9999999999999998,1.4338837391175583,0.09903113209758097,0.9999999999999998,2.0,1,1
5847,1.0,3.0,1.0,1.0,1.0,20,5,9,0.1339745962155614,1.5,0.02507208781817638,0.7774790660436854,0.0,0.9999999999999998,1,1
125399,1.0,1.0,2.0,1.0,1.0,14,6,10,0.5000000000000002,0.13397459621556118,0.21816851753197009,1.6234898018587334,0.1339745962155614,1.5,2,1
201333,1.0,1.0,3.0,1.0,1.0,11,2,10,1.258819045102521,0.0340741737109318,1.9749279121818235,0.7774790660436857,0.1339745962155614,1.5,2,1
190549,1.0,3.0,3.0,1.0,1.0,21,1,5,0.2928932188134523,1.7071067811865475,1.78183148246803,1.6234898018587336,1.5,0.1339745962155613,1,1
69980,1.0,1.0,2.0,1.0,1.0,8,4,3,1.8660254037844388,0.5000000000000002,0.5661162608824419,0.09903113209758085,2.0,1.0,1,1
48074,1.0,1.0,1.0,1.0,1.0,13,2,11,0.7411809548974793,0.03407417371093169,1.9749279121818235,0.7774790660436857,0.49999999999999956,1.8660254037844384,1,1
162133,1.0,2.0,2.0,2.0,1.0,18,7,8,0.0,0.9999999999999998,0.9999999999999998,2.0,0.13397459621556151,0.49999999999999956,1,0
87350,1.0,1.0,2.0,1.0,1.0,9,7,2,1.7071067811865475,0.29289321881345254,0.9999999999999998,2.0,1.8660254037844386,1.5,1,1
64985,3.0,1.0,1.0,3.0,1.0,16,4,1,0.13397459621556151,0.49999999999999956,0.5661162608824419,0.09903113209758085,1.5,1.8660254037844388,1,1
44343,1.0,3.0,2.0,3.0,1.0,22,4,1,0.49999999999999956,1.8660254037844384,0.5661162608824419,0.09903113209758085,1.5,1.8660254037844388,1,1
163291,1.0,1.0,1.0,2.0,1.0,15,7,7,0.29289321881345287,0.2928932188134521,0.9999999999999998,2.0,0.5000000000000002,0.13397459621556118,1,1
162537,1.0,1.0,1.0,1.0,1.0,8,7,9,1.8660254037844388,0.5000000000000002,0.9999999999999998,2.0,0.0,0.9999999999999998,1,1
70737,1.0,3.0,1.0,1.0,1.0,22,1,8,0.49999999999999956,1.8660254037844384,1.78183148246803,1.6234898018587336,0.13397459621556151,0.49999999999999956,2,1
155231,2.0,1.0,3.0,2.0,1.0,14,5,9,0.5000000000000002,0.13397459621556118,0.02507208781817638,0.7774790660436854,0.0,0.9999999999999998,1,1
128205,1.0,1.0,2.0,1.0,1.0,10,6,12,1.5,0.1339745962155613,0.21816851753197009,1.6234898018587334,0.9999999999999998,2.0,1,1
101393,2.0,3.0,1.0,2.0,1.0,6,2,10,2.0,1.0,1.9749279121818235,0.7774790660436857,0.1339745962155614,1.5,1,1
131035,1.0,1.0,1.0,1.0,1.0,9,2,9,1.7071067811865475,0.29289321881345254,1.9749279121818235,0.7774790660436857,0.0,0.9999999999999998,1,1
4359,1.0,1.0,1.0,1.0,1.0,8,5,9,1.8660254037844388,0.5000000000000002,0.02507208781817638,0.7774790660436854,0.0,0.9999999999999998,1,1
148719,1.0,1.0,2.0,2.0,1.0,6,2,8,2.0,1.0,1.9749279121818235,0.7774790660436857,0.13397459621556151,0.49999999999999956,2,1
44350,1.0,1.0,2.0,1.0,1.0,14,3,5,0.5000000000000002,0.13397459621556118,1.4338837391175583,0.09903113209758097,1.5,0.1339745962155613,2,1
78406,2.0,1.0,2.0,2.0,1.0,17,1,9,0.03407417371093169,0.7411809548974794,1.78183148246803,1.6234898018587336,0.0,0.9999999999999998,1,1
28048,1.0,1.0,3.0,1.0,1.0,14,6,2,0.5000000000000002,0.13397459621556118,0.21816851753197009,1.6234898018587334,1.8660254037844386,1.5,1,1
87185,1.0,1.0,2.0,1.0,1.0,15,6,6,0.29289321881345287,0.2928932188134521,0.21816851753197009,1.6234898018587334,1.0000000000000002,0.0,1,1
175647,1.0,1.0,1.0,1.0,1.0,15,5,6,0.29289321881345287,0.2928932188134521,0.02507208781817638,0.7774790660436854,1.0000000000000002,0.0,1,1
162144,2.0,3.0,1.0,2.0,1.0,7,4,3,1.9659258262890682,0.7411809548974794,0.5661162608824419,0.09903113209758085,2.0,1.0,2,1
31814,3.0,1.0,2.0,1.0,1.0,16,7,1,0.13397459621556151,0.49999999999999956,0.9999999999999998,2.0,1.5,1.8660254037844388,2,1
76809,1.0,1.0,3.0,1.0,1.0,8,2,3,1.8660254037844388,0.5000000000000002,1.9749279121818235,0.7774790660436857,2.0,1.0,1,1
116629,1.0,3.0,2.0,1.0,1.0,4,5,4,1.8660254037844386,1.5,0.02507208781817638,0.7774790660436854,1.8660254037844388,0.5000000000000002,2,1
69810,1.0,1.0,3.0,1.0,1.0,15,2,8,0.29289321881345287,0.2928932188134521,1.9749279121818235,0.7774790660436857,0.13397459621556151,0.49999999999999956,1,1
52684,1.0,1.0,1.0,1.0,1.0,14,3,7,0.5000000000000002,0.13397459621556118,1.4338837391175583,0.09903113209758097,0.5000000000000002,0.13397459621556118,1,1
105895,1.0,1.0,1.0,1.0,1.0,14,4,2,0.5000000000000002,0.13397459621556118,0.5661162608824419,0.09903113209758085,1.8660254037844386,1.5,1,1
31152,1.0,1.0,1.0,1.0,1.0,9,3,2,1.7071067811865475,0.29289321881345254,1.4338837391175583,0.09903113209758097,1.8660254037844386,1.5,1,1
115046,1.0,3.0,3.0,1.0,1.0,22,2,11,0.49999999999999956,1.8660254037844384,1.9749279121818235,0.7774790660436857,0.49999999999999956,1.8660254037844384,1,1
149256,1.0,1.0,1.0,2.0,1.0,8,3,11,1.8660254037844388,0.5000000000000002,1.4338837391175583,0.09903113209758097,0.49999999999999956,1.8660254037844384,2,1
97631,1.0,1.0,3.0,1.0,1.0,11,5,5,1.258819045102521,0.0340741737109318,0.02507208781817638,0.7774790660436854,1.5,0.1339745962155613,1,1
192590,1.0,1.0,3.0,1.0,1.0,15,7,2,0.29289321881345287,0.2928932188134521,0.9999999999999998,2.0,1.8660254037844386,1.5,2,1
162694,1.0,3.0,1.0,1.0,1.0,22,4,9,0.49999999999999956,1.8660254037844384,0.5661162608824419,0.09903113209758085,0.0,0.9999999999999998,1,1
174402,1.0,1.0,2.0,1.0,1.0,12,6,3,1.0000000000000002,0.0,0.21816851753197009,1.6234898018587334,2.0,1.0,1,1
3595,1.0,3.0,3.0,1.0,1.0,18,4,2,0.0,0.9999999999999998,0.5661162608824419,0.09903113209758085,1.8660254037844386,1.5,2,1
12146,1.0,1.0,3.0,1.0,1.0,17,5,3,0.03407417371093169,0.7411809548974794,0.02507208781817638,0.7774790660436854,2.0,1.0,1,1
189408,1.0,3.0,3.0,1.0,1.0,19,5,3,0.03407417371093158,1.2588190451025203,0.02507208781817638,0.7774790660436854,2.0,1.0,2,1
170217,1.0,3.0,3.0,1.0,1.0,21,5,10,0.2928932188134523,1.7071067811865475,0.02507208781817638,0.7774790660436854,0.1339745962155614,1.5,2,1
104131,1.0,1.0,1.0,2.0,1.0,15,2,10,0.29289321881345287,0.2928932188134521,1.9749279121818235,0.7774790660436857,0.1339745962155614,1.5,1,1
93770,1.0,1.0,3.0,1.0,1.0,11,3,6,1.258819045102521,0.0340741737109318,1.4338837391175583,0.09903113209758097,1.0000000000000002,0.0,1,1
205165,1.0,4.0,3.0,1.0,1.0,22,2,12,0.49999999999999956,1.8660254037844384,1.9749279121818235,0.7774790660436857,0.9999999999999998,2.0,1,1
18099,2.0,1.0,1.0,2.0,4.0,17,1,4,0.03407417371093169,0.7411809548974794,1.78183148246803,1.6234898018587336,1.8660254037844388,0.5000000000000002,1,1
186306,1.0,3.0,1.0,1.0,1.0,15,3,1,0.29289321881345287,0.2928932188134521,1.4338837391175583,0.09903113209758097,1.5,1.8660254037844388,2,1
14652,1.0,3.0,1.0,1.0,1.0,19,5,10,0.03407417371093158,1.2588190451025203,0.02507208781817638,0.7774790660436854,0.1339745962155614,1.5,1,1
67577,1.0,1.0,2.0,1.0,1.0,12,5,9,1.0000000000000002,0.0,0.02507208781817638,0.7774790660436854,0.0,0.9999999999999998,2,1
207273,1.0,3.0,1.0,1.0,1.0,16,5,1,0.13397459621556151,0.49999999999999956,0.02507208781817638,0.7774790660436854,1.5,1.8660254037844388,2,1
117614,1.0,1.0,2.0,1.0,1.0,15,5,11,0.29289321881345287,0.2928932188134521,0.02507208781817638,0.7774790660436854,0.49999999999999956,1.8660254037844384,1,1
70162,1.0,1.0,1.0,1.0,1.0,10,4,3,1.5,0.1339745962155613,0.5661162608824419,0.09903113209758085,2.0,1.0,1,1
100526,1.0,3.0,2.0,3.0,1.0,20,5,1,0.1339745962155614,1.5,0.02507208781817638,0.7774790660436854,1.5,1.8660254037844388,1,1
38080,3.0,1.0,1.0,4.0,1.0,7,4,2,1.9659258262890682,0.7411809548974794,0.5661162608824419,0.09903113209758085,1.8660254037844386,1.5,1,0
133967,1.0,4.0,2.0,1.0,1.0,18,2,2,0.0,0.9999999999999998,1.9749279121818235,0.7774790660436857,1.8660254037844386,1.5,2,1
169475,1.0,3.0,3.0,1.0,1.0,21,7,11,0.2928932188134523,1.7071067811865475,0.9999999999999998,2.0,0.49999999999999956,1.8660254037844384,2,1
197292,1.0,1.0,1.0,1.0,1.0,19,4,8,0.03407417371093158,1.2588190451025203,0.5661162608824419,0.09903113209758085,0.13397459621556151,0.49999999999999956,1,1
51916,1.0,1.0,2.0,1.0,1.0,7,4,10,1.9659258262890682,0.7411809548974794,0.5661162608824419,0.09903113209758085,0.1339745962155614,1.5,1,1
75349,1.0,1.0,1.0,1.0,1.0,7,6,4,1.9659258262890682,0.7411809548974794,0.21816851753197009,1.6234898018587334,1.8660254037844388,0.5000000000000002,1,1
190754,1.0,3.0,3.0,1.0,1.0,23,7,2,0.7411809548974784,1.9659258262890682,0.9999999999999998,2.0,1.8660254037844386,1.5,2,1
53306,1.0,1.0,3.0,1.0,1.0,15,5,2,0.29289321881345287,0.2928932188134521,0.02507208781817638,0.7774790660436854,1.8660254037844386,1.5,2,1
200433,1.0,1.0,3.0,1.0,1.0,8,3,9,1.8660254037844388,0.5000000000000002,1.4338837391175583,0.09903113209758097,0.0,0.9999999999999998,2,1
87145,1.0,1.0,1.0,1.0,1.0,5,1,5,1.9659258262890682,1.2588190451025207,1.78183148246803,1.6234898018587336,1.5,0.1339745962155613,1,1
16565,1.0,3.0,3.0,1.0,1.0,20,7,1,0.1339745962155614,1.5,0.9999999999999998,2.0,1.5,1.8660254037844388,1,1
132389,1.0,2.0,1.0,1.0,1.0,6,6,10,2.0,1.0,0.21816851753197009,1.6234898018587334,0.1339745962155614,1.5,1,1
74539,2.0,3.0,2.0,2.0,1.0,6,5,12,2.0,1.0,0.02507208781817638,0.7774790660436854,0.9999999999999998,2.0,2,1
92125,2.0,3.0,1.0,2.0,1.0,5,7,8,1.9659258262890682,1.2588190451025207,0.9999999999999998,2.0,0.13397459621556151,0.49999999999999956,2,1
32259,1.0,3.0,2.0,1.0,1.0,21,6,3,0.2928932188134523,1.7071067811865475,0.21816851753197009,1.6234898018587334,2.0,1.0,1,1