Unnamed: 0,weather_condition,lighting_condition,trafficway_type,roadway_surface_cond,road_defect,crash_hour,crash_day_of_week,crash_month,crash_hour_sin,crash_hour_cos,crash_day_sin,crash_day_cos,crash_month_sin,crash_month_cos,crash_type,intersection_related_i
86184,2.0,1.0,2.0,2.0,1.0,10,2,6,1.5,0.1339745962155613,1.9749279121818235,0.7774790660436857,1.0000000000000002,0.0,1,1
177187,1.0,1.0,1.0,1.0,1.0,15,1,7,0.29289321881345287,0.2928932188134521,1.78183148246803,1.6234898018587336,0.5000000000000002,0.13397459621556118,2,1
117726,1.0,3.0,2.0,2.0,1.0,23,4,2,0.7411809548974784,1.9659258262890682,0.5661162608824419,0.09903113209758085,1.8660254037844386,1.5,1,0
202480,2.0,4.0,1.0,2.0,1.0,5,2,10,1.9659258262890682,1.2588190451025207,1.9749279121818235,0.7774790660436857,0.1339745962155614,1.5,1,1
93092,1.0,3.0,1.0,1.0,1.0,23,1,11,0.7411809548974784,1.9659258262890682,1.78183148246803,1.6234898018587336,0.49999999999999956,1.8660254037844384,1,1
107815,1.0,1.0,1.0,1.0,1.0,8,6,11,1.8660254037844388,0.5000000000000002,0.21816851753197009,1.6234898018587334,0.49999999999999956,1.8660254037844384,1,1
122645,2.0,2.0,1.0,2.0,1.0,17,2,6,0.03407417371093169,0.7411809548974794,1.9749279121818235,0.7774790660436857,1.0000000000000002,0.0,2,1
144586,1.0,1.0,1.0,1.0,1.0,17,3,4,0.03407417371093169,0.7411809548974794,1.4338837391175583,0.09903113209758097,1.8660254037844388,0.5000000000000002,2,1
27561,1.0,3.0,4.0,1.0,1.0,22,7,5,0.49999999999999956,1.8660254037844384,0.9999999999999998,2.0,1.5,0.1339745962155613,1,1
161888,1.0,1.0,1.0,1.0,1.0,8,6,4,1.8660254037844388,0.5000000000000002,0.21816851753197009,1.6234898018587334,1.8660254037844388,0.5000000000000002,1,1
186198,1.0,3.0,3.0,1.0,1.0,20,2,5,0.1339745962155614,1.5,1.9749279121818235,0.7774790660436857,1.5,0.1339745962155613,1,1
135780,1.0,1.0,1.0,1.0,1.0,18,2,7,0.0,0.9999999999999998,1.9749279121818235,0.7774790660436857,0.5000000000000002,0.13397459621556118,1,1
204361,1.0,1.0,2.0,1.0,1.0,12,6,11,1.0000000000000002,0.0,0.21816851753197009,1.6234898018587334,0.49999999999999956,1.8660254037844384,1,1
177873,2.0,1.0,2.0,2.0,1.0,15,6,9,0.29289321881345287,0.2928932188134521,0.21816851753197009,1.6234898018587334,0.0,0.9999999999999998,2,0
125141,1.0,1.0,3.0,3.0,1.0,17,7,2,0.03407417371093169,0.7411809548974794,0.9999999999999998,2.0,1.8660254037844386,1.5,2,1
148480,1.0,1.0,3.0,1.0,1.0,18,4,7,0.0,0.9999999999999998,0.5661162608824419,0.09903113209758085,0.5000000000000002,0.13397459621556118,1,1
166036,2.0,1.0,1.0,2.0,1.0,14,7,10,0.5000000000000002,0.13397459621556118,0.9999999999999998,2.0,0.1339745962155614,1.5,2,1
153756,1.0,2.0,1.0,1.0,1.0,18,3,1,0.0,0.9999999999999998,1.4338837391175583,0.09903113209758097,1.5,1.8660254037844388,2,1
135150,1.0,3.0,1.0,1.0,1.0,23,4,3,0.7411809548974784,1.9659258262890682,0.5661162608824419,0.09903113209758085,2.0,1.0,1,1
184715,2.0,1.0,1.0,2.0,1.0,16,2,7,0.13397459621556151,0.49999999999999956,1.9749279121818235,0.7774790660436857,0.5000000000000002,0.13397459621556118,1,1
105856,1.0,3.0,1.0,1.0,1.0,22,3,11,0.49999999999999956,1.8660254037844384,1.4338837391175583,0.09903113209758097,0.49999999999999956,1.8660254037844384,1,1
44748,3.0,1.0,3.0,2.0,1.0,13,6,3,0.7411809548974793,0.03407417371093169,0.21816851753197009,1.6234898018587334,2.0,1.0,2,1
5376,2.0,1.0,2.0,2.0,1.0,14,3,5,0.5000000000000002,0.13397459621556118,1.4338837391175583,0.09903113209758097,1.5,0.1339745962155613,2,1
59147,1.0,1.0,2.0,1.0,1.0,13,4,7,0.7411809548974793,0.03407417371093169,0.5661162608824419,0.09903113209758085,0.5000000000000002,0.13397459621556118,2,1
179581,1.0,3.0,2.0,1.0,1.0,20,1,8,0.1339745962155614,1.5,1.78183148246803,1.6234898018587336,0.13397459621556151,0.49999999999999956,1,1
142011,1.0,4.0,1.0,1.0,1.0,21,7,5,0.2928932188134523,1.7071067811865475,0.9999999999999998,2.0,1.5,0.1339745962155613,1,1
45610,1.0,1.0,1.0,1.0,1.0,16,1,3,0.13397459621556151,0.49999999999999956,1.78183148246803,1.6234898018587336,2.0,1.0,1,1
193840,1.0,1.0,1.0,1.0,1.0,11,5,2,1.258819045102521,0.0340741737109318,0.02507208781817638,0.7774790660436854,1.8660254037844386,1.5,1,1
92374,1.0,1.0,2.0,1.0,1.0,15,2,11,0.29289321881345287,0.2928932188134521,1.9749279121818235,0.7774790660436857,0.49999999999999956,1.8660254037844384,1,1
111767,1.0,2.0,1.0,1.0,1.0,9,6,4,1.7071067811865475,0.29289321881345254,0.21816851753197009,1.6234898018587334,1.8660254037844388,0.5000000000000002,1,1
181270,1.0,1.0,1.0,1.0,1.0,16,4,4,0.13397459621556151,0.49999999999999956,0.5661162608824419,0.09903113209758085,1.8660254037844388,0.5000000000000002,1,1
119121,1.0,1.0,1.0,1.0,1.0,16,4,6,0.13397459621556151,0.49999999999999956,0.5661162608824419,0.09903113209758085,1.0000000000000002,0.0,1,0
145439,2.0,2.0,1.0,2.0,1.0,14,5,6,0.5000000000000002,0.13397459621556118,0.02507208781817638,0.7774790660436854,1.0000000000000002,0.0,2,1
204745,1.0,1.0,3.0,1.0,1.0,9,1,11,1.7071067811865475,0.29289321881345254,1.78183148246803,1.6234898018587336,0.49999999999999956,1.8660254037844384,1,1
108247,1.0,1.0,1.0,1.0,1.0,11,3,2,1.258819045102521,0.0340741737109318,1.4338837391175583,0.09903113209758097,1.8660254037844386,1.5,1,1
7417,2.0,3.0,1.0,2.0,1.0,23,7,7,0.7411809548974784,1.9659258262890682,0.9999999999999998,2.0,0.5000000000000002,0.13397459621556118,1,1
207749,1.0,3.0,1.0,1.0,1.0,19,7,12,0.03407417371093158,1.2588190451025203,0.9999999999999998,2.0,0.9999999999999998,2.0,1,1
128257,1.0,1.0,3.0,1.0,1.0,14,6,6,0.5000000000000002,0.13397459621556118,0.21816851753197009,1.6234898018587334,1.0000000000000002,0.0,1,1
126986,1.0,1.0,1.0,3.0,1.0,8,1,1,1.8660254037844388,0.5000000000000002,1.78183148246803,1.6234898018587336,1.5,1.8660254037844388,1,1
65160,1.0,1.0,2.0,1.0,1.0,13,3,8,0.7411809548974793,0.03407417371093169,1.4338837391175583,0.09903113209758097,0.13397459621556151,0.49999999999999956,1,1
20152,2.0,3.0,1.0,2.0,1.0,20,4,4,0.1339745962155614,1.5,0.5661162608824419,0.09903113209758085,1.8660254037844388,0.5000000000000002,2,0
159689,1.0,1.0,2.0,1.0,1.0,9,6,1,1.7071067811865475,0.29289321881345254,0.21816851753197009,1.6234898018587334,1.5,1.8660254037844388,1,1
174716,1.0,1.0,2.0,2.0,1.0,13,6,1,0.7411809548974793,0.03407417371093169,0.21816851753197009,1.6234898018587334,1.5,1.8660254037844388,1,1
177390,1.0,1.0,1.0,1.0,1.0,15,6,8,0.29289321881345287,0.2928932188134521,0.21816851753197009,1.6234898018587334,0.13397459621556151,0.49999999999999956,1,1
129190,1.0,1.0,1.0,1.0,1.0,15,4,3,0.29289321881345287,0.2928932188134521,0.5661162608824419,0.09903113209758085,2.0,1.0,2,1
151877,2.0,1.0,1.8332037225905151,2.0,1.0,7,2,4,1.9659258262890682,0.7411809548974794,1.9749279121818235,0.7774790660436857,1.8660254037844388,0.5000000000000002,2,1
42008,1.0,1.0,2.0,1.0,1.0,9,3,10,1.7071067811865475,0.29289321881345254,1.4338837391175583,0.09903113209758097,0.1339745962155614,1.5,2,1
162858,1.0,3.0,1.0,1.0,1.0,19,7,2,0.03407417371093158,1.2588190451025203,0.9999999999999998,2.0,1.8660254037844386,1.5,1,1
184155,1.0,1.0,3.0,1.0,1.0,17,6,7,0.03407417371093169,0.7411809548974794,0.21816851753197009,1.6234898018587334,0.5000000000000002,0.13397459621556118,1,1
38216,1.0,1.0,3.0,1.0,1.0,16,7,6,0.13397459621556151,0.49999999999999956,0.9999999999999998,2.0,1.0000000000000002,0.0,2,1
201903,1.0,3.0,1.0,1.0,1.0,19,1,10,0.03407417371093158,1.2588190451025203,1.78183148246803,1.6234898018587336,0.1339745962155614,1.5,2,1
126094,1.0,1.0,3.0,1.0,1.0,12,5,5,1.0000000000000002,0.0,0.02507208781817638,0.7774790660436854,1.5,0.1339745962155613,1,1
35750,1.0,1.0,1.0,1.0,1.0,18,3,12,0.0,0.9999999999999998,1.4338837391175583,0.09903113209758097,0.9999999999999998,2.0,1,1
142233,1.0,3.0,2.0,2.0,1.0,23,6,12,0.7411809548974784,1.9659258262890682,0.21816851753197009,1.6234898018587334,0.9999999999999998,2.0,1,1
154359,3.0,3.0,2.0,3.0,1.0,23,6,2,0.7411809548974784,1.9659258262890682,0.21816851753197009,1.6234898018587334,1.8660254037844386,1.5,1,1
149971,1.0,1.0,1.0,1.0,1.0,14,7,2,0.5000000000000002,0.13397459621556118,0.9999999999999998,2.0,1.8660254037844386,1.5,1,1
203684,1.0,1.0,2.0,1.0,1.0,7,3,10,1.9659258262890682,0.7411809548974794,1.4338837391175583,0.09903113209758097,0.1339745962155614,1.5,1,1
77832,1.0,1.0,1.0,1.0,1.0,18,1,1,0.0,0.9999999999999998,1.78183148246803,1.6234898018587336,1.5,1.8660254037844388,2,1
91390,1.0,1.0,3.0,1.0,1.0,9,1,8,1.7071067811865475,0.29289321881345254,1.78183148246803,1.6234898018587336,0.13397459621556151,0.49999999999999956,2,1
193444,1.0,1.0,1.0,1.0,1.0,12,1,6,1.0000000000000002,0.0,1.78183148246803,1.6234898018587336,1.0000000000000002,0.0,1,1
194839,2.0,1.0,1.0,2.0,1.0,11,7,11,1.258819045102521,0.0340741737109318,0.9999999999999998,2.0,0.49999999999999956,1.8660254037844384,2,1
143846,2.0,2.0,2.0,2.0,1.0,7,2,6,1.9659258262890682,0.7411809548974794,1.9749279121818235,0.7774790660436857,1.0000000000000002,0.0,1,1
113701,1.0,1.0,2.0,1.0,1.0,15,6,9,0.29289321881345287,0.2928932188134521,0.21816851753197009,1.6234898018587334,0.0,0.9999999999999998,1,0
202219,1.0,1.0,2.0,1.0,1.0,10,4,10,1.5,0.1339745962155613,0.5661162608824419,0.09903113209758085,0.1339745962155614,1.5,1,1
80676,3.0,4.0,3.0,3.0,1.0,23,2,2,0.7411809548974784,1.9659258262890682,1.9749279121818235,0.7774790660436857,1.8660254037844386,1.5,1,1
7203,1.0,1.0,1.0,2.0,1.0,12,4,2,1.0000000000000002,0.0,0.5661162608824419,0.09903113209758085,1.8660254037844386,1.5,1,1
167526,1.0,3.0,3.0,1.0,1.0,21,6,9,0.2928932188134523,1.7071067811865475,0.21816851753197009,1.6234898018587334,0.0,0.9999999999999998,1,1
135647,1.0,1.0,3.0,1.0,1.0,16,1,4,0.13397459621556151,0.49999999999999956,1.78183148246803,1.6234898018587336,1.8660254037844388,0.5000000000000002,1,1
104228,1.0,1.0,2.0,1.0,1.0,12,4,3,1.0000000000000002,0.0,0.5661162608824419,0.09903113209758085,2.0,1.0,1,1
66384,2.0,1.0,1.0,2.0,1.0,13,2,6,0.7411809548974793,0.03407417371093169,1.9749279121818235,0.7774790660436857,1.0000000000000002,0.0,2,1
195181,1.0,1.0,2.0,1.0,1.0,9,3,7,1.7071067811865475,0.29289321881345254,1.4338837391175583,0.09903113209758097,0.5000000000000002,0.13397459621556118,1,1
30045,1.0,2.0,3.0,1.0,1.0,5,4,9,1.9659258262890682,1.2588190451025207,0.5661162608824419,0.09903113209758085,0.0,0.9999999999999998,2,1
78405,1.0,3.0,1.0,1.0,1.0,23,5,8,0.7411809548974784,1.9659258262890682,0.02507208781817638,0.7774790660436854,0.13397459621556151,0.49999999999999956,2,1
40436,2.0,4.0,2.0,2.0,1.0,23,6,3,0.7411809548974784,1.9659258262890682,0.21816851753197009,1.6234898018587334,2.0,1.0,1,1
117658,1.0,1.0,3.0,1.0,1.0,9,6,8,1.7071067811865475,0.29289321881345254,0.21816851753197009,1.6234898018587334,0.13397459621556151,0.49999999999999956,1,1
5707,1.0,1.0,2.0,1.0,1.0,9,7,5,1.7071067811865475,0.29289321881345254,0.9999999999999998,2.0,1.5,0.1339745962155613,1,1
28031,1.0,1.0,2.0,1.0,1.0,16,3,7,0.13397459621556151,0.49999999999999956,1.4338837391175583,0.09903113209758097,0.5000000000000002,0.13397459621556118,2,1
87217,1.0,1.0,1.0,1.0,1.0,12,7,9,1.0000000000000002,0.0,0.9999999999999998,2.0,0.0,0.9999999999999998,2,1
126633,1.0,2.0,3.0,2.0,1.0,17,2,2,0.03407417371093169,0.7411809548974794,1.9749279121818235,0.7774790660436857,1.8660254037844386,1.5,1,1
12367,1.0,2.0,3.0,1.0,1.0,20,1,5,0.1339745962155614,1.5,1.78183148246803,1.6234898018587336,1.5,0.1339745962155613,1,1
167485,3.0,1.0,3.0,3.0,1.0,18,7,4,0.0,0.9999999999999998,0.9999999999999998,2.0,1.8660254037844388,0.5000000000000002,1,1
127169,1.0,1.0,3.0,1.0,1.0,12,5,9,1.0000000000000002,0.0,0.02507208781817638,0.7774790660436854,0.0,0.9999999999999998,1,1
4397,1.0,3.0,3.0,1.0,1.0,21,2,7,0.2928932188134523,1.7071067811865475,1.9749279121818235,0.7774790660436857,0.5000000000000002,0.13397459621556118,1,1
60340,1.0,3.0,3.0,1.0,1.0,3,1,11,1.7071067811865475,1.7071067811865475,1.78183148246803,1.6234898018587336,0.49999999999999956,1.8660254037844384,2,1
164878,2.0,1.0,1.0,2.0,1.0,11,3,3,1.258819045102521,0.0340741737109318,1.4338837391175583,0.09903113209758097,2.0,1.0,1,1
15713,1.0,1.0,1.0,1.0,1.0,13,4,9,0.7411809548974793,0.03407417371093169,0.5661162608824419,0.09903113209758085,0.0,0.9999999999999998,1,1
2763,2.0,1.0,2.0,2.0,1.0,12,1,12,1.0000000000000002,0.0,1.78183148246803,1.6234898018587336,0.9999999999999998,2.0,1,1
42994,1.0,1.0,3.0,1.0,1.0,7,6,9,1.9659258262890682,0.7411809548974794,0.21816851753197009,1.6234898018587334,0.0,0.9999999999999998,1,1
105247,1.0,1.0,1.0,1.0,1.0,13,6,7,0.7411809548974793,0.03407417371093169,0.21816851753197009,1.6234898018587334,0.5000000000000002,0.13397459621556118,1,1
179189,1.0,1.0,1.0,1.0,1.0,8,6,12,1.8660254037844388,0.5000000000000002,0.21816851753197009,1.6234898018587334,0.9999999999999998,2.0,2,1
180921,1.0,1.0,3.0,1.0,1.0,7,3,12,1.9659258262890682,0.7411809548974794,1.4338837391175583,0.09903113209758097,0.9999999999999998,2.0,2,1
21206,1.0,2.0,2.0,1.0,1.0,16,4,2,0.13397459621556151,0.49999999999999956,0.5661162608824419,0.09903113209758085,1.8660254037844386,1.5,2,1
125787,1.0,1.0,1.0,1.0,1.0,8,6,11,1.8660254037844388,0.5000000000000002,0.21816851753197009,1.6234898018587334,0.49999999999999956,1.8660254037844384,1,1
9191,1.0,3.0,1.0,1.0,1.0,18,5,11,0.0,0.9999999999999998,0.02507208781817638,0.7774790660436854,0.49999999999999956,1.8660254037844384,1,1
56540,1.0,3.0,2.0,1.0,1.0,21,7,5,0.2928932188134523,1.7071067811865475,0.9999999999999998,2.0,1.5,0.1339745962155613,2,1
170460,2.0,1.0,1.0,2.0,1.0,5,7,10,1.9659258262890682,1.2588190451025207,0.9999999999999998,2.0,0.1339745962155614,1.5,2,1
42883,1.0,1.0,2.0,1.0,1.0,14,1,5,0.5000000000000002,0.13397459621556118,1.78183148246803,1.6234898018587336,1.5,0.1339745962155613,1,1
136328,1.0,1.0,2.0,1.0,1.0,14,4,7,0.5000000000000002,0.13397459621556118,0.5661162608824419,0.09903113209758085,0.5000000000000002,0.13397459621556118,1,1
33862,1.0,1.0,2.0,1.0,1.0,17,3,8,0.03407417371093169,0.7411809548974794,1.4338837391175583,0.09903113209758097,0.13397459621556151,0.49999999999999956,1,1
66409,1.0,1.0,1.0,1.0,1.0,11,6,7,1.258819045102521,0.0340741737109318,0.21816851753197009,1.6234898018587334,0.5000000000000002,0.13397459621556118,2,1
190290,1.0,1.0,1.0,1.0,1.0,9,7,1,1.7071067811865475,0.29289321881345254,0.9999999999999998,2.0,1.5,1.8660254037844388,1,1
156317,1.0,1.0,2.0,1.0,1.0,21,1,11,0.2928932188134523,1.7071067811865475,1.78183148246803,1.6234898018587336,0.49999999999999956,1.8660254037844384,1,1
194129,1.0,1.0,1.0,1.0,1.0,19,4,6,0.03407417371093158,1.2588190451025203,0.5661162608824419,0.09903113209758085,1.0000000000000002,0.0,1,1
157676,1.0,1.0,1.0,1.0,1.0,7,4,3,1.9659258262890682,0.7411809548974794,0.5661162608824419,0.09903113209758085,2.0,1.0,1,1
158246,1.0,1.0,1.0,1.0,1.0,8,5,7,1.8660254037844388,0.5000000000000002,0.02507208781817638,0.7774790660436854,0.5000000000000002,0.13397459621556118,1,1
207898,1.0,3.0,1.0,1.0,1.0,21,7,1,0.2928932188134523,1.7071067811865475,0.9999999999999998,2.0,1.5,1.8660254037844388,1,1
122399,1.0,3.0,3.0,1.0,1.0,23,5,5,0.7411809548974784,1.9659258262890682,0.02507208781817638,0.7774790660436854,1.5,0.1339745962155613,2,1
29092,1.0,1.0,1.0,1.0,1.0,13,2,7,0.7411809548974793,0.03407417371093169,1.9749279121818235,0.7774790660436857,0.5000000000000002,0.13397459621556118,1,1
172445,1.0,1.0,1.0,1.0,1.0,14,4,3,0.5000000000000002,0.13397459621556118,0.5661162608824419,0.09903113209758085,2.0,1.0,2,1
47050,1.0,1.0,1.0,1.0,1.0,15,6,9,0.29289321881345287,0.2928932188134521,0.21816851753197009,1.6234898018587334,0.0,0.9999999999999998,1,1
152725,1.0,1.0,3.0,1.0,1.0,12,3,9,1.0000000000000002,0.0,1.4338837391175583,0.09903113209758097,0.0,0.9999999999999998,1,1
5504,1.0,1.0,2.0,1.0,1.0,13,6,1,0.7411809548974793,0.03407417371093169,0.21816851753197009,1.6234898018587334,1.5,1.8660254037844388,1,1
111502,1.0,1.0,3.0,1.0,1.0,13,3,6,0.7411809548974793,0.03407417371093169,1.4338837391175583,0.09903113209758097,1.0000000000000002,0.0,1,1
143224,1.0,1.0,1.0,1.0,1.0,18,5,5,0.0,0.9999999999999998,0.02507208781817638,0.7774790660436854,1.5,0.1339745962155613,1,1
203176,1.0,2.0,3.0,1.0,1.0,7,4,10,1.9659258262890682,0.7411809548974794,0.5661162608824419,0.09903113209758085,0.1339745962155614,1.5,2,1
3747,1.0,1.0,1.0,1.0,1.0,17,5,4,0.03407417371093169,0.7411809548974794,0.02507208781817638,0.7774790660436854,1.8660254037844388,0.5000000000000002,1,1
131386,1.0,1.0,1.0,1.0,1.0,14,1,5,0.5000000000000002,0.13397459621556118,1.78183148246803,1.6234898018587336,1.5,0.1339745962155613,1,1
134725,1.0,1.0,1.0,1.0,1.0,9,4,3,1.7071067811865475,0.29289321881345254,0.5661162608824419,0.09903113209758085,2.0,1.0,2,1
87208,1.0,1.0,1.0,1.0,1.0,11,3,8,1.258819045102521,0.0340741737109318,1.4338837391175583,0.09903113209758097,0.13397459621556151,0.49999999999999956,1,1
91695,1.0,1.0,1.0,1.0,1.0,16,2,3,0.13397459621556151,0.49999999999999956,1.9749279121818235,0.7774790660436857,2.0,1.0,1,1
182912,1.0,1.0,3.0,1.0,1.0,18,2,9,0.0,0.9999999999999998,1.9749279121818235,0.7774790660436857,0.0,0.9999999999999998,2,1
140174,1.0,3.0,2.0,1.0,1.0,17,1,11,0.03407417371093169,0.7411809548974794,1.78183148246803,1.6234898018587336,0.49999999999999956,1.8660254037844384,1,1
149308,1.0,3.0,2.0,1.0,1.0,5,7,3,1.9659258262890682,1.2588190451025207,0.9999999999999998,2.0,2.0,1.0,1,1
134481,1.0,1.0,3.0,1.0,1.0,8,4,7,1.8660254037844388,0.5000000000000002,0.5661162608824419,0.09903113209758085,0.5000000000000002,0.13397459621556118,1,1
47123,1.0,4.0,1.0,1.0,1.0,19,1,12,0.03407417371093158,1.2588190451025203,1.78183148246803,1.6234898018587336,0.9999999999999998,2.0,2,1
177508,1.0,1.0,1.0,1.0,1.0,8,3,4,1.8660254037844388,0.5000000000000002,1.4338837391175583,0.09903113209758097,1.8660254037844388,0.5000000000000002,1,1
201525,2.0,1.0,3.0,2.0,1.0,12,3,10,1.0000000000000002,0.0,1.4338837391175583,0.09903113209758097,0.1339745962155614,1.5,2,1
10098,1.0,1.0,2.0,1.0,1.0,7,2,10,1.9659258262890682,0.7411809548974794,1.9749279121818235,0.7774790660436857,0.1339745962155614,1.5,2,1
173395,1.0,3.0,2.0,1.0,1.0,12,6,3,1.0000000000000002,0.0,0.21816851753197009,1.6234898018587334,2.0,1.0,2,1
10267,2.0,3.0,1.0,2.0,1.0,21,7,7,0.2928932188134523,1.7071067811865475,0.9999999999999998,2.0,0.5000000000000002,0.13397459621556118,2,1
107517,1.0,1.0,2.0,1.0,1.0,11,2,6,1.258819045102521,0.0340741737109318,1.9749279121818235,0.7774790660436857,1.0000000000000002,0.0,1,1
148137,1.0,1.0,1.0,1.0,1.0,20,5,9,0.1339745962155614,1.5,0.02507208781817638,0.7774790660436854,0.0,0.9999999999999998,1,0
6547,1.0,4.0,2.0,1.0,1.0,4,2,12,1.8660254037844386,1.5,1.9749279121818235,0.7774790660436857,0.9999999999999998,2.0,2,0
33526,1.0,1.0,3.0,1.0,1.0,17,1,4,0.03407417371093169,0.7411809548974794,1.78183148246803,1.6234898018587336,1.8660254037844388,0.5000000000000002,1,1
195973,1.0,1.0,2.0,1.0,1.0,12,5,12,1.0000000000000002,0.0,0.02507208781817638,0.7774790660436854,0.9999999999999998,2.0,1,1
196370,1.0,1.0,1.0,1.0,1.0,7,6,2,1.9659258262890682,0.7411809548974794,0.21816851753197009,1.6234898018587334,1.8660254037844386,1.5,1,1
10681,1.0,1.0,3.0,1.0,1.0,10,5,7,1.5,0.1339745962155613,0.02507208781817638,0.7774790660436854,0.5000000000000002,0.13397459621556118,1,1
57914,1.0,2.0,1.0,2.0,1.0,17,7,1,0.03407417371093169,0.7411809548974794,0.9999999999999998,2.0,1.5,1.8660254037844388,1,1
30794,1.0,1.0,1.0,1.0,1.0,15,4,10,0.29289321881345287,0.2928932188134521,0.5661162608824419,0.09903113209758085,0.1339745962155614,1.5,1,1
68781,1.0,1.0,1.0,1.0,1.0,13,5,7,0.7411809548974793,0.03407417371093169,0.02507208781817638,0.7774790660436854,0.5000000000000002,0.13397459621556118,1,1
62268,1.0,1.0,2.0,1.0,1.0,19,2,5,0.03407417371093158,1.2588190451025203,1.9749279121818235,0.7774790660436857,1.5,0.1339745962155613,1,1
198718,1.0,1.0,1.0,1.0,1.0,14,3,8,0.5000000000000002,0.13397459621556118,1.4338837391175583,0.09903113209758097,0.13397459621556151,0.49999999999999956,2,1
97057,1.0,1.0,3.0,1.0,1.0,13,6,5,0.7411809548974793,0.03407417371093169,0.21816851753197009,1.6234898018587334,1.5,0.1339745962155613,1,1
130619,1.0,3.0,1.0,1.0,1.0,23,7,9,0.7411809548974784,1.9659258262890682,0.9999999999999998,2.0,0.0,0.9999999999999998,2,1
136431,1.0,1.0,1.0,1.0,1.0,15,4,2,0.29289321881345287,0.2928932188134521,0.5661162608824419,0.09903113209758085,1.8660254037844386,1.5,2,1
177593,1.0,1.0,1.0,1.0,1.0,15,2,10,0.29289321881345287,0.2928932188134521,1.9749279121818235,0.7774790660436857,0.1339745962155614,1.5,1,1
114616,1.0,1.0,3.0,1.0,1.0,7,4,3,1.9659258262890682,0.7411809548974794,0.5661162608824419,0.09903113209758085,2.0,1.0,2,1
54822,1.0,1.0,2.0,1.0,1.0,10,6,4,1.5,0.1339745962155613,0.21816851753197009,1.6234898018587334,1.8660254037844388,0.5000000000000002,2,1
53252,1.0,1.0,1.0,1.0,1.0,14,6,3,0.5000000000000002,0.13397459621556118,0.21816851753197009,1.6234898018587334,2.0,1.0,1,1
98654,1.0,1.0,3.0,1.0,1.0,18,5,12,0.0,0.9999999999999998,0.02507208781817638,0.7774790660436854,0.9999999999999998,2.0,1,1
51388,1.0,2.0,3.0,1.0,1.0,6,4,10,2.0,1.0,0.5661162608824419,0.09903113209758085,0.1339745962155614,1.5,1,1
72413,1.0,1.0,1.0,1.0,1.0,11,3,2,1.258819045102521,0.0340741737109318,1.4338837391175583,0.09903113209758097,1.8660254037844386,1.5,2,1
144474,3.0,3.0,3.0,2.0,1.0,19,6,2,0.03407417371093158,1.2588190451025203,0.21816851753197009,1.6234898018587334,1.8660254037844386,1.5,2,1
29400,3.0,3.0,1.0,2.0,1.0,17,3,11,0.03407417371093169,0.7411809548974794,1.4338837391175583,0.09903113209758097,0.49999999999999956,1.8660254037844384,1,1
62730,1.0,1.0,1.0,2.0,1.0,14,1,12,0.5000000000000002,0.13397459621556118,1.78183148246803,1.6234898018587336,0.9999999999999998,2.0,2,1
40093,2.0,3.0,1.0,2.0,1.0,23,3,10,0.7411809548974784,1.9659258262890682,1.4338837391175583,0.09903113209758097,0.1339745962155614,1.5,1,1
26895,1.0,1.0,2.0,1.0,1.0,14,2,5,0.5000000000000002,0.13397459621556118,1.9749279121818235,0.7774790660436857,1.5,0.1339745962155613,2,1
66744,1.0,2.0,2.0,1.0,1.0,7,4,9,1.9659258262890682,0.7411809548974794,0.5661162608824419,0.09903113209758085,0.0,0.9999999999999998,1,1
125919,1.0,3.0,1.0,1.0,1.0,3,7,4,1.7071067811865475,1.7071067811865475,0.9999999999999998,2.0,1.8660254037844388,0.5000000000000002,2,1
157373,1.0,1.0,3.0,1.0,1.0,16,6,6,0.13397459621556151,0.49999999999999956,0.21816851753197009,1.6234898018587334,1.0000000000000002,0.0,1,1
123160,1.0,1.0,1.0,1.0,1.0,10,5,12,1.5,0.1339745962155613,0.02507208781817638,0.7774790660436854,0.9999999999999998,2.0,1,1
61150,1.0,1.0,3.0,1.0,1.0,8,4,4,1.8660254037844388,0.5000000000000002,0.5661162608824419,0.09903113209758085,1.8660254037844388,0.5000000000000002,2,1
107789,2.0,3.0,3.0,1.0,1.0,23,1,12,0.7411809548974784,1.9659258262890682,1.78183148246803,1.6234898018587336,0.9999999999999998,2.0,1,1
194415,1.0,3.0,2.0,1.0,1.0,23,6,9,0.7411809548974784,1.9659258262890682,0.21816851753197009,1.6234898018587334,0.0,0.9999999999999998,1,1
75932,1.0,1.0,2.0,1.0,1.0,10,6,7,1.5,0.1339745962155613,0.21816851753197009,1.6234898018587334,0.5000000000000002,0.13397459621556118,1,1
190869,2.0,1.0,2.0,2.0,1.0,11,7,4,1.258819045102521,0.0340741737109318,0.9999999999999998,2.0,1.8660254037844388,0.5000000000000002,1,1
45062,1.0,2.0,3.0,1.0,1.0,20,7,5,0.1339745962155614,1.5,0.9999999999999998,2.0,1.5,0.1339745962155613,2,1
90715,1.0,3.0,1.0,2.0,1.0,17,1,1,0.03407417371093169,0.7411809548974794,1.78183148246803,1.6234898018587336,1.5,1.8660254037844388,1,1
207007,1.0,1.0,3.0,1.0,1.0,11,6,12,1.258819045102521,0.0340741737109318,0.21816851753197009,1.6234898018587334,0.9999999999999998,2.0,1,1
54553,2.0,1.0,1.0,2.0,1.0,13,6,3,0.7411809548974793,0.03407417371093169,0.21816851753197009,1.6234898018587334,2.0,1.0,1,1
163250,2.0,3.0,1.0,2.0,1.0,22,7,1,0.49999999999999956,1.8660254037844384,0.9999999999999998,2.0,1.5,1.8660254037844388,2,1
89951,2.0,1.0,1.0,2.0,1.0,12,2,10,1.0000000000000002,0.0,1.9749279121818235,0.7774790660436857,0.1339745962155614,1.5,2,1