Unnamed: 0,weather_condition,lighting_condition,trafficway_type,roadway_surface_cond,road_defect,crash_hour,crash_day_of_week,crash_month,crash_hour_sin,crash_hour_cos,crash_day_sin,crash_day_cos,crash_month_sin,crash_month_cos,crash_type,intersection_related_i
142580,1.0,3.0,3.0,1.0,1.0,4,1,11,1.8660254037844386,1.5,1.78183148246803,1.6234898018587336,0.49999999999999956,1.8660254037844384,1,1
44078,1.0,1.0,3.0,1.0,1.0,13,1,8,0.7411809548974793,0.03407417371093169,1.78183148246803,1.6234898018587336,0.13397459621556151,0.49999999999999956,2,1
64825,2.0,1.0,1.0,2.0,1.0,10,4,1,1.5,0.1339745962155613,0.5661162608824419,0.09903113209758085,1.5,1.8660254037844388,1,1
8217,2.0,1.0,1.0,2.0,1.0,15,5,5,0.29289321881345287,0.2928932188134521,0.02507208781817638,0.7774790660436854,1.5,0.1339745962155613,1,1
71422,1.0,1.0,3.0,1.0,1.0,15,3,8,0.29289321881345287,0.2928932188134521,1.4338837391175583,0.09903113209758097,0.13397459621556151,0.49999999999999956,1,1
141625,2.0,1.0,3.0,2.0,1.0,11,6,9,1.258819045102521,0.0340741737109318,0.21816851753197009,1.6234898018587334,0.0,0.9999999999999998,1,0
9323,1.0,1.0,3.0,1.0,1.0,15,3,5,0.29289321881345287,0.2928932188134521,1.4338837391175583,0.09903113209758097,1.5,0.1339745962155613,1,1
100989,1.0,2.0,2.0,1.0,1.0,19,3,8,0.03407417371093158,1.2588190451025203,1.4338837391175583,0.09903113209758097,0.13397459621556151,0.49999999999999956,2,1
37251,1.0,1.0,3.0,1.0,3.0,11,7,2,1.258819045102521,0.0340741737109318,0.9999999999999998,2.0,1.8660254037844386,1.5,1,1
78166,2.0,3.0,1.0,2.0,1.0,21,7,12,0.2928932188134523,1.7071067811865475,0.9999999999999998,2.0,0.9999999999999998,2.0,1,1
151543,1.0,3.0,3.0,1.0,1.0,21,2,2,0.2928932188134523,1.7071067811865475,1.9749279121818235,0.7774790660436857,1.8660254037844386,1.5,1,1
72035,1.0,1.0,2.0,1.0,1.0,15,2,4,0.29289321881345287,0.2928932188134521,1.9749279121818235,0.7774790660436857,1.8660254037844388,0.5000000000000002,1,1
168337,1.0,1.0,1.0,1.0,1.0,10,6,7,1.5,0.1339745962155613,0.21816851753197009,1.6234898018587334,0.5000000000000002,0.13397459621556118,2,1
69675,1.0,1.0,3.0,1.0,1.0,7,5,10,1.9659258262890682,0.7411809548974794,0.02507208781817638,0.7774790660436854,0.1339745962155614,1.5,2,1
123642,1.0,1.0,2.0,1.0,1.0,7,6,7,1.9659258262890682,0.7411809548974794,0.21816851753197009,1.6234898018587334,0.5000000000000002,0.13397459621556118,2,1
56713,1.0,1.0,2.0,1.0,1.0,12,4,11,1.0000000000000002,0.0,0.5661162608824419,0.09903113209758085,0.49999999999999956,1.8660254037844384,2,1
100101,1.0,1.0,1.0,1.0,1.0,12,6,10,1.0000000000000002,0.0,0.21816851753197009,1.6234898018587334,0.1339745962155614,1.5,1,1
52572,1.0,3.0,3.0,1.0,1.0,19,4,12,0.03407417371093158,1.2588190451025203,0.5661162608824419,0.09903113209758085,0.9999999999999998,2.0,1,1
2638,1.0,1.0,1.0,1.0,1.0,14,4,7,0.5000000000000002,0.13397459621556118,0.5661162608824419,0.09903113209758085,0.5000000000000002,0.13397459621556118,2,1
75215,1.0,1.0,1.0,1.0,1.0,14,7,1,0.5000000000000002,0.13397459621556118,0.9999999999999998,2.0,1.5,1.8660254037844388,1,1
82027,1.0,1.0,1.0,1.0,1.0,14,7,6,0.5000000000000002,0.13397459621556118,0.9999999999999998,2.0,1.0000000000000002,0.0,1,1
203108,1.0,1.0,2.0,1.0,1.0,8,3,10,1.8660254037844388,0.5000000000000002,1.4338837391175583,0.09903113209758097,0.1339745962155614,1.5,1,1
44786,1.0,3.0,2.0,1.0,1.0,22,5,12,0.49999999999999956,1.8660254037844384,0.02507208781817638,0.7774790660436854,0.9999999999999998,2.0,2,1
204432,1.0,1.0,3.0,1.0,1.0,14,6,11,0.5000000000000002,0.13397459621556118,0.21816851753197009,1.6234898018587334,0.49999999999999956,1.8660254037844384,1,1
118411,1.0,4.0,3.0,1.0,1.0,19,6,9,0.03407417371093158,1.2588190451025203,0.21816851753197009,1.6234898018587334,0.0,0.9999999999999998,1,1
138792,1.0,1.0,3.0,1.0,1.0,14,3,12,0.5000000000000002,0.13397459621556118,1.4338837391175583,0.09903113209758097,0.9999999999999998,2.0,2,1
6672,1.0,1.0,1.0,1.0,1.0,17,2,5,0.03407417371093169,0.7411809548974794,1.9749279121818235,0.7774790660436857,1.5,0.1339745962155613,2,1
128517,1.0,1.0,2.0,1.0,1.0,8,3,6,1.8660254037844388,0.5000000000000002,1.4338837391175583,0.09903113209758097,1.0000000000000002,0.0,1,1
3887,1.0,4.0,3.0,2.0,1.0,19,6,12,0.03407417371093158,1.2588190451025203,0.21816851753197009,1.6234898018587334,0.9999999999999998,2.0,2,1
56109,1.0,2.0,1.8332037225905151,1.0,1.0,18,5,4,0.0,0.9999999999999998,0.02507208781817638,0.7774790660436854,1.8660254037844388,0.5000000000000002,1,0
49135,1.0,3.0,3.0,1.0,1.0,17,4,12,0.03407417371093169,0.7411809548974794,0.5661162608824419,0.09903113209758085,0.9999999999999998,2.0,2,1
45414,1.0,1.0,2.0,1.0,1.0,11,7,9,1.258819045102521,0.0340741737109318,0.9999999999999998,2.0,0.0,0.9999999999999998,2,1
99543,1.0,3.0,2.0,1.0,1.0,19,2,3,0.03407417371093158,1.2588190451025203,1.9749279121818235,0.7774790660436857,2.0,1.0,1,1
131768,1.0,1.0,1.0,1.0,1.0,12,7,12,1.0000000000000002,0.0,0.9999999999999998,2.0,0.9999999999999998,2.0,1,1
124373,1.0,1.0,1.0,1.0,1.0,13,7,3,0.7411809548974793,0.03407417371093169,0.9999999999999998,2.0,2.0,1.0,1,1
134903,1.0,1.0,3.0,1.0,1.0,15,4,8,0.29289321881345287,0.2928932188134521,0.5661162608824419,0.09903113209758085,0.13397459621556151,0.49999999999999956,2,1
73677,2.0,1.0,1.0,2.0,1.0,6,5,11,2.0,1.0,0.02507208781817638,0.7774790660436854,0.49999999999999956,1.8660254037844384,1,1
61635,1.0,1.0,3.0,1.0,1.0,17,4,5,0.03407417371093169,0.7411809548974794,0.5661162608824419,0.09903113209758085,1.5,0.1339745962155613,1,1
18991,1.0,1.0,1.0,1.0,1.0,13,3,5,0.7411809548974793,0.03407417371093169,1.4338837391175583,0.09903113209758097,1.5,0.1339745962155613,1,1
109189,1.0,1.0,1.0,1.0,1.0,11,7,9,1.258819045102521,0.0340741737109318,0.9999999999999998,2.0,0.0,0.9999999999999998,1,1
89441,1.0,1.0,3.0,1.0,1.0,14,1,7,0.5000000000000002,0.13397459621556118,1.78183148246803,1.6234898018587336,0.5000000000000002,0.13397459621556118,1,1
32634,1.0,1.0,1.0,1.0,1.0,12,4,6,1.0000000000000002,0.0,0.5661162608824419,0.09903113209758085,1.0000000000000002,0.0,1,1
86418,1.0,1.0,3.0,1.0,1.0,10,2,5,1.5,0.1339745962155613,1.9749279121818235,0.7774790660436857,1.5,0.1339745962155613,2,1
120853,1.0,1.0,1.0,1.0,1.0,13,1,9,0.7411809548974793,0.03407417371093169,1.78183148246803,1.6234898018587336,0.0,0.9999999999999998,1,1
164037,1.0,1.0,2.0,1.0,1.0,13,7,8,0.7411809548974793,0.03407417371093169,0.9999999999999998,2.0,0.13397459621556151,0.49999999999999956,1,1
63923,1.0,3.0,3.0,1.0,1.0,22,6,12,0.49999999999999956,1.8660254037844384,0.21816851753197009,1.6234898018587334,0.9999999999999998,2.0,1,1
158217,1.0,1.0,3.0,1.0,1.0,14,4,10,0.5000000000000002,0.13397459621556118,0.5661162608824419,0.09903113209758085,0.1339745962155614,1.5,1,1
64209,1.0,1.0,1.0,1.0,1.0,18,1,9,0.0,0.9999999999999998,1.78183148246803,1.6234898018587336,0.0,0.9999999999999998,1,1
116707,2.0,4.0,2.0,2.0,1.0,17,5,2,0.03407417371093169,0.7411809548974794,0.02507208781817638,0.7774790660436854,1.8660254037844386,1.5,1,1
38786,1.0,1.0,3.0,1.0,1.0,18,6,4,0.0,0.9999999999999998,0.21816851753197009,1.6234898018587334,1.8660254037844388,0.5000000000000002,1,1
11781,1.0,1.0,1.0,1.0,1.0,12,6,1,1.0000000000000002,0.0,0.21816851753197009,1.6234898018587334,1.5,1.8660254037844388,1,1
57181,1.0,1.0,3.0,1.0,1.0,15,6,7,0.29289321881345287,0.2928932188134521,0.21816851753197009,1.6234898018587334,0.5000000000000002,0.13397459621556118,2,1
184694,1.0,1.0,3.0,1.0,1.0,7,3,2,1.9659258262890682,0.7411809548974794,1.4338837391175583,0.09903113209758097,1.8660254037844386,1.5,1,1
113522,1.0,1.0,2.0,1.0,1.0,12,1,4,1.0000000000000002,0.0,1.78183148246803,1.6234898018587336,1.8660254037844388,0.5000000000000002,1,1
38691,1.0,1.0,1.0,1.0,1.0,7,6,5,1.9659258262890682,0.7411809548974794,0.21816851753197009,1.6234898018587334,1.5,0.1339745962155613,1,1
196082,1.0,3.0,1.0,1.0,1.0,21,4,7,0.2928932188134523,1.7071067811865475,0.5661162608824419,0.09903113209758085,0.5000000000000002,0.13397459621556118,2,1
142020,1.0,1.0,1.0,1.0,1.0,12,5,10,1.0000000000000002,0.0,0.02507208781817638,0.7774790660436854,0.1339745962155614,1.5,1,1
46952,1.0,2.0,1.0,1.0,1.0,17,3,2,0.03407417371093169,0.7411809548974794,1.4338837391175583,0.09903113209758097,1.8660254037844386,1.5,1,1
147239,1.0,3.0,2.0,1.0,1.0,20,1,10,0.1339745962155614,1.5,1.78183148246803,1.6234898018587336,0.1339745962155614,1.5,1,1
31959,1.0,1.0,3.0,1.0,1.0,17,4,5,0.03407417371093169,0.7411809548974794,0.5661162608824419,0.09903113209758085,1.5,0.1339745962155613,2,1
64269,1.0,1.0,2.0,1.0,1.0,17,6,4,0.03407417371093169,0.7411809548974794,0.21816851753197009,1.6234898018587334,1.8660254037844388,0.5000000000000002,1,1
174309,1.0,1.0,1.8332037225905151,1.0,1.0,13,5,4,0.7411809548974793,0.03407417371093169,0.02507208781817638,0.7774790660436854,1.8660254037844388,0.5000000000000002,1,1
128845,1.0,3.0,1.0,1.0,1.0,23,4,6,0.7411809548974784,1.9659258262890682,0.5661162608824419,0.09903113209758085,1.0000000000000002,0.0,2,1
163320,1.0,1.0,1.0,1.0,1.0,11,7,2,1.258819045102521,0.0340741737109318,0.9999999999999998,2.0,1.8660254037844386,1.5,1,1
206019,1.0,3.0,1.0,1.0,1.0,23,2,12,0.7411809548974784,1.9659258262890682,1.9749279121818235,0.7774790660436857,0.9999999999999998,2.0,2,1
60177,1.0,1.0,3.0,1.0,1.0,15,3,5,0.29289321881345287,0.2928932188134521,1.4338837391175583,0.09903113209758097,1.5,0.1339745962155613,1,1
32274,1.0,1.0,3.0,1.0,1.0,8,5,5,1.8660254037844388,0.5000000000000002,0.02507208781817638,0.7774790660436854,1.5,0.1339745962155613,2,1
155260,1.0,1.0,1.0,1.0,1.0,11,4,2,1.258819045102521,0.0340741737109318,0.5661162608824419,0.09903113209758085,1.8660254037844386,1.5,2,1
156093,2.0,3.0,3.0,2.0,1.0,21,5,11,0.2928932188134523,1.7071067811865475,0.02507208781817638,0.7774790660436854,0.49999999999999956,1.8660254037844384,1,1
25369,2.0,1.0,3.0,2.0,1.0,15,6,10,0.29289321881345287,0.2928932188134521,0.21816851753197009,1.6234898018587334,0.1339745962155614,1.5,1,1
37736,1.0,1.0,3.0,1.0,1.0,11,5,6,1.258819045102521,0.0340741737109318,0.02507208781817638,0.7774790660436854,1.0000000000000002,0.0,1,1
77169,1.0,3.0,2.0,1.0,1.0,18,5,1,0.0,0.9999999999999998,0.02507208781817638,0.7774790660436854,1.5,1.8660254037844388,2,1
116088,1.0,1.0,3.0,1.0,1.0,15,4,8,0.29289321881345287,0.2928932188134521,0.5661162608824419,0.09903113209758085,0.13397459621556151,0.49999999999999956,1,1
135951,1.0,3.0,1.0,1.0,1.0,17,3,11,0.03407417371093169,0.7411809548974794,1.4338837391175583,0.09903113209758097,0.49999999999999956,1.8660254037844384,1,1
106813,1.0,1.0,1.0,1.0,1.0,7,6,4,1.9659258262890682,0.7411809548974794,0.21816851753197009,1.6234898018587334,1.8660254037844388,0.5000000000000002,1,1
251,1.0,3.0,3.0,1.0,1.0,17,7,1,0.03407417371093169,0.7411809548974794,0.9999999999999998,2.0,1.5,1.8660254037844388,1,1
185274,2.0,1.0,1.0,2.0,1.0,14,4,8,0.5000000000000002,0.13397459621556118,0.5661162608824419,0.09903113209758085,0.13397459621556151,0.49999999999999956,2,1
168960,1.0,1.0,3.0,1.0,1.0,14,5,3,0.5000000000000002,0.13397459621556118,0.02507208781817638,0.7774790660436854,2.0,1.0,1,1
180932,1.0,1.0,1.0,1.0,1.0,15,2,4,0.29289321881345287,0.2928932188134521,1.9749279121818235,0.7774790660436857,1.8660254037844388,0.5000000000000002,1,1
51227,1.0,1.0,1.0,1.0,1.0,12,2,6,1.0000000000000002,0.0,1.9749279121818235,0.7774790660436857,1.0000000000000002,0.0,1,1
21782,1.0,1.0,2.0,1.0,1.0,16,3,10,0.13397459621556151,0.49999999999999956,1.4338837391175583,0.09903113209758097,0.1339745962155614,1.5,2,1
20628,1.0,1.0,1.0,1.0,1.0,12,4,10,1.0000000000000002,0.0,0.5661162608824419,0.09903113209758085,0.1339745962155614,1.5,1,1
57716,1.0,1.0,1.0,1.0,1.0,12,4,8,1.0000000000000002,0.0,0.5661162608824419,0.09903113209758085,0.13397459621556151,0.49999999999999956,1,1
39022,1.0,1.0,1.0,3.0,1.0,7,3,1,1.9659258262890682,0.7411809548974794,1.4338837391175583,0.09903113209758097,1.5,1.8660254037844388,2,1
68923,3.0,1.0,2.0,3.0,1.0,10,6,1,1.5,0.1339745962155613,0.21816851753197009,1.6234898018587334,1.5,1.8660254037844388,2,1
142602,1.0,1.0,2.0,1.0,1.0,9,3,5,1.7071067811865475,0.29289321881345254,1.4338837391175583,0.09903113209758097,1.5,0.1339745962155613,1,1
19134,1.0,3.0,3.0,1.0,1.0,6,4,1,2.0,1.0,0.5661162608824419,0.09903113209758085,1.5,1.8660254037844388,2,1
23971,1.0,1.0,3.0,1.0,1.0,17,5,9,0.03407417371093169,0.7411809548974794,0.02507208781817638,0.7774790660436854,0.0,0.9999999999999998,1,1
38333,1.0,3.0,1.0,1.0,1.0,20,1,7,0.1339745962155614,1.5,1.78183148246803,1.6234898018587336,0.5000000000000002,0.13397459621556118,1,1
205391,3.0,1.0,3.0,3.0,1.0,10,5,11,1.5,0.1339745962155613,0.02507208781817638,0.7774790660436854,0.49999999999999956,1.8660254037844384,1,1
84578,1.0,1.0,1.0,1.0,1.0,13,6,6,0.7411809548974793,0.03407417371093169,0.21816851753197009,1.6234898018587334,1.0000000000000002,0.0,1,1
114644,1.0,2.0,2.0,1.0,1.0,16,5,1,0.13397459621556151,0.49999999999999956,0.02507208781817638,0.7774790660436854,1.5,1.8660254037844388,1,1
82158,1.0,2.0,2.0,1.0,1.0,21,7,4,0.2928932188134523,1.7071067811865475,0.9999999999999998,2.0,1.8660254037844388,0.5000000000000002,1,1
165390,1.0,1.0,2.0,1.0,1.0,12,5,7,1.0000000000000002,0.0,0.02507208781817638,0.7774790660436854,0.5000000000000002,0.13397459621556118,1,1
159541,1.0,3.0,2.0,1.0,1.0,15,2,9,0.29289321881345287,0.2928932188134521,1.9749279121818235,0.7774790660436857,0.0,0.9999999999999998,1,1
78430,1.0,1.0,2.0,1.0,1.0,12,4,1,1.0000000000000002,0.0,0.5661162608824419,0.09903113209758085,1.5,1.8660254037844388,1,1
25813,1.0,1.0,2.0,1.0,1.0,7,5,9,1.9659258262890682,0.7411809548974794,0.02507208781817638,0.7774790660436854,0.0,0.9999999999999998,1,1
174999,1.0,1.0,2.0,1.0,1.0,13,5,7,0.7411809548974793,0.03407417371093169,0.02507208781817638,0.7774790660436854,0.5000000000000002,0.13397459621556118,1,1
112431,1.0,1.0,1.0,1.0,1.0,12,5,6,1.0000000000000002,0.0,0.02507208781817638,0.7774790660436854,1.0000000000000002,0.0,1,0
112035,1.0,1.0,1.0,1.0,1.0,14,2,10,0.5000000000000002,0.13397459621556118,1.9749279121818235,0.7774790660436857,0.1339745962155614,1.5,1,1
76907,1.0,1.0,3.0,1.0,1.0,17,6,7,0.03407417371093169,0.7411809548974794,0.21816851753197009,1.6234898018587334,0.5000000000000002,0.13397459621556118,2,1
34603,1.0,1.0,1.0,1.0,1.0,18,6,7,0.0,0.9999999999999998,0.21816851753197009,1.6234898018587334,0.5000000000000002,0.13397459621556118,1,1
157597,1.0,1.0,3.0,1.0,1.0,14,6,12,0.5000000000000002,0.13397459621556118,0.21816851753197009,1.6234898018587334,0.9999999999999998,2.0,2,1
151746,1.0,3.0,1.0,1.0,1.0,19,7,12,0.03407417371093158,1.2588190451025203,0.9999999999999998,2.0,0.9999999999999998,2.0,1,1
63654,1.0,1.0,2.0,1.0,1.0,8,1,10,1.8660254037844388,0.5000000000000002,1.78183148246803,1.6234898018587336,0.1339745962155614,1.5,1,1
41644,2.0,1.0,3.0,2.0,1.0,13,6,5,0.7411809548974793,0.03407417371093169,0.21816851753197009,1.6234898018587334,1.5,0.1339745962155613,1,1
26233,1.0,1.0,3.0,1.0,1.0,15,7,8,0.29289321881345287,0.2928932188134521,0.9999999999999998,2.0,0.13397459621556151,0.49999999999999956,1,1
83252,1.0,1.0,1.0,1.0,1.0,10,4,8,1.5,0.1339745962155613,0.5661162608824419,0.09903113209758085,0.13397459621556151,0.49999999999999956,1,1
96729,1.0,1.0,1.0,3.0,1.0,9,6,2,1.7071067811865475,0.29289321881345254,0.21816851753197009,1.6234898018587334,1.8660254037844386,1.5,2,1
65064,1.0,3.0,3.0,1.0,2.0,5,1,8,1.9659258262890682,1.2588190451025207,1.78183148246803,1.6234898018587336,0.13397459621556151,0.49999999999999956,1,1
154681,2.0,1.0,1.0,2.0,1.0,10,3,5,1.5,0.1339745962155613,1.4338837391175583,0.09903113209758097,1.5,0.1339745962155613,2,1
190864,1.0,1.0,3.0,1.0,1.0,10,6,7,1.5,0.1339745962155613,0.21816851753197009,1.6234898018587334,0.5000000000000002,0.13397459621556118,1,1
74762,1.0,1.0,1.0,1.0,1.0,17,3,10,0.03407417371093169,0.7411809548974794,1.4338837391175583,0.09903113209758097,0.1339745962155614,1.5,1,1
87279,1.0,1.0,1.0,1.0,1.0,21,6,7,0.2928932188134523,1.7071067811865475,0.21816851753197009,1.6234898018587334,0.5000000000000002,0.13397459621556118,1,1
52160,2.0,1.0,1.0,1.0,1.0,9,4,7,1.7071067811865475,0.29289321881345254,0.5661162608824419,0.09903113209758085,0.5000000000000002,0.13397459621556118,2,1
31149,1.0,3.0,1.0,2.0,1.0,23,4,2,0.7411809548974784,1.9659258262890682,0.5661162608824419,0.09903113209758085,1.8660254037844386,1.5,1,1
206952,2.0,3.0,1.0,2.0,1.0,17,7,12,0.03407417371093169,0.7411809548974794,0.9999999999999998,2.0,0.9999999999999998,2.0,2,1
194293,1.0,4.0,3.0,1.0,1.0,21,2,8,0.2928932188134523,1.7071067811865475,1.9749279121818235,0.7774790660436857,0.13397459621556151,0.49999999999999956,2,1
178645,1.0,1.0,1.0,1.0,1.0,19,6,4,0.03407417371093158,1.2588190451025203,0.21816851753197009,1.6234898018587334,1.8660254037844388,0.5000000000000002,1,1
51153,1.0,2.0,1.0,1.0,1.0,4,6,5,1.8660254037844386,1.5,0.21816851753197009,1.6234898018587334,1.5,0.1339745962155613,1,1
44189,1.0,1.0,4.0,1.0,1.0,13,3,7,0.7411809548974793,0.03407417371093169,1.4338837391175583,0.09903113209758097,0.5000000000000002,0.13397459621556118,1,1
67197,2.0,3.0,1.0,2.0,1.0,18,3,12,0.0,0.9999999999999998,1.4338837391175583,0.09903113209758097,0.9999999999999998,2.0,1,1
32837,1.0,3.0,1.0,1.0,1.0,22,7,9,0.49999999999999956,1.8660254037844384,0.9999999999999998,2.0,0.0,0.9999999999999998,1,1
148161,2.0,1.0,1.0,2.0,1.0,13,6,12,0.7411809548974793,0.03407417371093169,0.21816851753197009,1.6234898018587334,0.9999999999999998,2.0,2,1
89981,1.0,3.0,1.0,1.0,1.0,21,4,7,0.2928932188134523,1.7071067811865475,0.5661162608824419,0.09903113209758085,0.5000000000000002,0.13397459621556118,1,1
3975,1.0,3.0,3.0,1.0,1.0,20,7,9,0.1339745962155614,1.5,0.9999999999999998,2.0,0.0,0.9999999999999998,2,1
137144,1.0,1.0,2.0,1.0,1.0,12,3,7,1.0000000000000002,0.0,1.4338837391175583,0.09903113209758097,0.5000000000000002,0.13397459621556118,2,1
200818,2.0,1.0,3.0,2.0,1.0,9,1,9,1.7071067811865475,0.29289321881345254,1.78183148246803,1.6234898018587336,0.0,0.9999999999999998,1,1
160638,2.0,3.0,2.0,2.0,1.0,19,2,9,0.03407417371093158,1.2588190451025203,1.9749279121818235,0.7774790660436857,0.0,0.9999999999999998,2,1
189409,1.0,1.0,3.0,1.0,1.0,14,7,9,0.5000000000000002,0.13397459621556118,0.9999999999999998,2.0,0.0,0.9999999999999998,1,1
58659,2.0,3.0,1.0,2.0,1.0,5,1,1,1.9659258262890682,1.2588190451025207,1.78183148246803,1.6234898018587336,1.5,1.8660254037844388,2,1
63047,1.0,1.0,1.0,1.0,1.0,10,4,10,1.5,0.1339745962155613,0.5661162608824419,0.09903113209758085,0.1339745962155614,1.5,1,1
170146,1.0,1.0,1.0,2.0,1.0,8,6,5,1.8660254037844388,0.5000000000000002,0.21816851753197009,1.6234898018587334,1.5,0.1339745962155613,1,1
171037,1.0,1.0,3.0,1.0,1.0,16,5,7,0.13397459621556151,0.49999999999999956,0.02507208781817638,0.7774790660436854,0.5000000000000002,0.13397459621556118,1,1
121011,1.0,1.0,2.0,1.0,1.0,14,3,9,0.5000000000000002,0.13397459621556118,1.4338837391175583,0.09903113209758097,0.0,0.9999999999999998,1,1
67042,1.0,2.0,3.0,1.0,1.0,6,3,12,2.0,1.0,1.4338837391175583,0.09903113209758097,0.9999999999999998,2.0,2,1
109192,1.0,3.0,1.0,1.0,4.0,21,1,9,0.2928932188134523,1.7071067811865475,1.78183148246803,1.6234898018587336,0.0,0.9999999999999998,1,1
57145,1.0,3.0,2.0,1.0,1.0,18,6,10,0.0,0.9999999999999998,0.21816851753197009,1.6234898018587334,0.1339745962155614,1.5,1,1
158564,1.0,2.0,3.0,1.0,1.0,13,6,12,0.7411809548974793,0.03407417371093169,0.21816851753197009,1.6234898018587334,0.9999999999999998,2.0,2,1
79248,1.0,1.0,3.0,1.0,1.0,16,6,7,0.13397459621556151,0.49999999999999956,0.21816851753197009,1.6234898018587334,0.5000000000000002,0.13397459621556118,1,1
178898,1.0,1.0,2.0,1.0,1.0,7,5,5,1.9659258262890682,0.7411809548974794,0.02507208781817638,0.7774790660436854,1.5,0.1339745962155613,2,1
151450,1.0,1.0,1.8332037225905151,1.0,1.0,14,5,8,0.5000000000000002,0.13397459621556118,0.02507208781817638,0.7774790660436854,0.13397459621556151,0.49999999999999956,1,1
1585,1.0,1.0,1.0,1.0,1.0,12,1,7,1.0000000000000002,0.0,1.78183148246803,1.6234898018587336,0.5000000000000002,0.13397459621556118,1,1
113553,2.0,1.0,1.0,2.0,1.0,12,1,4,1.0000000000000002,0.0,1.78183148246803,1.6234898018587336,1.8660254037844388,0.5000000000000002,2,1
99991,1.0,4.0,3.0,1.0,1.0,20,2,8,0.1339745962155614,1.5,1.9749279121818235,0.7774790660436857,0.13397459621556151,0.49999999999999956,1,1
175684,1.0,1.0,2.0,1.0,1.0,18,3,7,0.0,0.9999999999999998,1.4338837391175583,0.09903113209758097,0.5000000000000002,0.13397459621556118,1,1
164909,1.0,1.0,3.0,1.0,4.0,17,7,7,0.03407417371093169,0.7411809548974794,0.9999999999999998,2.0,0.5000000000000002,0.13397459621556118,1,1
199905,1.0,1.0,1.0,1.0,1.0,15,3,9,0.29289321881345287,0.2928932188134521,1.4338837391175583,0.09903113209758097,0.0,0.9999999999999998,1,1
189568,1.0,1.0,1.0,1.0,1.0,16,7,9,0.13397459621556151,0.49999999999999956,0.9999999999999998,2.0,0.0,0.9999999999999998,1,1
44301,1.0,2.0,3.0,1.0,1.0,7,5,1,1.9659258262890682,0.7411809548974794,0.02507208781817638,0.7774790660436854,1.5,1.8660254037844388,1,1
153140,3.0,3.0,1.0,3.0,1.0,16,2,11,0.13397459621556151,0.49999999999999956,1.9749279121818235,0.7774790660436857,0.49999999999999956,1.8660254037844384,2,0
99859,1.0,2.0,3.0,1.0,1.0,17,6,9,0.03407417371093169,0.7411809548974794,0.21816851753197009,1.6234898018587334,0.0,0.9999999999999998,1,1
53177,1.0,1.0,1.0,1.0,1.0,16,4,6,0.13397459621556151,0.49999999999999956,0.5661162608824419,0.09903113209758085,1.0000000000000002,0.0,1,0
183380,1.0,1.0,3.0,1.0,1.0,12,4,9,1.0000000000000002,0.0,0.5661162608824419,0.09903113209758085,0.0,0.9999999999999998,1,1
147619,1.0,3.0,1.0,1.0,1.0,18,2,12,0.0,0.9999999999999998,1.9749279121818235,0.7774790660436857,0.9999999999999998,2.0,1,1
30937,1.0,1.0,3.0,1.0,1.0,6,3,2,2.0,1.0,1.4338837391175583,0.09903113209758097,1.8660254037844386,1.5,2,1
127724,1.0,3.0,1.0,1.0,1.0,20,3,4,0.1339745962155614,1.5,1.4338837391175583,0.09903113209758097,1.8660254037844388,0.5000000000000002,1,1
30644,1.0,1.0,1.0,1.0,1.0,13,2,12,0.7411809548974793,0.03407417371093169,1.9749279121818235,0.7774790660436857,0.9999999999999998,2.0,1,1
48219,1.0,2.0,3.0,1.0,1.0,20,2,8,0.1339745962155614,1.5,1.9749279121818235,0.7774790660436857,0.13397459621556151,0.49999999999999956,1,1
171124,1.0,2.0,1.0,1.0,1.0,17,5,3,0.03407417371093169,0.7411809548974794,0.02507208781817638,0.7774790660436854,2.0,1.0,1,1
147140,1.0,1.0,3.0,1.0,1.0,8,5,2,1.8660254037844388,0.5000000000000002,0.02507208781817638,0.7774790660436854,1.8660254037844386,1.5,1,1
201045,1.0,1.0,1.0,1.0,1.0,5,4,9,1.9659258262890682,1.2588190451025207,0.5661162608824419,0.09903113209758085,0.0,0.9999999999999998,1,1
5142,2.0,3.0,3.0,2.0,1.0,22,5,1,0.49999999999999956,1.8660254037844384,0.02507208781817638,0.7774790660436854,1.5,1.8660254037844388,1,1
31169,1.0,1.0,3.0,1.0,1.0,15,2,5,0.29289321881345287,0.2928932188134521,1.9749279121818235,0.7774790660436857,1.5,0.1339745962155613,2,1
122325,1.0,1.0,3.0,1.0,1.0,10,3,3,1.5,0.1339745962155613,1.4338837391175583,0.09903113209758097,2.0,1.0,1,1
59337,1.0,1.0,2.0,2.0,1.0,15,2,3,0.29289321881345287,0.2928932188134521,1.9749279121818235,0.7774790660436857,2.0,1.0,2,1
65919,1.0,1.0,3.0,1.0,1.0,12,2,1,1.0000000000000002,0.0,1.9749279121818235,0.7774790660436857,1.5,1.8660254037844388,1,1
130046,1.0,1.0,1.0,1.0,1.0,15,3,2,0.29289321881345287,0.2928932188134521,1.4338837391175583,0.09903113209758097,1.8660254037844386,1.5,1,1
110902,1.0,3.0,3.0,1.0,1.0,21,6,9,0.2928932188134523,1.7071067811865475,0.21816851753197009,1.6234898018587334,0.0,0.9999999999999998,2,1
37054,1.0,1.0,2.0,1.0,1.0,13,1,8,0.7411809548974793,0.03407417371093169,1.78183148246803,1.6234898018587336,0.13397459621556151,0.49999999999999956,1,1
197312,1.0,3.0,3.0,1.0,1.0,20,4,8,0.1339745962155614,1.5,0.5661162608824419,0.09903113209758085,0.13397459621556151,0.49999999999999956,1,1
133675,1.0,3.0,1.0,1.0,1.0,18,2,12,0.0,0.9999999999999998,1.9749279121818235,0.7774790660436857,0.9999999999999998,2.0,1,1