Unnamed: 0,weather_condition,lighting_condition,trafficway_type,roadway_surface_cond,road_defect,crash_hour,crash_day_of_week,crash_month,crash_hour_sin,crash_hour_cos,crash_day_sin,crash_day_cos,crash_month_sin,crash_month_cos,crash_type,intersection_related_i
132851,1.0,1.0,1.0,1.0,1.0,17,4,7,0.03407417371093169,0.7411809548974794,0.5661162608824419,0.09903113209758085,0.5000000000000002,0.13397459621556118,2,1
161771,1.0,1.0,2.0,1.0,4.0,16,4,3,0.13397459621556151,0.49999999999999956,0.5661162608824419,0.09903113209758085,2.0,1.0,2,1
154839,1.0,3.0,1.0,1.0,1.0,21,4,11,0.2928932188134523,1.7071067811865475,0.5661162608824419,0.09903113209758085,0.49999999999999956,1.8660254037844384,2,1
50610,1.0,1.0,1.0,1.0,1.0,14,4,11,0.5000000000000002,0.13397459621556118,0.5661162608824419,0.09903113209758085,0.49999999999999956,1.8660254037844384,1,1
83026,1.0,4.0,1.0,1.0,1.0,17,7,3,0.03407417371093169,0.7411809548974794,0.9999999999999998,2.0,2.0,1.0,1,1
684,2.0,1.0,1.0,2.0,1.0,9,5,4,1.7071067811865475,0.29289321881345254,0.02507208781817638,0.7774790660436854,1.8660254037844388,0.5000000000000002,1,1
47180,1.0,1.0,3.0,1.0,1.0,16,6,9,0.13397459621556151,0.49999999999999956,0.21816851753197009,1.6234898018587334,0.0,0.9999999999999998,1,1
99970,1.0,3.0,2.0,1.0,1.0,19,3,11,0.03407417371093158,1.2588190451025203,1.4338837391175583,0.09903113209758097,0.49999999999999956,1.8660254037844384,2,1
42195,1.0,1.0,1.0,1.0,1.0,18,6,8,0.0,0.9999999999999998,0.21816851753197009,1.6234898018587334,0.13397459621556151,0.49999999999999956,1,1
140683,1.0,1.0,2.0,1.0,1.0,17,7,7,0.03407417371093169,0.7411809548974794,0.9999999999999998,2.0,0.5000000000000002,0.13397459621556118,1,1
49006,1.0,1.0,3.0,1.0,1.0,13,3,5,0.7411809548974793,0.03407417371093169,1.4338837391175583,0.09903113209758097,1.5,0.1339745962155613,2,1
1564,1.0,1.0,2.0,1.0,1.0,9,5,12,1.7071067811865475,0.29289321881345254,0.02507208781817638,0.7774790660436854,0.9999999999999998,2.0,1,1
31984,2.0,3.0,3.0,2.0,1.0,16,2,11,0.13397459621556151,0.49999999999999956,1.9749279121818235,0.7774790660436857,0.49999999999999956,1.8660254037844384,2,1
39409,1.0,1.0,1.0,1.0,1.0,10,7,6,1.5,0.1339745962155613,0.9999999999999998,2.0,1.0000000000000002,0.0,2,0
31064,1.0,1.0,2.0,1.0,1.0,16,2,6,0.13397459621556151,0.49999999999999956,1.9749279121818235,0.7774790660436857,1.0000000000000002,0.0,1,1
199574,1.0,1.0,3.0,1.0,1.0,16,6,9,0.13397459621556151,0.49999999999999956,0.21816851753197009,1.6234898018587334,0.0,0.9999999999999998,2,1
9841,1.0,1.0,2.0,1.0,1.0,11,6,1,1.258819045102521,0.0340741737109318,0.21816851753197009,1.6234898018587334,1.5,1.8660254037844388,2,1
137586,1.0,1.0,2.0,1.0,1.0,7,2,4,1.9659258262890682,0.7411809548974794,1.9749279121818235,0.7774790660436857,1.8660254037844388,0.5000000000000002,1,1
51406,1.0,3.0,3.0,1.0,1.0,22,7,5,0.49999999999999956,1.8660254037844384,0.9999999999999998,2.0,1.5,0.1339745962155613,1,1
65164,2.0,1.0,2.0,2.0,1.0,14,5,6,0.5000000000000002,0.13397459621556118,0.02507208781817638,0.7774790660436854,1.0000000000000002,0.0,1,1
126670,1.0,3.0,3.0,1.0,1.0,21,1,3,0.2928932188134523,1.7071067811865475,1.78183148246803,1.6234898018587336,2.0,1.0,2,1
129353,1.0,1.0,1.0,1.0,1.0,8,3,3,1.8660254037844388,0.5000000000000002,1.4338837391175583,0.09903113209758097,2.0,1.0,2,1
151942,1.0,1.0,3.0,1.0,1.0,7,1,8,1.9659258262890682,0.7411809548974794,1.78183148246803,1.6234898018587336,0.13397459621556151,0.49999999999999956,1,1
157049,3.0,1.0,3.0,3.0,1.0,10,4,10,1.5,0.1339745962155613,0.5661162608824419,0.09903113209758085,0.1339745962155614,1.5,1,1
132284,1.0,1.0,2.0,1.0,1.0,17,6,6,0.03407417371093169,0.7411809548974794,0.21816851753197009,1.6234898018587334,1.0000000000000002,0.0,1,1
94518,1.0,1.0,3.0,1.0,1.0,18,2,7,0.0,0.9999999999999998,1.9749279121818235,0.7774790660436857,0.5000000000000002,0.13397459621556118,2,1
140300,1.0,1.0,2.0,1.0,1.0,12,6,1,1.0000000000000002,0.0,0.21816851753197009,1.6234898018587334,1.5,1.8660254037844388,1,1
174213,2.0,1.0,2.0,2.0,1.0,16,6,9,0.13397459621556151,0.49999999999999956,0.21816851753197009,1.6234898018587334,0.0,0.9999999999999998,2,1
184979,1.0,2.0,3.0,1.0,1.0,5,1,5,1.9659258262890682,1.2588190451025207,1.78183148246803,1.6234898018587336,1.5,0.1339745962155613,1,1
124910,1.0,1.0,1.0,1.0,1.0,17,3,4,0.03407417371093169,0.7411809548974794,1.4338837391175583,0.09903113209758097,1.8660254037844388,0.5000000000000002,1,1
29118,1.0,3.0,1.0,1.0,1.0,22,5,9,0.49999999999999956,1.8660254037844384,0.02507208781817638,0.7774790660436854,0.0,0.9999999999999998,1,1
76778,1.0,1.0,3.0,1.0,1.0,16,3,8,0.13397459621556151,0.49999999999999956,1.4338837391175583,0.09903113209758097,0.13397459621556151,0.49999999999999956,1,1
139171,2.0,1.0,3.0,2.0,1.0,8,6,1,1.8660254037844388,0.5000000000000002,0.21816851753197009,1.6234898018587334,1.5,1.8660254037844388,1,1
22862,1.0,1.0,1.0,1.0,1.0,18,2,7,0.0,0.9999999999999998,1.9749279121818235,0.7774790660436857,0.5000000000000002,0.13397459621556118,2,1
174848,1.0,1.0,2.0,1.0,1.0,12,1,7,1.0000000000000002,0.0,1.78183148246803,1.6234898018587336,0.5000000000000002,0.13397459621556118,1,1
84479,1.0,1.0,1.0,1.0,1.0,17,2,9,0.03407417371093169,0.7411809548974794,1.9749279121818235,0.7774790660436857,0.0,0.9999999999999998,1,1
26055,1.0,1.0,1.0,1.0,1.0,12,1,10,1.0000000000000002,0.0,1.78183148246803,1.6234898018587336,0.1339745962155614,1.5,1,1
200857,1.0,1.0,1.0,1.0,1.0,8,2,10,1.8660254037844388,0.5000000000000002,1.9749279121818235,0.7774790660436857,0.1339745962155614,1.5,1,0
173263,1.0,1.0,1.0,1.0,1.0,18,2,5,0.0,0.9999999999999998,1.9749279121818235,0.7774790660436857,1.5,0.1339745962155613,1,1
89792,1.0,1.0,3.0,1.0,1.0,17,2,5,0.03407417371093169,0.7411809548974794,1.9749279121818235,0.7774790660436857,1.5,0.1339745962155613,2,1
21730,1.0,1.0,1.0,1.0,1.0,17,5,9,0.03407417371093169,0.7411809548974794,0.02507208781817638,0.7774790660436854,0.0,0.9999999999999998,2,1
111272,1.0,1.0,1.0,1.0,1.0,8,6,11,1.8660254037844388,0.5000000000000002,0.21816851753197009,1.6234898018587334,0.49999999999999956,1.8660254037844384,1,1
14769,1.0,3.0,3.0,1.0,1.0,5,4,11,1.9659258262890682,1.2588190451025207,0.5661162608824419,0.09903113209758085,0.49999999999999956,1.8660254037844384,1,1
139388,1.0,1.0,3.0,1.0,1.0,17,6,5,0.03407417371093169,0.7411809548974794,0.21816851753197009,1.6234898018587334,1.5,0.1339745962155613,2,1
196851,1.0,1.0,2.0,1.0,1.0,12,7,10,1.0000000000000002,0.0,0.9999999999999998,2.0,0.1339745962155614,1.5,2,1
155706,1.0,2.0,2.0,1.0,1.0,18,5,12,0.0,0.9999999999999998,0.02507208781817638,0.7774790660436854,0.9999999999999998,2.0,1,1
21883,3.0,1.0,2.0,1.0,1.0,15,5,2,0.29289321881345287,0.2928932188134521,0.02507208781817638,0.7774790660436854,1.8660254037844386,1.5,1,1
152405,2.0,3.0,1.0,2.0,1.0,17,4,11,0.03407417371093169,0.7411809548974794,0.5661162608824419,0.09903113209758085,0.49999999999999956,1.8660254037844384,2,1
6313,1.0,1.0,3.0,1.0,1.0,20,6,3,0.1339745962155614,1.5,0.21816851753197009,1.6234898018587334,2.0,1.0,1,1
34038,1.0,1.0,1.0,1.0,1.0,11,5,11,1.258819045102521,0.0340741737109318,0.02507208781817638,0.7774790660436854,0.49999999999999956,1.8660254037844384,2,1
99078,1.0,3.0,1.0,1.0,1.0,20,2,7,0.1339745962155614,1.5,1.9749279121818235,0.7774790660436857,0.5000000000000002,0.13397459621556118,1,1
178325,1.0,3.0,1.0,1.0,1.0,20,3,3,0.1339745962155614,1.5,1.4338837391175583,0.09903113209758097,2.0,1.0,2,1
70861,4.0,3.0,1.0,2.0,1.0,19,7,4,0.03407417371093158,1.2588190451025203,0.9999999999999998,2.0,1.8660254037844388,0.5000000000000002,2,0
82343,1.0,1.0,3.0,1.0,1.0,12,6,12,1.0000000000000002,0.0,0.21816851753197009,1.6234898018587334,0.9999999999999998,2.0,2,1
84915,1.0,1.0,2.0,1.0,1.0,12,7,5,1.0000000000000002,0.0,0.9999999999999998,2.0,1.5,0.1339745962155613,2,1
88567,1.0,1.0,1.0,1.0,1.0,14,5,10,0.5000000000000002,0.13397459621556118,0.02507208781817638,0.7774790660436854,0.1339745962155614,1.5,1,1
135136,1.0,1.0,1.0,1.0,1.0,13,6,10,0.7411809548974793,0.03407417371093169,0.21816851753197009,1.6234898018587334,0.1339745962155614,1.5,1,1
74476,1.0,1.0,3.0,1.0,1.0,16,3,4,0.13397459621556151,0.49999999999999956,1.4338837391175583,0.09903113209758097,1.8660254037844388,0.5000000000000002,1,1
90726,1.0,1.0,1.0,1.0,1.0,15,5,1,0.29289321881345287,0.2928932188134521,0.02507208781817638,0.7774790660436854,1.5,1.8660254037844388,2,1
67011,1.0,4.0,2.0,1.0,1.0,20,3,9,0.1339745962155614,1.5,1.4338837391175583,0.09903113209758097,0.0,0.9999999999999998,2,1
64799,1.0,1.0,1.0,1.0,1.0,15,4,3,0.29289321881345287,0.2928932188134521,0.5661162608824419,0.09903113209758085,2.0,1.0,1,1
120811,2.0,1.0,3.0,2.0,1.0,16,4,7,0.13397459621556151,0.49999999999999956,0.5661162608824419,0.09903113209758085,0.5000000000000002,0.13397459621556118,1,1
27922,2.0,3.0,2.0,2.0,1.0,22,1,8,0.49999999999999956,1.8660254037844384,1.78183148246803,1.6234898018587336,0.13397459621556151,0.49999999999999956,1,1
163880,1.0,1.0,3.0,1.0,1.0,13,7,5,0.7411809548974793,0.03407417371093169,0.9999999999999998,2.0,1.5,0.1339745962155613,1,1
167690,1.0,4.0,1.0,1.0,1.0,23,5,5,0.7411809548974784,1.9659258262890682,0.02507208781817638,0.7774790660436854,1.5,0.1339745962155613,1,0
58704,1.0,1.0,1.0,1.0,1.0,16,5,3,0.13397459621556151,0.49999999999999956,0.02507208781817638,0.7774790660436854,2.0,1.0,1,1
3320,2.0,1.0,3.0,2.0,1.0,10,1,11,1.5,0.1339745962155613,1.78183148246803,1.6234898018587336,0.49999999999999956,1.8660254037844384,1,1
86112,2.0,3.0,3.0,2.0,1.0,19,6,1,0.03407417371093158,1.2588190451025203,0.21816851753197009,1.6234898018587334,1.5,1.8660254037844388,1,1
105732,1.0,1.0,1.0,1.0,1.0,7,2,9,1.9659258262890682,0.7411809548974794,1.9749279121818235,0.7774790660436857,0.0,0.9999999999999998,1,1
32236,1.0,1.0,1.0,1.0,1.0,15,4,3,0.29289321881345287,0.2928932188134521,0.5661162608824419,0.09903113209758085,2.0,1.0,1,1
186876,1.0,2.0,1.0,1.0,1.0,19,3,9,0.03407417371093158,1.2588190451025203,1.4338837391175583,0.09903113209758097,0.0,0.9999999999999998,1,1
163907,2.0,1.0,1.0,2.0,1.0,16,5,6,0.13397459621556151,0.49999999999999956,0.02507208781817638,0.7774790660436854,1.0000000000000002,0.0,1,1
113597,1.0,2.0,1.0,1.0,1.0,20,5,4,0.1339745962155614,1.5,0.02507208781817638,0.7774790660436854,1.8660254037844388,0.5000000000000002,2,1
86781,1.0,1.0,2.0,1.0,1.0,13,6,9,0.7411809548974793,0.03407417371093169,0.21816851753197009,1.6234898018587334,0.0,0.9999999999999998,1,1
193178,1.0,3.0,2.0,1.0,1.0,23,4,5,0.7411809548974784,1.9659258262890682,0.5661162608824419,0.09903113209758085,1.5,0.1339745962155613,1,1
151571,1.0,1.0,1.0,1.0,1.0,11,6,3,1.258819045102521,0.0340741737109318,0.21816851753197009,1.6234898018587334,2.0,1.0,2,1
181839,2.0,1.0,1.0,2.0,1.0,6,3,9,2.0,1.0,1.4338837391175583,0.09903113209758097,0.0,0.9999999999999998,1,1
2622,2.0,1.0,1.0,2.0,1.0,9,1,6,1.7071067811865475,0.29289321881345254,1.78183148246803,1.6234898018587336,1.0000000000000002,0.0,2,1
119606,1.0,1.0,2.0,1.0,1.0,12,1,2,1.0000000000000002,0.0,1.78183148246803,1.6234898018587336,1.8660254037844386,1.5,2,1
193761,1.0,1.0,1.0,1.0,1.0,15,7,5,0.29289321881345287,0.2928932188134521,0.9999999999999998,2.0,1.5,0.1339745962155613,1,1
143050,2.0,1.0,2.0,2.0,1.0,14,2,1,0.5000000000000002,0.13397459621556118,1.9749279121818235,0.7774790660436857,1.5,1.8660254037844388,1,1
44480,1.0,1.0,1.0,1.0,1.0,16,3,6,0.13397459621556151,0.49999999999999956,1.4338837391175583,0.09903113209758097,1.0000000000000002,0.0,2,1
105803,1.0,1.0,2.0,1.0,1.0,12,6,9,1.0000000000000002,0.0,0.21816851753197009,1.6234898018587334,0.0,0.9999999999999998,2,1
103348,1.0,1.0,3.0,1.0,1.0,10,2,5,1.5,0.1339745962155613,1.9749279121818235,0.7774790660436857,1.5,0.1339745962155613,2,1
200184,1.0,1.0,2.0,1.0,1.0,11,6,9,1.258819045102521,0.0340741737109318,0.21816851753197009,1.6234898018587334,0.0,0.9999999999999998,2,1
10326,1.0,1.0,1.0,1.0,1.0,15,6,11,0.29289321881345287,0.2928932188134521,0.21816851753197009,1.6234898018587334,0.49999999999999956,1.8660254037844384,1,1
206717,1.0,3.0,3.0,1.0,1.0,22,3,12,0.49999999999999956,1.8660254037844384,1.4338837391175583,0.09903113209758097,0.9999999999999998,2.0,2,1
35622,1.0,1.0,1.0,1.0,1.0,14,4,9,0.5000000000000002,0.13397459621556118,0.5661162608824419,0.09903113209758085,0.0,0.9999999999999998,1,1
61265,2.0,3.0,1.0,2.0,1.0,21,7,10,0.2928932188134523,1.7071067811865475,0.9999999999999998,2.0,0.1339745962155614,1.5,1,1
67675,1.0,1.0,3.0,1.0,1.0,19,2,6,0.03407417371093158,1.2588190451025203,1.9749279121818235,0.7774790660436857,1.0000000000000002,0.0,1,1
43742,1.0,1.0,1.0,1.0,1.0,8,4,8,1.8660254037844388,0.5000000000000002,0.5661162608824419,0.09903113209758085,0.13397459621556151,0.49999999999999956,1,1
7844,1.0,3.0,3.0,1.0,1.0,17,4,1,0.03407417371093169,0.7411809548974794,0.5661162608824419,0.09903113209758085,1.5,1.8660254037844388,1,1
25704,1.0,4.0,1.0,1.0,1.0,20,5,2,0.1339745962155614,1.5,0.02507208781817638,0.7774790660436854,1.8660254037844386,1.5,2,1
125234,1.0,1.0,3.0,2.0,1.0,13,6,2,0.7411809548974793,0.03407417371093169,0.21816851753197009,1.6234898018587334,1.8660254037844386,1.5,1,1
152704,1.0,3.0,1.0,1.0,1.0,21,4,12,0.2928932188134523,1.7071067811865475,0.5661162608824419,0.09903113209758085,0.9999999999999998,2.0,2,1
58507,1.0,1.0,1.0,1.0,1.0,12,4,12,1.0000000000000002,0.0,0.5661162608824419,0.09903113209758085,0.9999999999999998,2.0,1,1
141834,3.0,1.0,1.0,3.0,1.0,7,3,11,1.9659258262890682,0.7411809548974794,1.4338837391175583,0.09903113209758097,0.49999999999999956,1.8660254037844384,1,1
62853,3.0,3.0,3.0,4.0,1.0,5,6,2,1.9659258262890682,1.2588190451025207,0.21816851753197009,1.6234898018587334,1.8660254037844386,1.5,1,1
76793,1.0,3.0,2.0,1.0,1.0,21,7,7,0.2928932188134523,1.7071067811865475,0.9999999999999998,2.0,0.5000000000000002,0.13397459621556118,1,1
120219,2.0,1.0,2.0,2.0,1.0,13,4,3,0.7411809548974793,0.03407417371093169,0.5661162608824419,0.09903113209758085,2.0,1.0,1,1
38412,1.0,3.0,3.0,1.0,1.0,17,5,1,0.03407417371093169,0.7411809548974794,0.02507208781817638,0.7774790660436854,1.5,1.8660254037844388,2,1
56605,1.0,2.0,1.0,1.0,1.0,19,2,8,0.03407417371093158,1.2588190451025203,1.9749279121818235,0.7774790660436857,0.13397459621556151,0.49999999999999956,1,1
164812,1.0,1.0,2.0,1.0,1.0,16,3,7,0.13397459621556151,0.49999999999999956,1.4338837391175583,0.09903113209758097,0.5000000000000002,0.13397459621556118,1,1
160836,1.0,1.0,2.0,1.0,1.0,9,4,8,1.7071067811865475,0.29289321881345254,0.5661162608824419,0.09903113209758085,0.13397459621556151,0.49999999999999956,1,0
66370,2.0,3.0,2.0,2.0,1.0,20,4,10,0.1339745962155614,1.5,0.5661162608824419,0.09903113209758085,0.1339745962155614,1.5,1,1
62250,3.0,1.0,1.0,3.0,1.0,15,5,2,0.29289321881345287,0.2928932188134521,0.02507208781817638,0.7774790660436854,1.8660254037844386,1.5,2,1
12035,1.0,1.0,1.0,1.0,1.0,10,7,1,1.5,0.1339745962155613,0.9999999999999998,2.0,1.5,1.8660254037844388,1,0
181805,2.0,1.0,2.0,2.0,1.0,12,3,10,1.0000000000000002,0.0,1.4338837391175583,0.09903113209758097,0.1339745962155614,1.5,1,1
141471,2.0,1.0,1.0,2.0,1.0,12,2,10,1.0000000000000002,0.0,1.9749279121818235,0.7774790660436857,0.1339745962155614,1.5,2,1
93246,1.0,1.0,3.0,1.0,1.0,16,2,9,0.13397459621556151,0.49999999999999956,1.9749279121818235,0.7774790660436857,0.0,0.9999999999999998,1,1
162919,3.0,1.0,3.0,3.0,1.0,10,6,1,1.5,0.1339745962155613,0.21816851753197009,1.6234898018587334,1.5,1.8660254037844388,2,1
87497,1.0,1.0,1.0,1.0,1.0,14,2,6,0.5000000000000002,0.13397459621556118,1.9749279121818235,0.7774790660436857,1.0000000000000002,0.0,1,1
56771,1.0,1.0,1.0,1.0,1.0,12,3,5,1.0000000000000002,0.0,1.4338837391175583,0.09903113209758097,1.5,0.1339745962155613,1,1
75939,2.0,1.0,1.0,2.0,1.0,14,6,6,0.5000000000000002,0.13397459621556118,0.21816851753197009,1.6234898018587334,1.0000000000000002,0.0,2,1
118855,1.0,1.0,1.0,1.0,1.0,15,4,4,0.29289321881345287,0.2928932188134521,0.5661162608824419,0.09903113209758085,1.8660254037844388,0.5000000000000002,1,1
116760,1.0,1.0,3.0,1.0,1.0,8,7,3,1.8660254037844388,0.5000000000000002,0.9999999999999998,2.0,2.0,1.0,1,1
208064,1.0,1.0,3.0,1.0,1.0,8,3,1,1.8660254037844388,0.5000000000000002,1.4338837391175583,0.09903113209758097,1.5,1.8660254037844388,1,1
197172,1.0,1.0,3.0,1.0,1.0,11,1,2,1.258819045102521,0.0340741737109318,1.78183148246803,1.6234898018587336,1.8660254037844386,1.5,1,1
5296,3.0,3.0,3.0,2.0,1.0,20,5,2,0.1339745962155614,1.5,0.02507208781817638,0.7774790660436854,1.8660254037844386,1.5,1,1
2023,1.0,1.0,2.0,1.0,1.0,17,1,3,0.03407417371093169,0.7411809548974794,1.78183148246803,1.6234898018587336,2.0,1.0,1,1
146500,1.0,2.0,2.0,1.0,1.0,19,5,9,0.03407417371093158,1.2588190451025203,0.02507208781817638,0.7774790660436854,0.0,0.9999999999999998,2,1
168875,1.0,3.0,2.0,1.0,1.0,20,4,1,0.1339745962155614,1.5,0.5661162608824419,0.09903113209758085,1.5,1.8660254037844388,1,1
42732,1.0,3.0,2.0,1.0,1.0,21,6,3,0.2928932188134523,1.7071067811865475,0.21816851753197009,1.6234898018587334,2.0,1.0,1,1
20129,1.0,1.0,1.0,2.0,1.0,13,4,10,0.7411809548974793,0.03407417371093169,0.5661162608824419,0.09903113209758085,0.1339745962155614,1.5,1,1
172194,1.0,1.0,1.0,1.0,1.0,14,4,10,0.5000000000000002,0.13397459621556118,0.5661162608824419,0.09903113209758085,0.1339745962155614,1.5,1,1
84931,1.0,1.0,1.0,1.0,1.0,11,1,7,1.258819045102521,0.0340741737109318,1.78183148246803,1.6234898018587336,0.5000000000000002,0.13397459621556118,1,1
200995,1.0,1.0,2.0,1.0,1.0,17,3,10,0.03407417371093169,0.7411809548974794,1.4338837391175583,0.09903113209758097,0.1339745962155614,1.5,1,1
141514,1.0,1.0,1.0,1.0,1.0,18,5,5,0.0,0.9999999999999998,0.02507208781817638,0.7774790660436854,1.5,0.1339745962155613,1,1
91292,1.0,1.0,1.0,1.0,1.0,8,4,6,1.8660254037844388,0.5000000000000002,0.5661162608824419,0.09903113209758085,1.0000000000000002,0.0,2,1
83586,1.0,1.0,3.0,1.0,1.0,16,5,10,0.13397459621556151,0.49999999999999956,0.02507208781817638,0.7774790660436854,0.1339745962155614,1.5,1,1
196341,1.0,1.0,1.0,1.0,1.0,18,2,3,0.0,0.9999999999999998,1.9749279121818235,0.7774790660436857,2.0,1.0,1,1
178558,1.0,1.0,3.0,1.0,1.0,13,7,10,0.7411809548974793,0.03407417371093169,0.9999999999999998,2.0,0.1339745962155614,1.5,1,1
170109,1.0,1.0,3.0,1.0,1.0,13,5,7,0.7411809548974793,0.03407417371093169,0.02507208781817638,0.7774790660436854,0.5000000000000002,0.13397459621556118,1,1
79319,1.0,1.0,1.0,1.0,1.0,17,6,9,0.03407417371093169,0.7411809548974794,0.21816851753197009,1.6234898018587334,0.0,0.9999999999999998,1,1
55200,1.0,1.0,2.0,1.0,1.0,15,5,4,0.29289321881345287,0.2928932188134521,0.02507208781817638,0.7774790660436854,1.8660254037844388,0.5000000000000002,2,1
157770,1.0,3.0,3.0,1.0,1.0,18,4,11,0.0,0.9999999999999998,0.5661162608824419,0.09903113209758085,0.49999999999999956,1.8660254037844384,1,1
54486,2.0,3.0,1.0,2.0,1.0,21,4,3,0.2928932188134523,1.7071067811865475,0.5661162608824419,0.09903113209758085,2.0,1.0,2,1
141892,2.0,4.0,3.0,2.0,1.0,18,1,10,0.0,0.9999999999999998,1.78183148246803,1.6234898018587336,0.1339745962155614,1.5,2,1
47332,2.0,3.0,1.0,2.0,1.0,19,6,10,0.03407417371093158,1.2588190451025203,0.21816851753197009,1.6234898018587334,0.1339745962155614,1.5,1,1
102090,1.0,1.0,2.0,1.0,1.0,13,2,12,0.7411809548974793,0.03407417371093169,1.9749279121818235,0.7774790660436857,0.9999999999999998,2.0,1,1
147734,1.0,1.0,1.0,1.0,1.0,13,2,11,0.7411809548974793,0.03407417371093169,1.9749279121818235,0.7774790660436857,0.49999999999999956,1.8660254037844384,1,1
16000,2.0,1.0,2.0,2.0,1.0,8,3,10,1.8660254037844388,0.5000000000000002,1.4338837391175583,0.09903113209758097,0.1339745962155614,1.5,1,1
196498,1.0,1.0,3.0,1.0,1.0,17,4,6,0.03407417371093169,0.7411809548974794,0.5661162608824419,0.09903113209758085,1.0000000000000002,0.0,1,1
37330,1.0,1.0,3.0,2.0,1.0,13,5,12,0.7411809548974793,0.03407417371093169,0.02507208781817638,0.7774790660436854,0.9999999999999998,2.0,2,1
1111,1.0,2.0,2.0,1.0,1.0,6,3,4,2.0,1.0,1.4338837391175583,0.09903113209758097,1.8660254037844388,0.5000000000000002,1,1
131356,2.0,1.0,2.0,2.0,1.0,12,3,3,1.0000000000000002,0.0,1.4338837391175583,0.09903113209758097,2.0,1.0,1,1
32606,1.0,1.0,2.0,1.0,1.0,6,3,10,2.0,1.0,1.4338837391175583,0.09903113209758097,0.1339745962155614,1.5,1,1
185995,1.0,1.0,2.0,1.0,1.0,11,5,7,1.258819045102521,0.0340741737109318,0.02507208781817638,0.7774790660436854,0.5000000000000002,0.13397459621556118,2,1
185402,1.0,1.0,3.0,1.0,1.0,14,5,5,0.5000000000000002,0.13397459621556118,0.02507208781817638,0.7774790660436854,1.5,0.1339745962155613,1,1
174210,1.0,1.0,3.0,1.0,1.0,15,3,4,0.29289321881345287,0.2928932188134521,1.4338837391175583,0.09903113209758097,1.8660254037844388,0.5000000000000002,1,1
84343,1.0,1.0,1.0,1.0,1.0,12,4,5,1.0000000000000002,0.0,0.5661162608824419,0.09903113209758085,1.5,0.1339745962155613,1,1
41826,1.0,1.0,1.0,1.0,1.0,14,1,3,0.5000000000000002,0.13397459621556118,1.78183148246803,1.6234898018587336,2.0,1.0,2,1
177830,1.0,1.0,3.0,1.0,1.0,11,4,6,1.258819045102521,0.0340741737109318,0.5661162608824419,0.09903113209758085,1.0000000000000002,0.0,2,1
142374,4.0,3.0,3.0,2.0,1.0,22,1,7,0.49999999999999956,1.8660254037844384,1.78183148246803,1.6234898018587336,0.5000000000000002,0.13397459621556118,1,1
81198,1.0,1.0,2.0,1.0,1.0,7,5,9,1.9659258262890682,0.7411809548974794,0.02507208781817638,0.7774790660436854,0.0,0.9999999999999998,1,1
107480,1.0,1.0,3.0,1.0,1.0,16,5,7,0.13397459621556151,0.49999999999999956,0.02507208781817638,0.7774790660436854,0.5000000000000002,0.13397459621556118,2,1
195677,1.0,1.0,3.0,1.0,1.0,9,6,6,1.7071067811865475,0.29289321881345254,0.21816851753197009,1.6234898018587334,1.0000000000000002,0.0,1,1
90851,1.0,2.0,1.0,1.0,1.0,5,5,9,1.9659258262890682,1.2588190451025207,0.02507208781817638,0.7774790660436854,0.0,0.9999999999999998,1,1
35512,1.0,1.0,1.0,1.0,1.0,8,6,9,1.8660254037844388,0.5000000000000002,0.21816851753197009,1.6234898018587334,0.0,0.9999999999999998,1,1
96752,1.0,3.0,1.0,1.0,1.0,21,7,10,0.2928932188134523,1.7071067811865475,0.9999999999999998,2.0,0.1339745962155614,1.5,1,1
58123,1.0,1.0,3.0,1.0,1.0,8,4,2,1.8660254037844388,0.5000000000000002,0.5661162608824419,0.09903113209758085,1.8660254037844386,1.5,1,1
43877,1.0,3.0,1.0,1.0,1.0,19,2,9,0.03407417371093158,1.2588190451025203,1.9749279121818235,0.7774790660436857,0.0,0.9999999999999998,2,1
64428,3.0,1.0,2.0,4.0,1.0,8,6,2,1.8660254037844388,0.5000000000000002,0.21816851753197009,1.6234898018587334,1.8660254037844386,1.5,1,1
2200,1.0,1.0,2.0,1.0,1.0,10,5,9,1.5,0.1339745962155613,0.02507208781817638,0.7774790660436854,0.0,0.9999999999999998,1,1
152715,2.0,2.0,2.0,2.0,1.0,18,7,10,0.0,0.9999999999999998,0.9999999999999998,2.0,0.1339745962155614,1.5,1,1
158651,1.0,3.0,3.0,1.0,1.0,20,5,1,0.1339745962155614,1.5,0.02507208781817638,0.7774790660436854,1.5,1.8660254037844388,2,1
42401,1.0,1.0,1.0,1.0,1.0,7,5,11,1.9659258262890682,0.7411809548974794,0.02507208781817638,0.7774790660436854,0.49999999999999956,1.8660254037844384,1,1
70099,1.0,1.0,1.0,1.0,1.0,11,1,3,1.258819045102521,0.0340741737109318,1.78183148246803,1.6234898018587336,2.0,1.0,2,1
157513,1.0,3.0,1.0,1.0,1.0,22,5,1,0.49999999999999956,1.8660254037844384,0.02507208781817638,0.7774790660436854,1.5,1.8660254037844388,2,1
94646,1.0,1.0,3.0,1.0,1.0,15,5,6,0.29289321881345287,0.2928932188134521,0.02507208781817638,0.7774790660436854,1.0000000000000002,0.0,1,1
99547,2.0,3.0,1.0,2.0,1.0,21,5,4,0.2928932188134523,1.7071067811865475,0.02507208781817638,0.7774790660436854,1.8660254037844388,0.5000000000000002,2,1
108570,1.0,1.0,3.0,1.0,1.0,11,3,10,1.258819045102521,0.0340741737109318,1.4338837391175583,0.09903113209758097,0.1339745962155614,1.5,2,1
61028,1.0,1.0,1.0,1.0,1.0,7,6,8,1.9659258262890682,0.7411809548974794,0.21816851753197009,1.6234898018587334,0.13397459621556151,0.49999999999999956,1,1
64100,1.0,1.0,2.0,1.0,1.0,15,6,7,0.29289321881345287,0.2928932188134521,0.21816851753197009,1.6234898018587334,0.5000000000000002,0.13397459621556118,2,1