Unnamed: 0,weather_condition,lighting_condition,trafficway_type,roadway_surface_cond,road_defect,crash_hour,crash_day_of_week,crash_month,crash_hour_sin,crash_hour_cos,crash_day_sin,crash_day_cos,crash_month_sin,crash_month_cos,crash_type,intersection_related_i
61492,1.0,3.0,1.0,1.0,1.0,23,5,7,0.7411809548974784,1.9659258262890682,0.02507208781817638,0.7774790660436854,0.5000000000000002,0.13397459621556118,1,1
173142,1.0,1.0,2.0,1.0,1.0,14,6,8,0.5000000000000002,0.13397459621556118,0.21816851753197009,1.6234898018587334,0.13397459621556151,0.49999999999999956,2,1
41952,1.0,1.0,1.0,1.0,1.0,8,3,7,1.8660254037844388,0.5000000000000002,1.4338837391175583,0.09903113209758097,0.5000000000000002,0.13397459621556118,1,1
124782,2.0,1.0,1.0,2.0,1.0,12,5,2,1.0000000000000002,0.0,0.02507208781817638,0.7774790660436854,1.8660254037844386,1.5,2,1
10089,1.0,1.0,1.0,1.0,1.0,15,1,10,0.29289321881345287,0.2928932188134521,1.78183148246803,1.6234898018587336,0.1339745962155614,1.5,2,1
164924,1.0,1.0,4.0,1.0,1.0,11,1,11,1.258819045102521,0.0340741737109318,1.78183148246803,1.6234898018587336,0.49999999999999956,1.8660254037844384,1,1
89140,1.0,1.0,3.0,1.0,1.0,11,6,9,1.258819045102521,0.0340741737109318,0.21816851753197009,1.6234898018587334,0.0,0.9999999999999998,2,1
12234,1.0,1.0,2.0,1.0,1.0,11,6,10,1.258819045102521,0.0340741737109318,0.21816851753197009,1.6234898018587334,0.1339745962155614,1.5,1,1
9944,1.0,3.0,2.0,1.0,1.0,23,7,1,0.7411809548974784,1.9659258262890682,0.9999999999999998,2.0,1.5,1.8660254037844388,1,1
198470,1.0,1.0,2.0,1.0,1.0,11,1,8,1.258819045102521,0.0340741737109318,1.78183148246803,1.6234898018587336,0.13397459621556151,0.49999999999999956,1,1
98707,2.0,1.0,2.0,1.0,1.0,15,5,12,0.29289321881345287,0.2928932188134521,0.02507208781817638,0.7774790660436854,0.9999999999999998,2.0,2,1
91052,2.0,1.0,2.0,2.0,1.0,9,6,12,1.7071067811865475,0.29289321881345254,0.21816851753197009,1.6234898018587334,0.9999999999999998,2.0,1,1
3793,1.0,1.0,2.0,1.0,1.0,7,2,1,1.9659258262890682,0.7411809548974794,1.9749279121818235,0.7774790660436857,1.5,1.8660254037844388,1,1
126139,1.0,1.0,1.0,1.0,1.0,15,4,5,0.29289321881345287,0.2928932188134521,0.5661162608824419,0.09903113209758085,1.5,0.1339745962155613,1,1
107783,1.0,3.0,2.0,1.0,1.0,22,2,1,0.49999999999999956,1.8660254037844384,1.9749279121818235,0.7774790660436857,1.5,1.8660254037844388,1,1
35240,2.0,1.0,1.0,2.0,1.0,15,1,4,0.29289321881345287,0.2928932188134521,1.78183148246803,1.6234898018587336,1.8660254037844388,0.5000000000000002,1,0
184926,1.0,1.0,2.0,1.0,1.0,8,2,7,1.8660254037844388,0.5000000000000002,1.9749279121818235,0.7774790660436857,0.5000000000000002,0.13397459621556118,1,1
142229,2.0,1.0,2.0,2.0,1.0,11,4,11,1.258819045102521,0.0340741737109318,0.5661162608824419,0.09903113209758085,0.49999999999999956,1.8660254037844384,1,1
71550,1.0,1.0,1.0,1.0,1.0,18,5,4,0.0,0.9999999999999998,0.02507208781817638,0.7774790660436854,1.8660254037844388,0.5000000000000002,1,1
33091,1.0,1.0,3.0,1.0,1.0,15,3,9,0.29289321881345287,0.2928932188134521,1.4338837391175583,0.09903113209758097,0.0,0.9999999999999998,1,1
30834,1.0,1.0,3.0,1.0,1.0,13,1,4,0.7411809548974793,0.03407417371093169,1.78183148246803,1.6234898018587336,1.8660254037844388,0.5000000000000002,2,1
203851,2.0,1.0,3.0,2.0,1.0,9,5,11,1.7071067811865475,0.29289321881345254,0.02507208781817638,0.7774790660436854,0.49999999999999956,1.8660254037844384,1,1
114290,1.0,2.0,1.0,1.0,1.0,5,7,7,1.9659258262890682,1.2588190451025207,0.9999999999999998,2.0,0.5000000000000002,0.13397459621556118,2,1
148692,1.0,1.0,3.0,1.0,1.0,20,6,5,0.1339745962155614,1.5,0.21816851753197009,1.6234898018587334,1.5,0.1339745962155613,1,1
105202,1.0,1.0,2.0,1.0,1.0,16,1,7,0.13397459621556151,0.49999999999999956,1.78183148246803,1.6234898018587336,0.5000000000000002,0.13397459621556118,2,1
89428,1.0,3.0,1.0,1.0,1.0,4,7,9,1.8660254037844386,1.5,0.9999999999999998,2.0,0.0,0.9999999999999998,2,1
162050,1.0,1.0,2.0,1.0,1.0,11,5,4,1.258819045102521,0.0340741737109318,0.02507208781817638,0.7774790660436854,1.8660254037844388,0.5000000000000002,2,1
177439,1.0,4.0,2.0,2.0,1.0,20,4,11,0.1339745962155614,1.5,0.5661162608824419,0.09903113209758085,0.49999999999999956,1.8660254037844384,2,1
4493,2.0,4.0,1.0,2.0,1.0,20,7,11,0.1339745962155614,1.5,0.9999999999999998,2.0,0.49999999999999956,1.8660254037844384,1,1
205346,1.0,1.0,3.0,1.0,1.0,7,5,12,1.9659258262890682,0.7411809548974794,0.02507208781817638,0.7774790660436854,0.9999999999999998,2.0,1,1
44732,2.0,3.0,2.0,2.0,1.0,21,4,9,0.2928932188134523,1.7071067811865475,0.5661162608824419,0.09903113209758085,0.0,0.9999999999999998,1,1
26798,1.0,1.0,2.0,2.0,1.0,14,5,3,0.5000000000000002,0.13397459621556118,0.02507208781817638,0.7774790660436854,2.0,1.0,2,1
179918,1.0,1.0,1.0,3.0,3.0,11,3,2,1.258819045102521,0.0340741737109318,1.4338837391175583,0.09903113209758097,1.8660254037844386,1.5,1,1
17085,1.0,1.0,3.0,1.0,1.0,11,4,9,1.258819045102521,0.0340741737109318,0.5661162608824419,0.09903113209758085,0.0,0.9999999999999998,1,1
140446,1.0,1.0,1.0,1.0,1.0,17,6,11,0.03407417371093169,0.7411809548974794,0.21816851753197009,1.6234898018587334,0.49999999999999956,1.8660254037844384,1,0
187565,1.0,1.0,3.0,1.0,1.0,15,3,7,0.29289321881345287,0.2928932188134521,1.4338837391175583,0.09903113209758097,0.5000000000000002,0.13397459621556118,1,1
169791,1.0,1.0,3.0,1.0,1.0,19,6,5,0.03407417371093158,1.2588190451025203,0.21816851753197009,1.6234898018587334,1.5,0.1339745962155613,2,1
62203,1.0,3.0,1.0,1.0,1.0,23,3,2,0.7411809548974784,1.9659258262890682,1.4338837391175583,0.09903113209758097,1.8660254037844386,1.5,1,0
126377,3.0,1.0,1.0,3.0,1.0,14,5,2,0.5000000000000002,0.13397459621556118,0.02507208781817638,0.7774790660436854,1.8660254037844386,1.5,1,1
79604,1.0,3.0,1.0,1.0,1.0,19,6,4,0.03407417371093158,1.2588190451025203,0.21816851753197009,1.6234898018587334,1.8660254037844388,0.5000000000000002,1,0
115539,1.0,1.0,3.0,1.0,1.0,7,4,4,1.9659258262890682,0.7411809548974794,0.5661162608824419,0.09903113209758085,1.8660254037844388,0.5000000000000002,1,1
205268,1.0,1.0,3.0,1.0,1.0,8,4,12,1.8660254037844388,0.5000000000000002,0.5661162608824419,0.09903113209758085,0.9999999999999998,2.0,1,0
61510,1.0,2.0,3.0,1.0,1.0,19,4,6,0.03407417371093158,1.2588190451025203,0.5661162608824419,0.09903113209758085,1.0000000000000002,0.0,2,1
107927,1.0,1.0,2.0,1.0,3.0,11,4,11,1.258819045102521,0.0340741737109318,0.5661162608824419,0.09903113209758085,0.49999999999999956,1.8660254037844384,1,1
17694,1.0,1.0,1.0,1.0,1.0,16,2,8,0.13397459621556151,0.49999999999999956,1.9749279121818235,0.7774790660436857,0.13397459621556151,0.49999999999999956,2,1
101771,1.0,1.0,2.0,1.0,1.0,9,6,7,1.7071067811865475,0.29289321881345254,0.21816851753197009,1.6234898018587334,0.5000000000000002,0.13397459621556118,2,1
194332,1.0,3.0,2.0,1.0,1.0,21,6,5,0.2928932188134523,1.7071067811865475,0.21816851753197009,1.6234898018587334,1.5,0.1339745962155613,2,1
14232,1.0,1.0,3.0,1.0,1.0,9,3,12,1.7071067811865475,0.29289321881345254,1.4338837391175583,0.09903113209758097,0.9999999999999998,2.0,2,1
109405,1.0,3.0,2.0,1.0,1.0,5,6,12,1.9659258262890682,1.2588190451025207,0.21816851753197009,1.6234898018587334,0.9999999999999998,2.0,2,1
13814,1.0,1.0,1.0,1.0,1.0,9,7,5,1.7071067811865475,0.29289321881345254,0.9999999999999998,2.0,1.5,0.1339745962155613,1,1
26759,1.0,1.0,3.0,1.0,1.0,12,7,2,1.0000000000000002,0.0,0.9999999999999998,2.0,1.8660254037844386,1.5,2,1
157637,1.0,1.0,2.0,1.0,1.0,10,7,3,1.5,0.1339745962155613,0.9999999999999998,2.0,2.0,1.0,2,1
144640,1.0,1.0,2.0,1.0,1.0,12,2,7,1.0000000000000002,0.0,1.9749279121818235,0.7774790660436857,0.5000000000000002,0.13397459621556118,1,1
88690,2.0,1.0,3.0,2.0,1.0,15,1,12,0.29289321881345287,0.2928932188134521,1.78183148246803,1.6234898018587336,0.9999999999999998,2.0,1,1
179804,2.0,3.0,1.0,2.0,1.0,19,7,4,0.03407417371093158,1.2588190451025203,0.9999999999999998,2.0,1.8660254037844388,0.5000000000000002,1,1
192725,1.0,1.0,1.0,1.0,1.0,12,7,7,1.0000000000000002,0.0,0.9999999999999998,2.0,0.5000000000000002,0.13397459621556118,1,1
89506,1.0,1.0,3.0,1.0,1.0,18,6,4,0.0,0.9999999999999998,0.21816851753197009,1.6234898018587334,1.8660254037844388,0.5000000000000002,1,1
122363,2.0,1.0,1.0,2.0,1.0,14,5,12,0.5000000000000002,0.13397459621556118,0.02507208781817638,0.7774790660436854,0.9999999999999998,2.0,1,1
46481,2.0,2.0,2.0,2.0,1.0,19,6,7,0.03407417371093158,1.2588190451025203,0.21816851753197009,1.6234898018587334,0.5000000000000002,0.13397459621556118,2,1
41730,1.0,3.0,1.0,1.0,1.0,17,6,1,0.03407417371093169,0.7411809548974794,0.21816851753197009,1.6234898018587334,1.5,1.8660254037844388,1,1
66443,1.0,1.0,1.0,1.0,1.0,10,5,8,1.5,0.1339745962155613,0.02507208781817638,0.7774790660436854,0.13397459621556151,0.49999999999999956,1,1
140624,2.0,1.0,3.0,1.0,1.0,6,4,11,2.0,1.0,0.5661162608824419,0.09903113209758085,0.49999999999999956,1.8660254037844384,1,1
167203,1.0,1.0,3.0,1.0,1.0,14,1,4,0.5000000000000002,0.13397459621556118,1.78183148246803,1.6234898018587336,1.8660254037844388,0.5000000000000002,1,1
68297,1.0,1.0,1.0,1.0,1.0,11,4,2,1.258819045102521,0.0340741737109318,0.5661162608824419,0.09903113209758085,1.8660254037844386,1.5,1,1
37782,1.0,1.0,2.0,1.0,1.0,13,2,7,0.7411809548974793,0.03407417371093169,1.9749279121818235,0.7774790660436857,0.5000000000000002,0.13397459621556118,1,1
93959,1.0,1.0,3.0,1.0,1.0,12,3,2,1.0000000000000002,0.0,1.4338837391175583,0.09903113209758097,1.8660254037844386,1.5,2,1
113266,1.0,1.0,1.0,1.0,1.0,17,7,7,0.03407417371093169,0.7411809548974794,0.9999999999999998,2.0,0.5000000000000002,0.13397459621556118,2,1
163005,1.0,3.0,1.0,1.0,1.0,21,7,3,0.2928932188134523,1.7071067811865475,0.9999999999999998,2.0,2.0,1.0,1,1
76731,1.0,1.0,1.0,1.0,1.0,16,3,2,0.13397459621556151,0.49999999999999956,1.4338837391175583,0.09903113209758097,1.8660254037844386,1.5,2,1
203250,1.0,3.0,2.0,1.0,1.0,19,4,10,0.03407417371093158,1.2588190451025203,0.5661162608824419,0.09903113209758085,0.1339745962155614,1.5,2,1
151099,1.0,2.0,2.0,1.0,1.0,19,5,5,0.03407417371093158,1.2588190451025203,0.02507208781817638,0.7774790660436854,1.5,0.1339745962155613,1,1
111035,1.0,1.0,2.0,1.0,1.0,16,5,1,0.13397459621556151,0.49999999999999956,0.02507208781817638,0.7774790660436854,1.5,1.8660254037844388,2,1
65475,1.0,1.0,2.0,1.0,1.0,9,5,2,1.7071067811865475,0.29289321881345254,0.02507208781817638,0.7774790660436854,1.8660254037844386,1.5,1,1
96568,1.0,4.0,1.0,1.0,1.0,19,7,3,0.03407417371093158,1.2588190451025203,0.9999999999999998,2.0,2.0,1.0,2,1
132545,1.0,3.0,3.0,1.0,1.0,21,6,7,0.2928932188134523,1.7071067811865475,0.21816851753197009,1.6234898018587334,0.5000000000000002,0.13397459621556118,1,1
33316,1.0,3.0,2.0,1.0,1.0,18,2,3,0.0,0.9999999999999998,1.9749279121818235,0.7774790660436857,2.0,1.0,1,1
111891,1.0,4.0,2.0,1.0,1.0,21,5,4,0.2928932188134523,1.7071067811865475,0.02507208781817638,0.7774790660436854,1.8660254037844388,0.5000000000000002,1,1
61832,2.0,3.0,1.0,2.0,1.0,21,7,8,0.2928932188134523,1.7071067811865475,0.9999999999999998,2.0,0.13397459621556151,0.49999999999999956,1,1
197199,1.0,1.0,3.0,1.0,1.0,15,1,9,0.29289321881345287,0.2928932188134521,1.78183148246803,1.6234898018587336,0.0,0.9999999999999998,2,1
50682,1.0,1.0,2.0,1.0,1.0,12,5,12,1.0000000000000002,0.0,0.02507208781817638,0.7774790660436854,0.9999999999999998,2.0,1,1
162413,1.0,1.0,1.0,1.0,1.0,17,1,10,0.03407417371093169,0.7411809548974794,1.78183148246803,1.6234898018587336,0.1339745962155614,1.5,1,1
65648,1.0,1.0,2.0,1.0,1.0,11,4,4,1.258819045102521,0.0340741737109318,0.5661162608824419,0.09903113209758085,1.8660254037844388,0.5000000000000002,2,1
149513,1.0,1.0,1.0,1.0,1.0,18,3,8,0.0,0.9999999999999998,1.4338837391175583,0.09903113209758097,0.13397459621556151,0.49999999999999956,1,1
151615,2.0,3.0,3.0,2.0,1.0,4,5,10,1.8660254037844386,1.5,0.02507208781817638,0.7774790660436854,0.1339745962155614,1.5,2,1
82026,1.0,1.0,2.0,1.0,1.0,13,7,9,0.7411809548974793,0.03407417371093169,0.9999999999999998,2.0,0.0,0.9999999999999998,2,1
7846,1.0,1.0,3.0,1.0,1.0,13,6,5,0.7411809548974793,0.03407417371093169,0.21816851753197009,1.6234898018587334,1.5,0.1339745962155613,1,1
17124,1.0,1.0,3.0,1.0,1.0,14,7,11,0.5000000000000002,0.13397459621556118,0.9999999999999998,2.0,0.49999999999999956,1.8660254037844384,2,1
88860,1.0,1.0,2.0,1.0,1.0,12,5,12,1.0000000000000002,0.0,0.02507208781817638,0.7774790660436854,0.9999999999999998,2.0,2,1
189964,1.0,1.0,3.0,1.0,1.0,16,5,6,0.13397459621556151,0.49999999999999956,0.02507208781817638,0.7774790660436854,1.0000000000000002,0.0,2,1
205011,1.0,1.0,1.0,1.0,1.0,15,7,11,0.29289321881345287,0.2928932188134521,0.9999999999999998,2.0,0.49999999999999956,1.8660254037844384,1,1
135233,2.0,1.0,3.0,2.0,1.0,11,2,4,1.258819045102521,0.0340741737109318,1.9749279121818235,0.7774790660436857,1.8660254037844388,0.5000000000000002,2,1
10201,1.0,1.0,1.0,1.0,1.0,16,3,7,0.13397459621556151,0.49999999999999956,1.4338837391175583,0.09903113209758097,0.5000000000000002,0.13397459621556118,2,0
74437,1.0,1.0,2.0,1.0,2.0,12,7,9,1.0000000000000002,0.0,0.9999999999999998,2.0,0.0,0.9999999999999998,1,1
72533,1.0,1.0,3.0,2.0,1.0,14,3,10,0.5000000000000002,0.13397459621556118,1.4338837391175583,0.09903113209758097,0.1339745962155614,1.5,2,1
39215,1.0,1.0,2.0,2.0,1.0,9,3,6,1.7071067811865475,0.29289321881345254,1.4338837391175583,0.09903113209758097,1.0000000000000002,0.0,2,1
46189,1.0,4.0,3.0,1.0,1.0,18,6,11,0.0,0.9999999999999998,0.21816851753197009,1.6234898018587334,0.49999999999999956,1.8660254037844384,1,1
127624,1.0,1.0,1.0,1.0,1.0,16,7,5,0.13397459621556151,0.49999999999999956,0.9999999999999998,2.0,1.5,0.1339745962155613,2,1
161781,1.0,1.0,1.0,4.0,1.0,10,6,2,1.5,0.1339745962155613,0.21816851753197009,1.6234898018587334,1.8660254037844386,1.5,1,1
203363,2.0,2.0,1.0,2.0,1.0,6,6,10,2.0,1.0,0.21816851753197009,1.6234898018587334,0.1339745962155614,1.5,2,1
67964,1.0,1.0,2.0,1.0,1.0,17,5,6,0.03407417371093169,0.7411809548974794,0.02507208781817638,0.7774790660436854,1.0000000000000002,0.0,1,1
164713,1.0,3.0,1.0,1.0,1.0,22,5,12,0.49999999999999956,1.8660254037844384,0.02507208781817638,0.7774790660436854,0.9999999999999998,2.0,1,1
10322,1.0,4.0,2.0,1.0,1.0,18,1,1,0.0,0.9999999999999998,1.78183148246803,1.6234898018587336,1.5,1.8660254037844388,1,1
85877,1.0,3.0,2.0,1.0,1.0,21,5,10,0.2928932188134523,1.7071067811865475,0.02507208781817638,0.7774790660436854,0.1339745962155614,1.5,1,1
197879,1.0,1.0,3.0,1.0,1.0,9,2,8,1.7071067811865475,0.29289321881345254,1.9749279121818235,0.7774790660436857,0.13397459621556151,0.49999999999999956,1,1
128673,1.0,3.0,3.0,1.0,1.0,19,6,3,0.03407417371093158,1.2588190451025203,0.21816851753197009,1.6234898018587334,2.0,1.0,1,1
37611,1.0,1.0,1.0,1.0,1.0,16,7,10,0.13397459621556151,0.49999999999999956,0.9999999999999998,2.0,0.1339745962155614,1.5,2,1
164551,1.0,1.0,3.0,1.0,1.0,12,2,10,1.0000000000000002,0.0,1.9749279121818235,0.7774790660436857,0.1339745962155614,1.5,2,1
191805,1.0,2.0,2.0,1.0,1.0,20,3,5,0.1339745962155614,1.5,1.4338837391175583,0.09903113209758097,1.5,0.1339745962155613,2,1
70190,2.0,4.0,1.0,2.0,1.0,16,6,12,0.13397459621556151,0.49999999999999956,0.21816851753197009,1.6234898018587334,0.9999999999999998,2.0,2,1
171760,1.0,1.0,1.0,1.0,1.0,15,4,4,0.29289321881345287,0.2928932188134521,0.5661162608824419,0.09903113209758085,1.8660254037844388,0.5000000000000002,1,1
198486,1.0,1.0,3.0,1.0,1.0,12,1,8,1.0000000000000002,0.0,1.78183148246803,1.6234898018587336,0.13397459621556151,0.49999999999999956,1,1
80143,1.0,1.0,2.0,1.0,1.0,8,3,11,1.8660254037844388,0.5000000000000002,1.4338837391175583,0.09903113209758097,0.49999999999999956,1.8660254037844384,1,1
21787,2.0,1.0,2.0,2.0,1.0,13,4,10,0.7411809548974793,0.03407417371093169,0.5661162608824419,0.09903113209758085,0.1339745962155614,1.5,1,1
92505,1.0,1.0,1.0,1.0,1.0,8,2,10,1.8660254037844388,0.5000000000000002,1.9749279121818235,0.7774790660436857,0.1339745962155614,1.5,2,1
178290,1.0,1.0,1.0,2.0,1.0,15,5,6,0.29289321881345287,0.2928932188134521,0.02507208781817638,0.7774790660436854,1.0000000000000002,0.0,2,1
98188,1.0,1.0,2.0,1.0,1.0,8,5,12,1.8660254037844388,0.5000000000000002,0.02507208781817638,0.7774790660436854,0.9999999999999998,2.0,1,1
185091,1.0,3.0,3.0,1.0,1.0,17,3,1,0.03407417371093169,0.7411809548974794,1.4338837391175583,0.09903113209758097,1.5,1.8660254037844388,1,1
19093,1.0,1.0,3.0,1.0,1.0,15,1,4,0.29289321881345287,0.2928932188134521,1.78183148246803,1.6234898018587336,1.8660254037844388,0.5000000000000002,1,1
70903,1.0,1.0,2.0,1.0,1.0,14,7,10,0.5000000000000002,0.13397459621556118,0.9999999999999998,2.0,0.1339745962155614,1.5,1,1
86940,1.0,1.0,1.0,1.0,1.0,13,4,12,0.7411809548974793,0.03407417371093169,0.5661162608824419,0.09903113209758085,0.9999999999999998,2.0,2,1
58812,1.0,1.0,1.0,2.0,1.0,10,7,10,1.5,0.1339745962155613,0.9999999999999998,2.0,0.1339745962155614,1.5,1,1
105942,2.0,3.0,2.0,2.0,4.0,20,3,6,0.1339745962155614,1.5,1.4338837391175583,0.09903113209758097,1.0000000000000002,0.0,2,1
52400,2.0,1.0,3.0,2.0,1.0,16,2,8,0.13397459621556151,0.49999999999999956,1.9749279121818235,0.7774790660436857,0.13397459621556151,0.49999999999999956,1,1
6222,1.0,1.0,3.0,1.0,1.0,12,3,9,1.0000000000000002,0.0,1.4338837391175583,0.09903113209758097,0.0,0.9999999999999998,2,1
90014,1.0,1.0,1.0,1.0,1.0,18,2,9,0.0,0.9999999999999998,1.9749279121818235,0.7774790660436857,0.0,0.9999999999999998,1,1
17708,1.0,3.0,1.0,1.0,1.0,21,1,7,0.2928932188134523,1.7071067811865475,1.78183148246803,1.6234898018587336,0.5000000000000002,0.13397459621556118,1,1
26667,1.0,1.0,1.0,1.0,1.0,8,5,5,1.8660254037844388,0.5000000000000002,0.02507208781817638,0.7774790660436854,1.5,0.1339745962155613,2,1
165143,1.0,1.0,3.0,1.0,1.0,18,5,5,0.0,0.9999999999999998,0.02507208781817638,0.7774790660436854,1.5,0.1339745962155613,1,1
29745,1.0,1.0,2.0,1.0,1.0,13,4,2,0.7411809548974793,0.03407417371093169,0.5661162608824419,0.09903113209758085,1.8660254037844386,1.5,1,1
162724,1.0,3.0,1.0,1.0,1.0,18,7,3,0.0,0.9999999999999998,0.9999999999999998,2.0,2.0,1.0,1,1
46001,1.0,1.0,1.0,1.0,1.0,18,1,5,0.0,0.9999999999999998,1.78183148246803,1.6234898018587336,1.5,0.1339745962155613,2,1
58721,1.0,1.0,3.0,1.0,1.0,17,7,7,0.03407417371093169,0.7411809548974794,0.9999999999999998,2.0,0.5000000000000002,0.13397459621556118,1,1
170445,1.0,1.0,1.0,1.0,1.0,5,3,4,1.9659258262890682,1.2588190451025207,1.4338837391175583,0.09903113209758097,1.8660254037844388,0.5000000000000002,2,1
62471,2.0,1.0,3.0,2.0,1.0,15,2,4,0.29289321881345287,0.2928932188134521,1.9749279121818235,0.7774790660436857,1.8660254037844388,0.5000000000000002,2,1
200392,1.0,1.0,1.0,1.0,1.0,17,3,10,0.03407417371093169,0.7411809548974794,1.4338837391175583,0.09903113209758097,0.1339745962155614,1.5,1,1
106978,1.0,1.0,2.0,1.0,1.0,18,1,7,0.0,0.9999999999999998,1.78183148246803,1.6234898018587336,0.5000000000000002,0.13397459621556118,1,1
98492,1.0,1.0,1.0,1.0,1.0,18,4,4,0.0,0.9999999999999998,0.5661162608824419,0.09903113209758085,1.8660254037844388,0.5000000000000002,1,1
106340,1.0,1.0,3.0,1.0,1.0,9,4,10,1.7071067811865475,0.29289321881345254,0.5661162608824419,0.09903113209758085,0.1339745962155614,1.5,1,1
93897,1.0,3.0,1.0,1.0,1.0,18,5,12,0.0,0.9999999999999998,0.02507208781817638,0.7774790660436854,0.9999999999999998,2.0,1,1
207175,1.0,1.0,2.0,1.0,1.0,15,3,12,0.29289321881345287,0.2928932188134521,1.4338837391175583,0.09903113209758097,0.9999999999999998,2.0,1,0
203924,1.0,1.0,3.0,1.0,1.0,8,7,11,1.8660254037844388,0.5000000000000002,0.9999999999999998,2.0,0.49999999999999956,1.8660254037844384,1,1
199778,1.0,1.0,1.0,1.0,1.0,16,6,9,0.13397459621556151,0.49999999999999956,0.21816851753197009,1.6234898018587334,0.0,0.9999999999999998,1,1
205390,3.0,1.0,3.0,3.0,1.0,11,5,11,1.258819045102521,0.0340741737109318,0.02507208781817638,0.7774790660436854,0.49999999999999956,1.8660254037844384,1,1
21559,1.0,2.0,1.0,1.0,1.0,20,6,7,0.1339745962155614,1.5,0.21816851753197009,1.6234898018587334,0.5000000000000002,0.13397459621556118,1,1
93179,1.0,1.0,2.0,1.0,1.0,15,1,2,0.29289321881345287,0.2928932188134521,1.78183148246803,1.6234898018587336,1.8660254037844386,1.5,2,1
119858,2.0,3.0,3.0,2.0,1.0,19,4,4,0.03407417371093158,1.2588190451025203,0.5661162608824419,0.09903113209758085,1.8660254037844388,0.5000000000000002,1,1
48324,3.0,1.0,1.0,3.0,1.0,8,2,1,1.8660254037844388,0.5000000000000002,1.9749279121818235,0.7774790660436857,1.5,1.8660254037844388,1,1
35391,1.0,1.0,1.0,1.0,1.0,14,3,5,0.5000000000000002,0.13397459621556118,1.4338837391175583,0.09903113209758097,1.5,0.1339745962155613,2,1
48566,1.0,1.0,3.0,1.0,1.0,4,2,7,1.8660254037844386,1.5,1.9749279121818235,0.7774790660436857,0.5000000000000002,0.13397459621556118,1,0
1249,1.0,1.0,1.0,1.0,1.0,11,6,7,1.258819045102521,0.0340741737109318,0.21816851753197009,1.6234898018587334,0.5000000000000002,0.13397459621556118,1,1
77617,1.0,1.0,1.0,1.0,1.0,15,2,2,0.29289321881345287,0.2928932188134521,1.9749279121818235,0.7774790660436857,1.8660254037844386,1.5,2,1
204945,1.0,1.0,1.0,1.0,1.0,13,6,11,0.7411809548974793,0.03407417371093169,0.21816851753197009,1.6234898018587334,0.49999999999999956,1.8660254037844384,1,1
10283,1.0,1.0,2.0,1.0,1.0,11,7,10,1.258819045102521,0.0340741737109318,0.9999999999999998,2.0,0.1339745962155614,1.5,1,1
3043,1.0,3.0,3.0,1.0,1.0,21,4,4,0.2928932188134523,1.7071067811865475,0.5661162608824419,0.09903113209758085,1.8660254037844388,0.5000000000000002,1,1
140787,1.0,3.0,3.0,1.0,1.0,22,2,5,0.49999999999999956,1.8660254037844384,1.9749279121818235,0.7774790660436857,1.5,0.1339745962155613,2,1
102715,2.0,1.0,2.0,2.0,1.0,11,7,2,1.258819045102521,0.0340741737109318,0.9999999999999998,2.0,1.8660254037844386,1.5,2,1
208817,1.0,1.0,1.0,1.0,1.0,15,4,6,0.29289321881345287,0.2928932188134521,0.5661162608824419,0.09903113209758085,1.0000000000000002,0.0,2,1
81618,1.0,1.0,2.0,1.0,1.0,16,5,4,0.13397459621556151,0.49999999999999956,0.02507208781817638,0.7774790660436854,1.8660254037844388,0.5000000000000002,1,1
39432,1.0,1.0,1.0,1.0,1.0,9,3,12,1.7071067811865475,0.29289321881345254,1.4338837391175583,0.09903113209758097,0.9999999999999998,2.0,1,1
110882,1.0,4.0,2.0,1.0,1.0,22,3,7,0.49999999999999956,1.8660254037844384,1.4338837391175583,0.09903113209758097,0.5000000000000002,0.13397459621556118,1,1
149510,1.0,1.0,3.0,1.0,1.0,17,6,9,0.03407417371093169,0.7411809548974794,0.21816851753197009,1.6234898018587334,0.0,0.9999999999999998,2,1
176660,1.0,1.0,1.0,1.0,1.0,15,1,8,0.29289321881345287,0.2928932188134521,1.78183148246803,1.6234898018587336,0.13397459621556151,0.49999999999999956,1,1
153808,1.0,4.0,1.0,2.0,1.0,21,1,2,0.2928932188134523,1.7071067811865475,1.78183148246803,1.6234898018587336,1.8660254037844386,1.5,1,1
39071,1.0,1.0,3.0,1.0,1.0,10,4,11,1.5,0.1339745962155613,0.5661162608824419,0.09903113209758085,0.49999999999999956,1.8660254037844384,2,1
149214,1.0,1.0,3.0,1.0,1.0,12,6,11,1.0000000000000002,0.0,0.21816851753197009,1.6234898018587334,0.49999999999999956,1.8660254037844384,2,1
150096,1.0,1.0,2.0,1.0,1.0,12,4,12,1.0000000000000002,0.0,0.5661162608824419,0.09903113209758085,0.9999999999999998,2.0,2,1
17674,1.0,1.0,1.0,1.0,1.0,14,3,6,0.5000000000000002,0.13397459621556118,1.4338837391175583,0.09903113209758097,1.0000000000000002,0.0,1,1
103394,1.0,1.0,2.0,1.0,1.0,13,5,5,0.7411809548974793,0.03407417371093169,0.02507208781817638,0.7774790660436854,1.5,0.1339745962155613,1,1
68272,1.0,1.0,2.0,1.0,1.0,12,6,12,1.0000000000000002,0.0,0.21816851753197009,1.6234898018587334,0.9999999999999998,2.0,1,1
169838,1.0,1.0,3.0,1.0,1.0,17,6,3,0.03407417371093169,0.7411809548974794,0.21816851753197009,1.6234898018587334,2.0,1.0,1,1
90293,1.0,1.0,3.0,1.0,1.0,17,2,8,0.03407417371093169,0.7411809548974794,1.9749279121818235,0.7774790660436857,0.13397459621556151,0.49999999999999956,2,1