Unnamed: 0,weather_condition,lighting_condition,trafficway_type,roadway_surface_cond,road_defect,crash_hour,crash_day_of_week,crash_month,crash_hour_sin,crash_hour_cos,crash_day_sin,crash_day_cos,crash_month_sin,crash_month_cos,crash_type,intersection_related_i
29907,1.0,1.0,1.0,1.0,1.0,11,5,6,1.258819045102521,0.0340741737109318,0.02507208781817638,0.7774790660436854,1.0000000000000002,0.0,2,1
149239,2.0,1.0,3.0,1.0,1.0,12,6,4,1.0000000000000002,0.0,0.21816851753197009,1.6234898018587334,1.8660254037844388,0.5000000000000002,2,1
9856,1.0,1.0,3.0,1.0,1.0,19,4,4,0.03407417371093158,1.2588190451025203,0.5661162608824419,0.09903113209758085,1.8660254037844388,0.5000000000000002,1,1
111524,1.0,3.0,3.0,1.0,1.0,21,6,8,0.2928932188134523,1.7071067811865475,0.21816851753197009,1.6234898018587334,0.13397459621556151,0.49999999999999956,2,1
6014,1.0,2.0,3.0,1.0,1.0,4,1,7,1.8660254037844386,1.5,1.78183148246803,1.6234898018587336,0.5000000000000002,0.13397459621556118,2,1
51724,1.0,3.0,2.0,1.0,1.0,21,3,12,0.2928932188134523,1.7071067811865475,1.4338837391175583,0.09903113209758097,0.9999999999999998,2.0,1,1
157379,1.0,1.0,1.0,1.0,1.0,19,6,4,0.03407417371093158,1.2588190451025203,0.21816851753197009,1.6234898018587334,1.8660254037844388,0.5000000000000002,1,1
175537,1.0,1.0,2.0,1.0,1.0,10,4,1,1.5,0.1339745962155613,0.5661162608824419,0.09903113209758085,1.5,1.8660254037844388,1,1
124567,1.0,3.0,3.0,1.0,1.0,23,1,2,0.7411809548974784,1.9659258262890682,1.78183148246803,1.6234898018587336,1.8660254037844386,1.5,1,1
9766,1.0,1.0,3.0,1.0,1.0,16,2,6,0.13397459621556151,0.49999999999999956,1.9749279121818235,0.7774790660436857,1.0000000000000002,0.0,1,1
41398,1.0,3.0,1.0,2.0,1.0,4,3,12,1.8660254037844386,1.5,1.4338837391175583,0.09903113209758097,0.9999999999999998,2.0,2,1
28879,1.0,1.0,1.0,1.0,1.0,13,4,5,0.7411809548974793,0.03407417371093169,0.5661162608824419,0.09903113209758085,1.5,0.1339745962155613,1,1
147317,1.0,3.0,1.0,1.0,1.0,21,3,4,0.2928932188134523,1.7071067811865475,1.4338837391175583,0.09903113209758097,1.8660254037844388,0.5000000000000002,1,1
946,1.0,1.0,2.0,1.0,1.0,12,4,11,1.0000000000000002,0.0,0.5661162608824419,0.09903113209758085,0.49999999999999956,1.8660254037844384,2,1
134706,1.0,1.0,1.0,1.0,1.0,17,5,8,0.03407417371093169,0.7411809548974794,0.02507208781817638,0.7774790660436854,0.13397459621556151,0.49999999999999956,1,1
126535,1.0,4.0,1.0,1.0,1.0,21,5,6,0.2928932188134523,1.7071067811865475,0.02507208781817638,0.7774790660436854,1.0000000000000002,0.0,1,1
41754,1.0,1.0,3.0,1.0,1.0,8,5,10,1.8660254037844388,0.5000000000000002,0.02507208781817638,0.7774790660436854,0.1339745962155614,1.5,1,1
74194,1.0,1.0,2.0,1.0,1.0,8,5,5,1.8660254037844388,0.5000000000000002,0.02507208781817638,0.7774790660436854,1.5,0.1339745962155613,1,1
20653,1.0,1.0,1.0,1.0,1.0,16,2,8,0.13397459621556151,0.49999999999999956,1.9749279121818235,0.7774790660436857,0.13397459621556151,0.49999999999999956,2,1
107043,1.0,3.0,2.0,1.0,1.0,20,1,7,0.1339745962155614,1.5,1.78183148246803,1.6234898018587336,0.5000000000000002,0.13397459621556118,2,1
174274,1.0,1.0,3.0,1.0,1.0,15,5,10,0.29289321881345287,0.2928932188134521,0.02507208781817638,0.7774790660436854,0.1339745962155614,1.5,2,1
20737,1.0,1.0,1.0,1.0,1.0,13,2,1,0.7411809548974793,0.03407417371093169,1.9749279121818235,0.7774790660436857,1.5,1.8660254037844388,1,1
54862,1.0,2.0,1.0,1.0,1.0,17,3,10,0.03407417371093169,0.7411809548974794,1.4338837391175583,0.09903113209758097,0.1339745962155614,1.5,2,0
85502,1.0,1.0,3.0,1.0,1.0,10,7,11,1.5,0.1339745962155613,0.9999999999999998,2.0,0.49999999999999956,1.8660254037844384,1,1
193103,1.0,1.0,3.0,1.0,1.0,13,7,8,0.7411809548974793,0.03407417371093169,0.9999999999999998,2.0,0.13397459621556151,0.49999999999999956,2,1
71617,1.0,1.0,1.0,1.0,1.0,14,3,3,0.5000000000000002,0.13397459621556118,1.4338837391175583,0.09903113209758097,2.0,1.0,1,0
88960,1.0,3.0,2.0,1.0,1.0,6,2,1,2.0,1.0,1.9749279121818235,0.7774790660436857,1.5,1.8660254037844388,2,1
69298,1.0,1.0,1.0,2.0,1.0,12,3,11,1.0000000000000002,0.0,1.4338837391175583,0.09903113209758097,0.49999999999999956,1.8660254037844384,1,1
155110,1.0,4.0,2.0,1.0,1.0,23,7,4,0.7411809548974784,1.9659258262890682,0.9999999999999998,2.0,1.8660254037844388,0.5000000000000002,1,1
43938,1.0,1.0,1.0,1.0,1.0,6,4,8,2.0,1.0,0.5661162608824419,0.09903113209758085,0.13397459621556151,0.49999999999999956,2,1
11560,1.0,1.0,1.0,1.0,1.0,10,6,8,1.5,0.1339745962155613,0.21816851753197009,1.6234898018587334,0.13397459621556151,0.49999999999999956,1,1
133012,1.0,1.0,2.0,1.0,1.0,17,2,7,0.03407417371093169,0.7411809548974794,1.9749279121818235,0.7774790660436857,0.5000000000000002,0.13397459621556118,1,1
130028,1.0,1.0,3.0,2.0,1.0,8,4,1,1.8660254037844388,0.5000000000000002,0.5661162608824419,0.09903113209758085,1.5,1.8660254037844388,2,1
180760,1.0,3.0,1.0,1.0,1.0,23,6,2,0.7411809548974784,1.9659258262890682,0.21816851753197009,1.6234898018587334,1.8660254037844386,1.5,1,1
106317,1.0,1.0,2.0,1.0,1.0,15,1,4,0.29289321881345287,0.2928932188134521,1.78183148246803,1.6234898018587336,1.8660254037844388,0.5000000000000002,2,1
197642,1.0,1.0,2.0,1.0,1.0,16,7,8,0.13397459621556151,0.49999999999999956,0.9999999999999998,2.0,0.13397459621556151,0.49999999999999956,1,1
20221,1.0,1.0,2.0,1.0,1.0,15,1,10,0.29289321881345287,0.2928932188134521,1.78183148246803,1.6234898018587336,0.1339745962155614,1.5,2,1
179510,1.0,1.0,1.0,1.0,1.0,12,1,10,1.0000000000000002,0.0,1.78183148246803,1.6234898018587336,0.1339745962155614,1.5,1,0
89344,1.0,1.0,1.0,1.0,1.0,14,6,11,0.5000000000000002,0.13397459621556118,0.21816851753197009,1.6234898018587334,0.49999999999999956,1.8660254037844384,1,1
18843,1.0,1.0,1.0,1.0,1.0,20,2,4,0.1339745962155614,1.5,1.9749279121818235,0.7774790660436857,1.8660254037844388,0.5000000000000002,1,1
95491,1.0,1.0,2.0,1.0,1.0,8,3,6,1.8660254037844388,0.5000000000000002,1.4338837391175583,0.09903113209758097,1.0000000000000002,0.0,2,1
17379,1.0,1.0,1.0,1.0,1.0,11,3,8,1.258819045102521,0.0340741737109318,1.4338837391175583,0.09903113209758097,0.13397459621556151,0.49999999999999956,1,1
59035,2.0,1.0,1.0,2.0,1.0,14,3,7,0.5000000000000002,0.13397459621556118,1.4338837391175583,0.09903113209758097,0.5000000000000002,0.13397459621556118,1,1
17021,1.0,1.0,1.0,1.0,1.0,19,1,11,0.03407417371093158,1.2588190451025203,1.78183148246803,1.6234898018587336,0.49999999999999956,1.8660254037844384,1,1
126200,1.0,1.0,1.0,1.0,1.0,9,3,6,1.7071067811865475,0.29289321881345254,1.4338837391175583,0.09903113209758097,1.0000000000000002,0.0,2,1
129780,1.0,1.0,3.0,1.0,1.0,17,2,5,0.03407417371093169,0.7411809548974794,1.9749279121818235,0.7774790660436857,1.5,0.1339745962155613,2,1
37260,1.0,1.0,1.0,1.0,1.0,11,3,5,1.258819045102521,0.0340741737109318,1.4338837391175583,0.09903113209758097,1.5,0.1339745962155613,1,1
107155,1.0,1.0,1.0,1.0,1.0,13,4,1,0.7411809548974793,0.03407417371093169,0.5661162608824419,0.09903113209758085,1.5,1.8660254037844388,1,1
114266,1.0,1.0,1.0,1.0,1.0,9,7,7,1.7071067811865475,0.29289321881345254,0.9999999999999998,2.0,0.5000000000000002,0.13397459621556118,1,1
178519,1.0,1.0,1.0,1.0,1.0,7,2,8,1.9659258262890682,0.7411809548974794,1.9749279121818235,0.7774790660436857,0.13397459621556151,0.49999999999999956,1,0
44045,1.0,3.0,3.0,2.0,1.0,21,2,12,0.2928932188134523,1.7071067811865475,1.9749279121818235,0.7774790660436857,0.9999999999999998,2.0,1,1
203803,2.0,2.0,1.0,2.0,1.0,18,4,11,0.0,0.9999999999999998,0.5661162608824419,0.09903113209758085,0.49999999999999956,1.8660254037844384,1,1
12536,2.0,3.0,2.0,2.0,1.0,17,2,10,0.03407417371093169,0.7411809548974794,1.9749279121818235,0.7774790660436857,0.1339745962155614,1.5,1,1
33439,1.0,1.0,2.0,1.0,1.0,16,1,11,0.13397459621556151,0.49999999999999956,1.78183148246803,1.6234898018587336,0.49999999999999956,1.8660254037844384,1,1
157399,1.0,1.0,1.0,1.0,1.0,11,3,5,1.258819045102521,0.0340741737109318,1.4338837391175583,0.09903113209758097,1.5,0.1339745962155613,1,1
120385,1.0,2.0,3.0,1.0,1.0,6,2,3,2.0,1.0,1.9749279121818235,0.7774790660436857,2.0,1.0,1,1
149395,2.0,3.0,1.0,2.0,1.0,22,4,7,0.49999999999999956,1.8660254037844384,0.5661162608824419,0.09903113209758085,0.5000000000000002,0.13397459621556118,2,1
98464,1.0,1.0,1.0,1.0,1.0,13,5,4,0.7411809548974793,0.03407417371093169,0.02507208781817638,0.7774790660436854,1.8660254037844388,0.5000000000000002,2,1
14100,1.0,1.0,3.0,1.0,1.0,14,5,4,0.5000000000000002,0.13397459621556118,0.02507208781817638,0.7774790660436854,1.8660254037844388,0.5000000000000002,2,1
23110,1.0,3.0,1.0,1.0,1.0,22,3,6,0.49999999999999956,1.8660254037844384,1.4338837391175583,0.09903113209758097,1.0000000000000002,0.0,1,1
189757,1.0,1.0,1.0,1.0,1.0,18,3,10,0.0,0.9999999999999998,1.4338837391175583,0.09903113209758097,0.1339745962155614,1.5,2,1
70065,1.0,1.0,3.0,1.0,1.0,16,6,3,0.13397459621556151,0.49999999999999956,0.21816851753197009,1.6234898018587334,2.0,1.0,2,1
26665,1.0,3.0,1.0,4.0,1.0,21,2,12,0.2928932188134523,1.7071067811865475,1.9749279121818235,0.7774790660436857,0.9999999999999998,2.0,2,1
186625,1.0,4.0,1.0,1.0,1.0,15,7,2,0.29289321881345287,0.2928932188134521,0.9999999999999998,2.0,1.8660254037844386,1.5,1,1
147814,1.0,1.0,1.0,4.0,4.0,7,3,1,1.9659258262890682,0.7411809548974794,1.4338837391175583,0.09903113209758097,1.5,1.8660254037844388,2,1
61012,1.0,1.0,2.0,1.0,1.0,15,4,7,0.29289321881345287,0.2928932188134521,0.5661162608824419,0.09903113209758085,0.5000000000000002,0.13397459621556118,1,1
206959,1.0,1.0,3.0,1.0,1.0,6,4,12,2.0,1.0,0.5661162608824419,0.09903113209758085,0.9999999999999998,2.0,2,1
28513,1.0,1.0,2.0,1.0,1.0,15,4,7,0.29289321881345287,0.2928932188134521,0.5661162608824419,0.09903113209758085,0.5000000000000002,0.13397459621556118,2,1
179539,1.0,1.0,1.0,1.0,1.0,16,3,6,0.13397459621556151,0.49999999999999956,1.4338837391175583,0.09903113209758097,1.0000000000000002,0.0,2,1
130647,2.0,1.0,1.0,2.0,1.0,14,2,9,0.5000000000000002,0.13397459621556118,1.9749279121818235,0.7774790660436857,0.0,0.9999999999999998,1,1
118563,1.0,1.0,1.0,1.0,1.0,9,3,4,1.7071067811865475,0.29289321881345254,1.4338837391175583,0.09903113209758097,1.8660254037844388,0.5000000000000002,1,1
52275,1.0,1.0,2.0,1.0,1.0,12,7,8,1.0000000000000002,0.0,0.9999999999999998,2.0,0.13397459621556151,0.49999999999999956,1,1
149766,1.0,1.0,1.0,1.0,1.0,13,7,11,0.7411809548974793,0.03407417371093169,0.9999999999999998,2.0,0.49999999999999956,1.8660254037844384,1,1
50664,1.0,1.0,3.0,1.0,1.0,15,6,11,0.29289321881345287,0.2928932188134521,0.21816851753197009,1.6234898018587334,0.49999999999999956,1.8660254037844384,2,1
79180,1.0,1.0,2.0,1.0,1.0,9,6,11,1.7071067811865475,0.29289321881345254,0.21816851753197009,1.6234898018587334,0.49999999999999956,1.8660254037844384,1,1
173355,1.0,1.0,1.0,1.0,1.0,14,6,4,0.5000000000000002,0.13397459621556118,0.21816851753197009,1.6234898018587334,1.8660254037844388,0.5000000000000002,2,1
17048,1.0,1.0,1.0,1.0,1.0,13,7,10,0.7411809548974793,0.03407417371093169,0.9999999999999998,2.0,0.1339745962155614,1.5,1,1
18863,1.0,1.0,1.0,1.0,1.0,10,4,6,1.5,0.1339745962155613,0.5661162608824419,0.09903113209758085,1.0000000000000002,0.0,2,1
83120,3.0,3.0,2.0,3.0,1.0,23,5,2,0.7411809548974784,1.9659258262890682,0.02507208781817638,0.7774790660436854,1.8660254037844386,1.5,1,1
179201,1.0,1.0,2.0,1.0,1.0,17,1,9,0.03407417371093169,0.7411809548974794,1.78183148246803,1.6234898018587336,0.0,0.9999999999999998,1,1
116118,2.0,1.0,2.0,2.0,1.0,16,6,10,0.13397459621556151,0.49999999999999956,0.21816851753197009,1.6234898018587334,0.1339745962155614,1.5,2,1
118085,1.0,1.0,1.0,1.0,1.0,13,2,7,0.7411809548974793,0.03407417371093169,1.9749279121818235,0.7774790660436857,0.5000000000000002,0.13397459621556118,2,1
54654,2.0,1.0,3.0,1.0,1.0,7,5,7,1.9659258262890682,0.7411809548974794,0.02507208781817638,0.7774790660436854,0.5000000000000002,0.13397459621556118,1,1
53752,1.0,4.0,1.0,1.0,1.0,19,5,11,0.03407417371093158,1.2588190451025203,0.02507208781817638,0.7774790660436854,0.49999999999999956,1.8660254037844384,1,0
156835,1.0,1.0,1.0,1.0,1.0,14,1,1,0.5000000000000002,0.13397459621556118,1.78183148246803,1.6234898018587336,1.5,1.8660254037844388,1,1
77637,1.0,4.0,1.0,1.0,1.0,17,3,1,0.03407417371093169,0.7411809548974794,1.4338837391175583,0.09903113209758097,1.5,1.8660254037844388,1,1
175494,1.0,1.0,1.0,1.0,1.0,14,6,9,0.5000000000000002,0.13397459621556118,0.21816851753197009,1.6234898018587334,0.0,0.9999999999999998,1,1
179031,2.0,1.0,1.0,2.0,1.0,15,3,4,0.29289321881345287,0.2928932188134521,1.4338837391175583,0.09903113209758097,1.8660254037844388,0.5000000000000002,2,1
172611,1.0,1.0,2.0,1.0,1.0,12,4,11,1.0000000000000002,0.0,0.5661162608824419,0.09903113209758085,0.49999999999999956,1.8660254037844384,2,1
39730,1.0,1.0,1.0,1.0,1.0,15,3,10,0.29289321881345287,0.2928932188134521,1.4338837391175583,0.09903113209758097,0.1339745962155614,1.5,1,0
128603,2.0,1.0,2.0,2.0,1.0,9,6,10,1.7071067811865475,0.29289321881345254,0.21816851753197009,1.6234898018587334,0.1339745962155614,1.5,1,1
184571,1.0,1.0,1.0,1.0,1.0,15,2,12,0.29289321881345287,0.2928932188134521,1.9749279121818235,0.7774790660436857,0.9999999999999998,2.0,1,1
90025,1.0,1.0,1.0,1.0,1.0,15,5,12,0.29289321881345287,0.2928932188134521,0.02507208781817638,0.7774790660436854,0.9999999999999998,2.0,1,1
3970,1.0,1.0,2.0,1.0,1.0,16,1,8,0.13397459621556151,0.49999999999999956,1.78183148246803,1.6234898018587336,0.13397459621556151,0.49999999999999956,2,1
50189,1.0,1.0,2.0,1.0,1.0,8,2,4,1.8660254037844388,0.5000000000000002,1.9749279121818235,0.7774790660436857,1.8660254037844388,0.5000000000000002,1,1
60393,1.0,1.0,2.0,1.0,1.0,8,3,7,1.8660254037844388,0.5000000000000002,1.4338837391175583,0.09903113209758097,0.5000000000000002,0.13397459621556118,1,1
183959,1.0,3.0,2.0,1.0,1.0,22,6,5,0.49999999999999956,1.8660254037844384,0.21816851753197009,1.6234898018587334,1.5,0.1339745962155613,1,1
41433,1.0,1.0,1.0,1.0,1.0,16,5,9,0.13397459621556151,0.49999999999999956,0.02507208781817638,0.7774790660436854,0.0,0.9999999999999998,1,1
135585,1.0,1.0,1.0,1.0,1.0,15,7,4,0.29289321881345287,0.2928932188134521,0.9999999999999998,2.0,1.8660254037844388,0.5000000000000002,1,1
91880,2.0,1.0,2.0,2.0,1.0,17,3,9,0.03407417371093169,0.7411809548974794,1.4338837391175583,0.09903113209758097,0.0,0.9999999999999998,1,1
107912,1.0,1.0,3.0,1.0,1.0,6,7,8,2.0,1.0,0.9999999999999998,2.0,0.13397459621556151,0.49999999999999956,2,1
24691,1.0,1.0,1.0,2.0,1.0,11,6,1,1.258819045102521,0.0340741737109318,0.21816851753197009,1.6234898018587334,1.5,1.8660254037844388,1,1
54337,1.0,3.0,1.0,1.0,1.0,3,1,9,1.7071067811865475,1.7071067811865475,1.78183148246803,1.6234898018587336,0.0,0.9999999999999998,2,1
93523,1.0,2.0,1.0,1.0,1.0,19,7,8,0.03407417371093158,1.2588190451025203,0.9999999999999998,2.0,0.13397459621556151,0.49999999999999956,1,1
38371,1.0,1.0,3.0,1.0,1.0,14,4,5,0.5000000000000002,0.13397459621556118,0.5661162608824419,0.09903113209758085,1.5,0.1339745962155613,1,1
144133,1.0,3.0,1.0,1.0,1.0,21,3,5,0.2928932188134523,1.7071067811865475,1.4338837391175583,0.09903113209758097,1.5,0.1339745962155613,1,1
16982,1.0,2.0,2.0,2.0,1.0,18,7,8,0.0,0.9999999999999998,0.9999999999999998,2.0,0.13397459621556151,0.49999999999999956,1,1
21327,2.0,1.0,1.0,2.0,1.0,13,1,4,0.7411809548974793,0.03407417371093169,1.78183148246803,1.6234898018587336,1.8660254037844388,0.5000000000000002,1,1
166247,1.0,1.0,1.0,1.0,1.0,15,4,7,0.29289321881345287,0.2928932188134521,0.5661162608824419,0.09903113209758085,0.5000000000000002,0.13397459621556118,1,0
60610,1.0,2.0,3.0,2.0,1.0,6,4,3,2.0,1.0,0.5661162608824419,0.09903113209758085,2.0,1.0,2,1
207652,1.0,1.0,2.0,2.0,1.0,12,6,12,1.0000000000000002,0.0,0.21816851753197009,1.6234898018587334,0.9999999999999998,2.0,2,1
32482,2.0,1.0,2.0,2.0,1.0,10,7,10,1.5,0.1339745962155613,0.9999999999999998,2.0,0.1339745962155614,1.5,1,1
84652,2.0,1.0,3.0,1.0,1.0,15,2,11,0.29289321881345287,0.2928932188134521,1.9749279121818235,0.7774790660436857,0.49999999999999956,1.8660254037844384,1,1
40865,2.0,1.0,2.0,2.0,1.0,11,2,5,1.258819045102521,0.0340741737109318,1.9749279121818235,0.7774790660436857,1.5,0.1339745962155613,1,1
90422,1.0,1.0,1.0,1.0,1.0,13,6,7,0.7411809548974793,0.03407417371093169,0.21816851753197009,1.6234898018587334,0.5000000000000002,0.13397459621556118,1,1
102859,1.0,1.0,1.0,1.0,1.0,18,3,3,0.0,0.9999999999999998,1.4338837391175583,0.09903113209758097,2.0,1.0,2,1
88678,1.0,1.0,2.0,1.0,1.0,7,6,5,1.9659258262890682,0.7411809548974794,0.21816851753197009,1.6234898018587334,1.5,0.1339745962155613,1,1
199138,1.0,1.0,4.0,1.0,3.0,3,2,9,1.7071067811865475,1.7071067811865475,1.9749279121818235,0.7774790660436857,0.0,0.9999999999999998,1,1
113379,1.0,2.0,1.0,1.0,1.0,22,6,5,0.49999999999999956,1.8660254037844384,0.21816851753197009,1.6234898018587334,1.5,0.1339745962155613,1,1
207433,1.0,1.0,4.0,2.0,1.0,11,5,12,1.258819045102521,0.0340741737109318,0.02507208781817638,0.7774790660436854,0.9999999999999998,2.0,1,1
122734,2.0,2.0,3.0,2.0,1.0,18,6,3,0.0,0.9999999999999998,0.21816851753197009,1.6234898018587334,2.0,1.0,1,1
49840,1.0,1.0,2.0,1.0,1.0,15,4,4,0.29289321881345287,0.2928932188134521,0.5661162608824419,0.09903113209758085,1.8660254037844388,0.5000000000000002,1,1
75105,1.0,1.0,1.0,1.0,1.0,16,6,5,0.13397459621556151,0.49999999999999956,0.21816851753197009,1.6234898018587334,1.5,0.1339745962155613,1,1
145475,1.0,1.0,1.0,1.0,2.0,12,6,10,1.0000000000000002,0.0,0.21816851753197009,1.6234898018587334,0.1339745962155614,1.5,1,1
179112,1.0,1.0,1.0,1.0,1.0,10,7,5,1.5,0.1339745962155613,0.9999999999999998,2.0,1.5,0.1339745962155613,2,1
68702,1.0,3.0,1.0,1.0,1.0,4,6,8,1.8660254037844386,1.5,0.21816851753197009,1.6234898018587334,0.13397459621556151,0.49999999999999956,1,1
112945,1.0,1.0,3.0,1.0,1.0,17,5,7,0.03407417371093169,0.7411809548974794,0.02507208781817638,0.7774790660436854,0.5000000000000002,0.13397459621556118,1,1
97916,1.0,3.0,2.0,1.0,1.0,20,7,10,0.1339745962155614,1.5,0.9999999999999998,2.0,0.1339745962155614,1.5,1,1
150266,1.0,1.0,1.0,1.0,1.0,14,3,11,0.5000000000000002,0.13397459621556118,1.4338837391175583,0.09903113209758097,0.49999999999999956,1.8660254037844384,2,1
101516,2.0,2.0,3.0,2.0,1.0,19,3,9,0.03407417371093158,1.2588190451025203,1.4338837391175583,0.09903113209758097,0.0,0.9999999999999998,1,1
119739,1.0,1.0,3.0,1.0,1.0,8,6,11,1.8660254037844388,0.5000000000000002,0.21816851753197009,1.6234898018587334,0.49999999999999956,1.8660254037844384,2,1
81461,1.0,3.0,1.0,2.0,1.0,22,5,2,0.49999999999999956,1.8660254037844384,0.02507208781817638,0.7774790660436854,1.8660254037844386,1.5,1,1
129961,1.0,1.0,3.0,1.0,1.0,12,4,5,1.0000000000000002,0.0,0.5661162608824419,0.09903113209758085,1.5,0.1339745962155613,2,1
193266,1.0,1.0,1.0,1.0,1.0,17,7,8,0.03407417371093169,0.7411809548974794,0.9999999999999998,2.0,0.13397459621556151,0.49999999999999956,1,1
3172,3.0,1.0,1.0,3.0,1.0,15,5,2,0.29289321881345287,0.2928932188134521,0.02507208781817638,0.7774790660436854,1.8660254037844386,1.5,1,1
43902,1.0,1.0,1.0,1.0,1.0,10,5,7,1.5,0.1339745962155613,0.02507208781817638,0.7774790660436854,0.5000000000000002,0.13397459621556118,1,1
4061,1.0,1.0,1.0,1.0,1.0,15,5,7,0.29289321881345287,0.2928932188134521,0.02507208781817638,0.7774790660436854,0.5000000000000002,0.13397459621556118,1,1
115747,1.0,3.0,1.0,2.0,1.0,20,7,12,0.1339745962155614,1.5,0.9999999999999998,2.0,0.9999999999999998,2.0,1,1
200900,1.0,1.0,1.0,1.0,1.0,8,2,9,1.8660254037844388,0.5000000000000002,1.9749279121818235,0.7774790660436857,0.0,0.9999999999999998,1,0
31320,2.0,1.0,2.0,2.0,1.0,18,1,3,0.0,0.9999999999999998,1.78183148246803,1.6234898018587336,2.0,1.0,1,1
44893,1.0,1.0,3.0,1.0,1.0,15,2,6,0.29289321881345287,0.2928932188134521,1.9749279121818235,0.7774790660436857,1.0000000000000002,0.0,2,1
200077,1.0,1.0,1.0,1.0,1.0,15,5,9,0.29289321881345287,0.2928932188134521,0.02507208781817638,0.7774790660436854,0.0,0.9999999999999998,1,1
23960,1.0,4.0,1.0,1.0,1.0,22,2,12,0.49999999999999956,1.8660254037844384,1.9749279121818235,0.7774790660436857,0.9999999999999998,2.0,1,1
46240,1.0,1.0,2.0,1.0,1.0,10,2,2,1.5,0.1339745962155613,1.9749279121818235,0.7774790660436857,1.8660254037844386,1.5,2,1
64165,1.0,1.0,3.0,1.0,1.0,6,4,2,2.0,1.0,0.5661162608824419,0.09903113209758085,1.8660254037844386,1.5,1,0
46809,1.0,2.0,1.0,1.0,1.0,20,7,6,0.1339745962155614,1.5,0.9999999999999998,2.0,1.0000000000000002,0.0,1,1
132588,1.0,1.0,3.0,1.0,1.0,16,5,6,0.13397459621556151,0.49999999999999956,0.02507208781817638,0.7774790660436854,1.0000000000000002,0.0,1,1
31252,1.0,1.0,2.0,1.0,1.0,10,1,2,1.5,0.1339745962155613,1.78183148246803,1.6234898018587336,1.8660254037844386,1.5,2,1
203550,1.0,1.0,3.0,1.0,3.0,11,1,10,1.258819045102521,0.0340741737109318,1.78183148246803,1.6234898018587336,0.1339745962155614,1.5,1,1
207879,1.0,1.0,1.0,1.0,1.0,9,6,12,1.7071067811865475,0.29289321881345254,0.21816851753197009,1.6234898018587334,0.9999999999999998,2.0,1,1
196183,1.0,3.0,2.0,1.0,1.0,21,1,8,0.2928932188134523,1.7071067811865475,1.78183148246803,1.6234898018587336,0.13397459621556151,0.49999999999999956,1,1
134461,2.0,2.0,3.0,2.0,1.0,15,7,12,0.29289321881345287,0.2928932188134521,0.9999999999999998,2.0,0.9999999999999998,2.0,2,1
35041,1.0,3.0,3.0,1.0,1.0,20,2,11,0.1339745962155614,1.5,1.9749279121818235,0.7774790660436857,0.49999999999999956,1.8660254037844384,2,1
91220,1.0,1.0,3.0,1.0,1.0,12,3,11,1.0000000000000002,0.0,1.4338837391175583,0.09903113209758097,0.49999999999999956,1.8660254037844384,1,1
52780,1.0,3.0,3.0,1.0,1.0,19,6,9,0.03407417371093158,1.2588190451025203,0.21816851753197009,1.6234898018587334,0.0,0.9999999999999998,1,1
9554,1.0,1.0,1.0,1.0,1.0,17,4,3,0.03407417371093169,0.7411809548974794,0.5661162608824419,0.09903113209758085,2.0,1.0,2,1
130543,1.0,1.0,3.0,1.0,2.0,10,5,6,1.5,0.1339745962155613,0.02507208781817638,0.7774790660436854,1.0000000000000002,0.0,1,1
54389,1.0,1.0,2.0,1.0,1.0,15,6,9,0.29289321881345287,0.2928932188134521,0.21816851753197009,1.6234898018587334,0.0,0.9999999999999998,1,1
186931,1.0,1.0,3.0,1.0,1.0,6,5,4,2.0,1.0,0.02507208781817638,0.7774790660436854,1.8660254037844388,0.5000000000000002,1,1
24326,1.0,3.0,2.0,1.0,1.0,22,5,3,0.49999999999999956,1.8660254037844384,0.02507208781817638,0.7774790660436854,2.0,1.0,2,1
7825,1.0,1.0,3.0,1.0,1.0,13,3,4,0.7411809548974793,0.03407417371093169,1.4338837391175583,0.09903113209758097,1.8660254037844388,0.5000000000000002,2,1
73441,1.0,3.0,1.0,1.0,1.0,23,7,6,0.7411809548974784,1.9659258262890682,0.9999999999999998,2.0,1.0000000000000002,0.0,1,1
142002,1.0,1.0,1.0,1.0,1.0,15,6,6,0.29289321881345287,0.2928932188134521,0.21816851753197009,1.6234898018587334,1.0000000000000002,0.0,1,1
103761,1.0,1.0,1.0,1.0,1.0,17,4,9,0.03407417371093169,0.7411809548974794,0.5661162608824419,0.09903113209758085,0.0,0.9999999999999998,1,1
61408,1.0,1.0,3.0,1.0,1.0,15,2,8,0.29289321881345287,0.2928932188134521,1.9749279121818235,0.7774790660436857,0.13397459621556151,0.49999999999999956,1,1
38319,1.0,1.0,1.0,1.0,1.0,6,6,9,2.0,1.0,0.21816851753197009,1.6234898018587334,0.0,0.9999999999999998,1,1
23918,1.0,1.0,3.0,1.0,1.0,14,3,7,0.5000000000000002,0.13397459621556118,1.4338837391175583,0.09903113209758097,0.5000000000000002,0.13397459621556118,1,1
199743,1.0,1.0,3.0,1.0,1.0,8,1,9,1.8660254037844388,0.5000000000000002,1.78183148246803,1.6234898018587336,0.0,0.9999999999999998,2,1
119223,1.0,1.0,1.0,1.0,1.0,18,5,7,0.0,0.9999999999999998,0.02507208781817638,0.7774790660436854,0.5000000000000002,0.13397459621556118,2,1
39523,1.0,1.0,1.0,1.0,1.0,14,6,3,0.5000000000000002,0.13397459621556118,0.21816851753197009,1.6234898018587334,2.0,1.0,2,1
123685,1.0,3.0,1.0,1.0,1.0,18,5,11,0.0,0.9999999999999998,0.02507208781817638,0.7774790660436854,0.49999999999999956,1.8660254037844384,2,1