Unnamed: 0,weather_condition,lighting_condition,trafficway_type,roadway_surface_cond,road_defect,crash_hour,crash_day_of_week,crash_month,crash_hour_sin,crash_hour_cos,crash_day_sin,crash_day_cos,crash_month_sin,crash_month_cos,crash_type,intersection_related_i
89482,2.0,1.0,2.0,2.0,1.0,12,4,10,1.0000000000000002,0.0,0.5661162608824419,0.09903113209758085,0.1339745962155614,1.5,2,1
33498,1.0,4.0,3.0,1.0,1.0,17,4,1,0.03407417371093169,0.7411809548974794,0.5661162608824419,0.09903113209758085,1.5,1.8660254037844388,2,1
161840,1.0,1.0,1.0,1.0,1.0,15,4,10,0.29289321881345287,0.2928932188134521,0.5661162608824419,0.09903113209758085,0.1339745962155614,1.5,1,1
77692,1.0,1.0,1.0,1.0,1.0,15,1,10,0.29289321881345287,0.2928932188134521,1.78183148246803,1.6234898018587336,0.1339745962155614,1.5,1,1
48564,1.0,1.0,2.0,1.0,1.0,17,6,11,0.03407417371093169,0.7411809548974794,0.21816851753197009,1.6234898018587334,0.49999999999999956,1.8660254037844384,1,1
26809,1.0,3.0,1.0,1.0,1.0,21,2,9,0.2928932188134523,1.7071067811865475,1.9749279121818235,0.7774790660436857,0.0,0.9999999999999998,1,1
33160,1.0,3.0,1.0,1.0,1.0,22,1,2,0.49999999999999956,1.8660254037844384,1.78183148246803,1.6234898018587336,1.8660254037844386,1.5,1,1
115127,1.0,3.0,1.0,2.0,1.0,16,6,12,0.13397459621556151,0.49999999999999956,0.21816851753197009,1.6234898018587334,0.9999999999999998,2.0,2,1
185832,2.0,3.0,1.0,2.0,1.0,16,6,12,0.13397459621556151,0.49999999999999956,0.21816851753197009,1.6234898018587334,0.9999999999999998,2.0,1,1
142215,2.0,1.0,1.0,2.0,1.0,10,4,2,1.5,0.1339745962155613,0.5661162608824419,0.09903113209758085,1.8660254037844386,1.5,1,1
95539,1.0,3.0,1.0,1.0,1.0,23,2,2,0.7411809548974784,1.9659258262890682,1.9749279121818235,0.7774790660436857,1.8660254037844386,1.5,1,1
44841,1.0,3.0,3.0,1.0,1.0,5,2,2,1.9659258262890682,1.2588190451025207,1.9749279121818235,0.7774790660436857,1.8660254037844386,1.5,1,1
90625,1.0,1.0,2.0,1.0,1.0,7,5,6,1.9659258262890682,0.7411809548974794,0.02507208781817638,0.7774790660436854,1.0000000000000002,0.0,1,1
162752,1.0,4.0,2.0,2.0,1.0,20,5,10,0.1339745962155614,1.5,0.02507208781817638,0.7774790660436854,0.1339745962155614,1.5,1,1
114903,1.0,1.0,1.0,1.0,1.0,9,3,9,1.7071067811865475,0.29289321881345254,1.4338837391175583,0.09903113209758097,0.0,0.9999999999999998,1,0
133092,2.0,1.0,1.0,2.0,1.0,13,5,12,0.7411809548974793,0.03407417371093169,0.02507208781817638,0.7774790660436854,0.9999999999999998,2.0,2,1
65019,1.0,2.0,1.0,1.0,1.0,21,3,6,0.2928932188134523,1.7071067811865475,1.4338837391175583,0.09903113209758097,1.0000000000000002,0.0,1,0
12382,1.0,1.0,1.0,1.0,1.0,6,4,1,2.0,1.0,0.5661162608824419,0.09903113209758085,1.5,1.8660254037844388,1,1
112896,1.0,1.0,1.0,1.0,1.0,11,1,5,1.258819045102521,0.0340741737109318,1.78183148246803,1.6234898018587336,1.5,0.1339745962155613,1,0
79327,1.0,1.0,1.0,1.0,1.0,12,6,12,1.0000000000000002,0.0,0.21816851753197009,1.6234898018587334,0.9999999999999998,2.0,1,1
84125,1.0,3.0,3.0,2.0,1.0,3,5,12,1.7071067811865475,1.7071067811865475,0.02507208781817638,0.7774790660436854,0.9999999999999998,2.0,2,1
32693,1.0,1.0,1.8332037225905151,1.0,1.0,16,4,9,0.13397459621556151,0.49999999999999956,0.5661162608824419,0.09903113209758085,0.0,0.9999999999999998,1,1
11878,1.0,1.0,3.0,1.0,1.0,16,6,9,0.13397459621556151,0.49999999999999956,0.21816851753197009,1.6234898018587334,0.0,0.9999999999999998,2,1
3258,1.0,1.0,3.0,1.0,2.0,16,5,7,0.13397459621556151,0.49999999999999956,0.02507208781817638,0.7774790660436854,0.5000000000000002,0.13397459621556118,2,1
137978,1.0,2.0,2.0,1.0,1.0,19,7,6,0.03407417371093158,1.2588190451025203,0.9999999999999998,2.0,1.0000000000000002,0.0,1,1
99684,1.0,1.0,1.0,1.0,1.0,7,5,1,1.9659258262890682,0.7411809548974794,0.02507208781817638,0.7774790660436854,1.5,1.8660254037844388,1,1
163536,3.0,1.0,2.0,3.0,1.0,7,5,2,1.9659258262890682,0.7411809548974794,0.02507208781817638,0.7774790660436854,1.8660254037844386,1.5,1,1
109730,1.0,1.0,2.0,1.0,1.0,13,4,1,0.7411809548974793,0.03407417371093169,0.5661162608824419,0.09903113209758085,1.5,1.8660254037844388,1,1
197043,1.0,2.0,2.0,1.0,1.0,6,3,7,2.0,1.0,1.4338837391175583,0.09903113209758097,0.5000000000000002,0.13397459621556118,1,1
178396,1.0,1.0,1.0,1.0,1.0,7,3,7,1.9659258262890682,0.7411809548974794,1.4338837391175583,0.09903113209758097,0.5000000000000002,0.13397459621556118,1,1
152166,1.0,1.0,1.0,1.0,1.0,8,5,5,1.8660254037844388,0.5000000000000002,0.02507208781817638,0.7774790660436854,1.5,0.1339745962155613,1,1
186589,1.0,1.0,2.0,1.0,1.0,14,6,11,0.5000000000000002,0.13397459621556118,0.21816851753197009,1.6234898018587334,0.49999999999999956,1.8660254037844384,2,1
39,1.0,1.0,3.0,1.0,1.0,11,7,9,1.258819045102521,0.0340741737109318,0.9999999999999998,2.0,0.0,0.9999999999999998,1,1
36289,1.0,1.0,2.0,1.0,1.0,17,4,5,0.03407417371093169,0.7411809548974794,0.5661162608824419,0.09903113209758085,1.5,0.1339745962155613,1,1
67260,1.0,4.0,3.0,1.0,1.0,5,1,10,1.9659258262890682,1.2588190451025207,1.78183148246803,1.6234898018587336,0.1339745962155614,1.5,1,1
112724,1.0,2.0,1.0,1.0,1.0,17,4,8,0.03407417371093169,0.7411809548974794,0.5661162608824419,0.09903113209758085,0.13397459621556151,0.49999999999999956,2,1
174845,1.0,1.0,1.0,1.0,1.0,9,1,8,1.7071067811865475,0.29289321881345254,1.78183148246803,1.6234898018587336,0.13397459621556151,0.49999999999999956,1,0
118074,1.0,1.0,1.0,1.0,1.0,7,6,11,1.9659258262890682,0.7411809548974794,0.21816851753197009,1.6234898018587334,0.49999999999999956,1.8660254037844384,1,1
49250,1.0,1.0,1.0,1.0,1.0,15,7,8,0.29289321881345287,0.2928932188134521,0.9999999999999998,2.0,0.13397459621556151,0.49999999999999956,1,1
48149,1.0,1.0,3.0,1.0,1.0,15,3,5,0.29289321881345287,0.2928932188134521,1.4338837391175583,0.09903113209758097,1.5,0.1339745962155613,1,1
116240,1.0,1.0,1.0,1.0,1.0,11,6,3,1.258819045102521,0.0340741737109318,0.21816851753197009,1.6234898018587334,2.0,1.0,1,0
124266,1.0,1.0,1.0,1.0,1.0,19,4,7,0.03407417371093158,1.2588190451025203,0.5661162608824419,0.09903113209758085,0.5000000000000002,0.13397459621556118,2,1
23286,1.0,3.0,3.0,1.0,1.0,23,1,8,0.7411809548974784,1.9659258262890682,1.78183148246803,1.6234898018587336,0.13397459621556151,0.49999999999999956,2,1
178418,1.0,1.0,1.0,1.0,1.0,18,7,5,0.0,0.9999999999999998,0.9999999999999998,2.0,1.5,0.1339745962155613,1,1
1694,1.0,1.0,1.0,3.0,1.0,8,3,2,1.8660254037844388,0.5000000000000002,1.4338837391175583,0.09903113209758097,1.8660254037844386,1.5,2,1
115851,1.0,3.0,1.0,1.0,1.0,17,5,12,0.03407417371093169,0.7411809548974794,0.02507208781817638,0.7774790660436854,0.9999999999999998,2.0,2,1
176577,1.0,1.0,2.0,1.0,1.0,15,2,8,0.29289321881345287,0.2928932188134521,1.9749279121818235,0.7774790660436857,0.13397459621556151,0.49999999999999956,1,1
109028,1.0,1.0,3.0,1.0,1.0,17,3,5,0.03407417371093169,0.7411809548974794,1.4338837391175583,0.09903113209758097,1.5,0.1339745962155613,2,1
10987,1.0,4.0,1.0,2.0,1.0,17,5,1,0.03407417371093169,0.7411809548974794,0.02507208781817638,0.7774790660436854,1.5,1.8660254037844388,1,1
8134,1.0,1.0,3.0,1.0,4.0,12,4,6,1.0000000000000002,0.0,0.5661162608824419,0.09903113209758085,1.0000000000000002,0.0,2,1
199639,1.0,3.0,1.0,1.0,1.0,4,6,9,1.8660254037844386,1.5,0.21816851753197009,1.6234898018587334,0.0,0.9999999999999998,2,1
148846,1.0,1.0,1.0,2.0,1.0,17,5,9,0.03407417371093169,0.7411809548974794,0.02507208781817638,0.7774790660436854,0.0,0.9999999999999998,1,1
141003,2.0,1.0,2.0,1.0,1.0,16,1,4,0.13397459621556151,0.49999999999999956,1.78183148246803,1.6234898018587336,1.8660254037844388,0.5000000000000002,1,1
103721,1.0,3.0,1.0,2.0,1.0,19,2,10,0.03407417371093158,1.2588190451025203,1.9749279121818235,0.7774790660436857,0.1339745962155614,1.5,2,0
7161,1.0,1.0,1.0,2.0,1.0,12,4,12,1.0000000000000002,0.0,0.5661162608824419,0.09903113209758085,0.9999999999999998,2.0,1,1
167297,1.0,1.0,2.0,1.0,1.0,14,1,9,0.5000000000000002,0.13397459621556118,1.78183148246803,1.6234898018587336,0.0,0.9999999999999998,1,1
147966,3.0,3.0,2.0,3.0,1.0,17,5,12,0.03407417371093169,0.7411809548974794,0.02507208781817638,0.7774790660436854,0.9999999999999998,2.0,1,1
204119,2.0,1.0,3.0,2.0,1.0,14,2,11,0.5000000000000002,0.13397459621556118,1.9749279121818235,0.7774790660436857,0.49999999999999956,1.8660254037844384,2,1
16937,1.0,3.0,1.0,1.0,1.0,21,7,8,0.2928932188134523,1.7071067811865475,0.9999999999999998,2.0,0.13397459621556151,0.49999999999999956,1,0
133787,1.0,1.0,1.0,1.0,1.0,13,1,8,0.7411809548974793,0.03407417371093169,1.78183148246803,1.6234898018587336,0.13397459621556151,0.49999999999999956,1,1
103700,1.0,1.0,1.0,1.0,1.0,17,3,7,0.03407417371093169,0.7411809548974794,1.4338837391175583,0.09903113209758097,0.5000000000000002,0.13397459621556118,1,1
52992,2.0,3.0,3.0,2.0,1.0,21,6,11,0.2928932188134523,1.7071067811865475,0.21816851753197009,1.6234898018587334,0.49999999999999956,1.8660254037844384,2,1
205212,1.0,3.0,1.0,1.0,1.0,18,4,11,0.0,0.9999999999999998,0.5661162608824419,0.09903113209758085,0.49999999999999956,1.8660254037844384,1,1
69737,1.0,3.0,1.0,1.0,1.0,22,3,8,0.49999999999999956,1.8660254037844384,1.4338837391175583,0.09903113209758097,0.13397459621556151,0.49999999999999956,2,1
33621,2.0,1.0,2.0,2.0,1.0,11,1,11,1.258819045102521,0.0340741737109318,1.78183148246803,1.6234898018587336,0.49999999999999956,1.8660254037844384,2,1
39725,1.0,3.0,1.0,1.0,1.0,18,4,12,0.0,0.9999999999999998,0.5661162608824419,0.09903113209758085,0.9999999999999998,2.0,1,1
193637,1.0,3.0,1.0,1.0,1.0,21,3,12,0.2928932188134523,1.7071067811865475,1.4338837391175583,0.09903113209758097,0.9999999999999998,2.0,1,1
3843,1.0,1.0,3.0,1.0,1.0,6,2,8,2.0,1.0,1.9749279121818235,0.7774790660436857,0.13397459621556151,0.49999999999999956,1,1
123639,1.0,1.0,2.0,1.0,1.0,17,5,4,0.03407417371093169,0.7411809548974794,0.02507208781817638,0.7774790660436854,1.8660254037844388,0.5000000000000002,1,1
143393,2.0,3.0,3.0,2.0,1.0,17,3,10,0.03407417371093169,0.7411809548974794,1.4338837391175583,0.09903113209758097,0.1339745962155614,1.5,1,1
34780,1.0,3.0,1.0,1.0,1.0,17,1,1,0.03407417371093169,0.7411809548974794,1.78183148246803,1.6234898018587336,1.5,1.8660254037844388,1,1
118460,1.0,1.0,3.0,1.0,1.0,7,1,6,1.9659258262890682,0.7411809548974794,1.78183148246803,1.6234898018587336,1.0000000000000002,0.0,2,1
51045,3.0,3.0,1.0,3.0,1.0,21,2,12,0.2928932188134523,1.7071067811865475,1.9749279121818235,0.7774790660436857,0.9999999999999998,2.0,2,1
159280,1.0,1.0,2.0,1.0,1.0,19,4,8,0.03407417371093158,1.2588190451025203,0.5661162608824419,0.09903113209758085,0.13397459621556151,0.49999999999999956,1,1
204831,1.0,1.0,3.0,1.0,1.0,15,6,10,0.29289321881345287,0.2928932188134521,0.21816851753197009,1.6234898018587334,0.1339745962155614,1.5,2,1
108093,1.0,1.0,1.0,1.0,1.0,15,7,5,0.29289321881345287,0.2928932188134521,0.9999999999999998,2.0,1.5,0.1339745962155613,1,1
50213,1.0,1.0,1.0,1.0,1.0,16,1,10,0.13397459621556151,0.49999999999999956,1.78183148246803,1.6234898018587336,0.1339745962155614,1.5,2,1
108900,1.0,1.0,3.0,1.0,1.0,13,1,12,0.7411809548974793,0.03407417371093169,1.78183148246803,1.6234898018587336,0.9999999999999998,2.0,2,1
198222,1.0,1.0,3.0,1.0,1.0,17,5,6,0.03407417371093169,0.7411809548974794,0.02507208781817638,0.7774790660436854,1.0000000000000002,0.0,1,1
95131,1.0,1.0,3.0,1.0,1.0,16,2,10,0.13397459621556151,0.49999999999999956,1.9749279121818235,0.7774790660436857,0.1339745962155614,1.5,2,1
72907,1.0,1.0,1.0,1.0,1.0,12,7,7,1.0000000000000002,0.0,0.9999999999999998,2.0,0.5000000000000002,0.13397459621556118,2,1
7827,1.0,1.0,2.0,1.0,1.0,7,5,1,1.9659258262890682,0.7411809548974794,0.02507208781817638,0.7774790660436854,1.5,1.8660254037844388,2,1
154703,1.0,1.0,3.0,1.0,1.0,12,2,12,1.0000000000000002,0.0,1.9749279121818235,0.7774790660436857,0.9999999999999998,2.0,1,1
111137,2.0,1.0,3.0,2.0,1.0,11,4,7,1.258819045102521,0.0340741737109318,0.5661162608824419,0.09903113209758085,0.5000000000000002,0.13397459621556118,2,1
78547,1.0,1.0,3.0,1.0,1.0,15,5,1,0.29289321881345287,0.2928932188134521,0.02507208781817638,0.7774790660436854,1.5,1.8660254037844388,1,1
170727,1.0,1.0,3.0,2.0,1.0,9,6,3,1.7071067811865475,0.29289321881345254,0.21816851753197009,1.6234898018587334,2.0,1.0,1,1
8036,1.0,3.0,2.0,1.0,1.0,22,3,10,0.49999999999999956,1.8660254037844384,1.4338837391175583,0.09903113209758097,0.1339745962155614,1.5,1,1
99088,1.0,3.0,1.0,1.0,1.0,20,7,12,0.1339745962155614,1.5,0.9999999999999998,2.0,0.9999999999999998,2.0,1,1
177182,1.0,1.0,3.0,1.0,1.0,7,5,5,1.9659258262890682,0.7411809548974794,0.02507208781817638,0.7774790660436854,1.5,0.1339745962155613,2,0
72280,1.0,4.0,1.0,1.0,1.0,16,4,12,0.13397459621556151,0.49999999999999956,0.5661162608824419,0.09903113209758085,0.9999999999999998,2.0,1,1
35439,1.0,1.0,1.0,1.0,1.0,5,4,5,1.9659258262890682,1.2588190451025207,0.5661162608824419,0.09903113209758085,1.5,0.1339745962155613,2,1
202129,1.0,1.0,3.0,1.0,1.0,8,5,10,1.8660254037844388,0.5000000000000002,0.02507208781817638,0.7774790660436854,0.1339745962155614,1.5,2,1
165592,1.0,3.0,3.0,1.0,1.0,22,5,11,0.49999999999999956,1.8660254037844384,0.02507208781817638,0.7774790660436854,0.49999999999999956,1.8660254037844384,1,1
159186,1.0,1.0,2.0,1.0,1.0,5,1,7,1.9659258262890682,1.2588190451025207,1.78183148246803,1.6234898018587336,0.5000000000000002,0.13397459621556118,1,1
191060,2.0,1.0,2.0,2.0,1.0,13,2,8,0.7411809548974793,0.03407417371093169,1.9749279121818235,0.7774790660436857,0.13397459621556151,0.49999999999999956,2,1
9369,1.0,1.0,1.0,1.0,1.0,16,5,7,0.13397459621556151,0.49999999999999956,0.02507208781817638,0.7774790660436854,0.5000000000000002,0.13397459621556118,1,1
202942,1.0,3.0,1.0,1.0,1.0,20,1,10,0.1339745962155614,1.5,1.78183148246803,1.6234898018587336,0.1339745962155614,1.5,1,0
188115,1.0,1.0,1.0,1.0,2.0,11,5,3,1.258819045102521,0.0340741737109318,0.02507208781817638,0.7774790660436854,2.0,1.0,2,1
90727,1.0,1.0,1.0,1.0,1.0,9,4,11,1.7071067811865475,0.29289321881345254,0.5661162608824419,0.09903113209758085,0.49999999999999956,1.8660254037844384,1,1
45737,2.0,3.0,2.0,2.0,1.0,18,2,1,0.0,0.9999999999999998,1.9749279121818235,0.7774790660436857,1.5,1.8660254037844388,1,1
66849,1.0,1.0,1.0,2.0,1.0,11,4,10,1.258819045102521,0.0340741737109318,0.5661162608824419,0.09903113209758085,0.1339745962155614,1.5,1,1
67301,3.0,1.0,3.0,3.0,1.0,15,5,2,0.29289321881345287,0.2928932188134521,0.02507208781817638,0.7774790660436854,1.8660254037844386,1.5,1,1
95952,1.0,1.0,1.0,1.0,1.0,7,5,8,1.9659258262890682,0.7411809548974794,0.02507208781817638,0.7774790660436854,0.13397459621556151,0.49999999999999956,1,1
6490,1.0,1.0,2.0,1.0,1.0,15,1,1,0.29289321881345287,0.2928932188134521,1.78183148246803,1.6234898018587336,1.5,1.8660254037844388,1,1
150786,1.0,1.0,3.0,1.0,1.0,16,5,4,0.13397459621556151,0.49999999999999956,0.02507208781817638,0.7774790660436854,1.8660254037844388,0.5000000000000002,2,1
8160,1.0,3.0,3.0,1.0,1.0,21,4,10,0.2928932188134523,1.7071067811865475,0.5661162608824419,0.09903113209758085,0.1339745962155614,1.5,1,1
111269,1.0,1.0,1.0,1.0,1.0,11,2,11,1.258819045102521,0.0340741737109318,1.9749279121818235,0.7774790660436857,0.49999999999999956,1.8660254037844384,1,1
33212,1.0,1.0,1.0,1.0,1.0,18,7,5,0.0,0.9999999999999998,0.9999999999999998,2.0,1.5,0.1339745962155613,1,1
40517,1.0,1.0,2.0,1.0,1.0,17,2,4,0.03407417371093169,0.7411809548974794,1.9749279121818235,0.7774790660436857,1.8660254037844388,0.5000000000000002,1,1
113507,1.0,3.0,1.0,1.0,1.0,16,2,2,0.13397459621556151,0.49999999999999956,1.9749279121818235,0.7774790660436857,1.8660254037844386,1.5,1,1
22024,1.0,3.0,1.0,1.0,1.0,20,2,9,0.1339745962155614,1.5,1.9749279121818235,0.7774790660436857,0.0,0.9999999999999998,1,1
74922,1.0,4.0,1.0,1.0,1.0,22,7,7,0.49999999999999956,1.8660254037844384,0.9999999999999998,2.0,0.5000000000000002,0.13397459621556118,1,1
969,1.0,1.0,4.0,1.0,1.0,15,6,8,0.29289321881345287,0.2928932188134521,0.21816851753197009,1.6234898018587334,0.13397459621556151,0.49999999999999956,2,1
204426,1.0,1.0,1.0,1.0,1.0,15,6,11,0.29289321881345287,0.2928932188134521,0.21816851753197009,1.6234898018587334,0.49999999999999956,1.8660254037844384,2,1
47163,2.0,1.0,1.0,2.0,1.0,7,3,1,1.9659258262890682,0.7411809548974794,1.4338837391175583,0.09903113209758097,1.5,1.8660254037844388,1,1
150578,1.0,1.0,2.0,1.0,1.0,13,6,4,0.7411809548974793,0.03407417371093169,0.21816851753197009,1.6234898018587334,1.8660254037844388,0.5000000000000002,2,1
93527,1.0,4.0,3.0,1.0,1.0,22,1,2,0.49999999999999956,1.8660254037844384,1.78183148246803,1.6234898018587336,1.8660254037844386,1.5,2,1
17803,1.0,3.0,3.0,1.0,1.0,22,7,11,0.49999999999999956,1.8660254037844384,0.9999999999999998,2.0,0.49999999999999956,1.8660254037844384,2,1
89696,1.0,1.0,1.0,1.0,1.0,12,1,3,1.0000000000000002,0.0,1.78183148246803,1.6234898018587336,2.0,1.0,1,1
51492,1.0,1.0,2.0,1.0,1.0,8,6,2,1.8660254037844388,0.5000000000000002,0.21816851753197009,1.6234898018587334,1.8660254037844386,1.5,2,1
57520,1.0,1.0,2.0,1.0,1.0,15,4,2,0.29289321881345287,0.2928932188134521,0.5661162608824419,0.09903113209758085,1.8660254037844386,1.5,1,1
149353,1.0,1.0,1.0,1.0,2.0,7,2,8,1.9659258262890682,0.7411809548974794,1.9749279121818235,0.7774790660436857,0.13397459621556151,0.49999999999999956,2,1
113430,1.0,1.0,3.0,1.0,1.0,11,7,1,1.258819045102521,0.0340741737109318,0.9999999999999998,2.0,1.5,1.8660254037844388,2,1
171774,1.0,1.0,3.0,1.0,1.0,8,6,9,1.8660254037844388,0.5000000000000002,0.21816851753197009,1.6234898018587334,0.0,0.9999999999999998,2,1
157140,1.0,3.0,3.0,1.0,1.0,18,3,12,0.0,0.9999999999999998,1.4338837391175583,0.09903113209758097,0.9999999999999998,2.0,2,1
105977,1.0,1.0,2.0,1.0,1.0,11,3,12,1.258819045102521,0.0340741737109318,1.4338837391175583,0.09903113209758097,0.9999999999999998,2.0,2,1
68376,1.0,1.0,3.0,2.0,1.0,8,2,4,1.8660254037844388,0.5000000000000002,1.9749279121818235,0.7774790660436857,1.8660254037844388,0.5000000000000002,1,1
104719,1.0,1.0,2.0,1.0,1.0,9,4,3,1.7071067811865475,0.29289321881345254,0.5661162608824419,0.09903113209758085,2.0,1.0,2,1
28359,3.0,3.0,3.0,3.0,1.0,16,6,1,0.13397459621556151,0.49999999999999956,0.21816851753197009,1.6234898018587334,1.5,1.8660254037844388,2,1
47241,1.0,1.0,1.0,1.0,1.0,16,7,5,0.13397459621556151,0.49999999999999956,0.9999999999999998,2.0,1.5,0.1339745962155613,2,1
149943,1.0,3.0,3.0,1.0,1.0,21,2,10,0.2928932188134523,1.7071067811865475,1.9749279121818235,0.7774790660436857,0.1339745962155614,1.5,2,1
137999,1.0,3.0,1.0,1.0,1.0,23,7,2,0.7411809548974784,1.9659258262890682,0.9999999999999998,2.0,1.8660254037844386,1.5,1,0
165148,2.0,1.0,1.0,2.0,1.0,11,4,1,1.258819045102521,0.0340741737109318,0.5661162608824419,0.09903113209758085,1.5,1.8660254037844388,1,1
32927,1.0,1.0,1.0,1.0,1.0,5,1,6,1.9659258262890682,1.2588190451025207,1.78183148246803,1.6234898018587336,1.0000000000000002,0.0,2,1
119351,1.0,4.0,1.0,1.0,1.0,17,2,11,0.03407417371093169,0.7411809548974794,1.9749279121818235,0.7774790660436857,0.49999999999999956,1.8660254037844384,1,1
8325,2.0,2.0,1.0,2.0,1.0,6,5,1,2.0,1.0,0.02507208781817638,0.7774790660436854,1.5,1.8660254037844388,2,1
12230,1.0,3.0,3.0,1.0,1.0,23,4,6,0.7411809548974784,1.9659258262890682,0.5661162608824419,0.09903113209758085,1.0000000000000002,0.0,2,1
205062,2.0,2.0,3.0,2.0,1.0,16,2,11,0.13397459621556151,0.49999999999999956,1.9749279121818235,0.7774790660436857,0.49999999999999956,1.8660254037844384,2,1
170663,1.0,3.0,1.0,1.0,1.0,18,6,1,0.0,0.9999999999999998,0.21816851753197009,1.6234898018587334,1.5,1.8660254037844388,1,1
33726,1.0,2.0,2.0,1.0,1.0,18,7,9,0.0,0.9999999999999998,0.9999999999999998,2.0,0.0,0.9999999999999998,1,1
45879,1.0,3.0,1.0,1.0,1.0,20,2,1,0.1339745962155614,1.5,1.9749279121818235,0.7774790660436857,1.5,1.8660254037844388,2,1
53654,1.0,1.0,2.0,1.0,1.0,13,1,1,0.7411809548974793,0.03407417371093169,1.78183148246803,1.6234898018587336,1.5,1.8660254037844388,1,1
27807,1.0,1.0,2.0,1.0,1.0,5,4,7,1.9659258262890682,1.2588190451025207,0.5661162608824419,0.09903113209758085,0.5000000000000002,0.13397459621556118,2,1
156272,1.0,2.0,3.0,1.0,1.0,16,7,3,0.13397459621556151,0.49999999999999956,0.9999999999999998,2.0,2.0,1.0,2,1
199422,1.0,1.0,3.0,1.0,1.0,9,4,9,1.7071067811865475,0.29289321881345254,0.5661162608824419,0.09903113209758085,0.0,0.9999999999999998,1,1
129596,2.0,3.0,3.0,2.0,1.0,23,6,1,0.7411809548974784,1.9659258262890682,0.21816851753197009,1.6234898018587334,1.5,1.8660254037844388,2,1
13626,1.0,3.0,1.0,1.0,1.0,21,3,9,0.2928932188134523,1.7071067811865475,1.4338837391175583,0.09903113209758097,0.0,0.9999999999999998,2,1
162158,2.0,4.0,3.0,2.0,1.0,3,7,10,1.7071067811865475,1.7071067811865475,0.9999999999999998,2.0,0.1339745962155614,1.5,2,1
154373,1.0,1.0,1.0,1.0,1.0,8,5,2,1.8660254037844388,0.5000000000000002,0.02507208781817638,0.7774790660436854,1.8660254037844386,1.5,1,1
3361,3.0,4.0,1.0,2.0,1.0,17,6,12,0.03407417371093169,0.7411809548974794,0.21816851753197009,1.6234898018587334,0.9999999999999998,2.0,1,1
203254,1.0,2.0,1.0,2.0,1.0,17,3,11,0.03407417371093169,0.7411809548974794,1.4338837391175583,0.09903113209758097,0.49999999999999956,1.8660254037844384,1,0
32244,1.0,1.0,1.0,1.0,1.0,10,5,6,1.5,0.1339745962155613,0.02507208781817638,0.7774790660436854,1.0000000000000002,0.0,1,1
5188,1.0,1.0,3.0,1.0,1.0,12,4,7,1.0000000000000002,0.0,0.5661162608824419,0.09903113209758085,0.5000000000000002,0.13397459621556118,1,1
56687,1.0,3.0,2.0,1.0,1.0,21,6,7,0.2928932188134523,1.7071067811865475,0.21816851753197009,1.6234898018587334,0.5000000000000002,0.13397459621556118,2,1
14932,2.0,1.0,1.0,2.0,1.0,12,3,5,1.0000000000000002,0.0,1.4338837391175583,0.09903113209758097,1.5,0.1339745962155613,1,1
141600,1.0,1.0,1.0,1.0,1.0,8,4,11,1.8660254037844388,0.5000000000000002,0.5661162608824419,0.09903113209758085,0.49999999999999956,1.8660254037844384,2,1
79260,1.0,2.0,3.0,1.0,1.0,18,3,4,0.0,0.9999999999999998,1.4338837391175583,0.09903113209758097,1.8660254037844388,0.5000000000000002,2,1
107225,2.0,1.0,3.0,2.0,1.0,8,4,12,1.8660254037844388,0.5000000000000002,0.5661162608824419,0.09903113209758085,0.9999999999999998,2.0,1,1
75738,3.0,3.0,3.0,2.0,1.0,22,2,1,0.49999999999999956,1.8660254037844384,1.9749279121818235,0.7774790660436857,1.5,1.8660254037844388,1,1
197801,1.0,1.0,1.0,1.0,1.0,13,1,8,0.7411809548974793,0.03407417371093169,1.78183148246803,1.6234898018587336,0.13397459621556151,0.49999999999999956,2,1
161480,1.0,1.0,1.0,1.0,1.0,7,2,5,1.9659258262890682,0.7411809548974794,1.9749279121818235,0.7774790660436857,1.5,0.1339745962155613,1,1
22362,1.0,1.0,2.0,1.0,1.0,19,2,5,0.03407417371093158,1.2588190451025203,1.9749279121818235,0.7774790660436857,1.5,0.1339745962155613,1,1
178375,3.0,2.0,1.0,3.0,1.0,18,3,2,0.0,0.9999999999999998,1.4338837391175583,0.09903113209758097,1.8660254037844386,1.5,2,1
106150,1.0,1.0,3.0,1.0,1.0,10,1,5,1.5,0.1339745962155613,1.78183148246803,1.6234898018587336,1.5,0.1339745962155613,1,1
194930,1.0,4.0,1.0,2.0,1.0,20,4,11,0.1339745962155614,1.5,0.5661162608824419,0.09903113209758085,0.49999999999999956,1.8660254037844384,1,1
108002,1.0,1.0,3.0,4.0,1.0,8,1,1,1.8660254037844388,0.5000000000000002,1.78183148246803,1.6234898018587336,1.5,1.8660254037844388,2,1
135859,1.0,1.0,3.0,1.0,1.0,15,5,9,0.29289321881345287,0.2928932188134521,0.02507208781817638,0.7774790660436854,0.0,0.9999999999999998,2,1
20160,1.0,1.0,3.0,3.0,1.0,8,5,1,1.8660254037844388,0.5000000000000002,0.02507208781817638,0.7774790660436854,1.5,1.8660254037844388,2,1
142522,1.0,1.0,3.0,1.0,1.0,9,4,7,1.7071067811865475,0.29289321881345254,0.5661162608824419,0.09903113209758085,0.5000000000000002,0.13397459621556118,1,1
20297,1.0,3.0,1.0,1.0,1.0,6,6,11,2.0,1.0,0.21816851753197009,1.6234898018587334,0.49999999999999956,1.8660254037844384,2,1
103847,1.0,1.0,1.0,1.0,1.0,10,3,6,1.5,0.1339745962155613,1.4338837391175583,0.09903113209758097,1.0000000000000002,0.0,1,1