Unnamed: 0,weather_condition,lighting_condition,trafficway_type,roadway_surface_cond,road_defect,crash_hour,crash_day_of_week,crash_month,crash_hour_sin,crash_hour_cos,crash_day_sin,crash_day_cos,crash_month_sin,crash_month_cos,crash_type,intersection_related_i
207280,1.0,1.0,1.0,2.0,1.0,10,5,12,1.5,0.1339745962155613,0.02507208781817638,0.7774790660436854,0.9999999999999998,2.0,2,1
29915,1.0,3.0,2.0,1.0,1.0,20,5,10,0.1339745962155614,1.5,0.02507208781817638,0.7774790660436854,0.1339745962155614,1.5,1,1
150149,1.0,1.0,1.0,1.0,1.0,17,3,5,0.03407417371093169,0.7411809548974794,1.4338837391175583,0.09903113209758097,1.5,0.1339745962155613,1,1
6483,2.0,3.0,2.0,2.0,1.0,20,6,11,0.1339745962155614,1.5,0.21816851753197009,1.6234898018587334,0.49999999999999956,1.8660254037844384,2,1
59953,1.0,1.0,1.0,1.0,1.0,7,2,9,1.9659258262890682,0.7411809548974794,1.9749279121818235,0.7774790660436857,0.0,0.9999999999999998,1,1
36944,2.0,1.0,2.0,2.0,1.0,18,7,6,0.0,0.9999999999999998,0.9999999999999998,2.0,1.0000000000000002,0.0,1,1
183783,1.0,1.0,1.0,1.0,1.0,12,4,7,1.0000000000000002,0.0,0.5661162608824419,0.09903113209758085,0.5000000000000002,0.13397459621556118,1,1
53508,1.0,2.0,1.0,1.0,1.0,18,5,8,0.0,0.9999999999999998,0.02507208781817638,0.7774790660436854,0.13397459621556151,0.49999999999999956,1,1
168839,1.0,3.0,3.0,2.0,1.0,19,6,10,0.03407417371093158,1.2588190451025203,0.21816851753197009,1.6234898018587334,0.1339745962155614,1.5,1,1
184513,1.0,1.0,1.0,1.0,1.0,10,5,4,1.5,0.1339745962155613,0.02507208781817638,0.7774790660436854,1.8660254037844388,0.5000000000000002,1,1
197749,1.0,1.0,2.0,1.0,1.0,18,7,8,0.0,0.9999999999999998,0.9999999999999998,2.0,0.13397459621556151,0.49999999999999956,2,1
64778,1.0,1.0,1.0,1.0,1.0,17,5,8,0.03407417371093169,0.7411809548974794,0.02507208781817638,0.7774790660436854,0.13397459621556151,0.49999999999999956,1,1
144934,1.0,1.0,1.0,1.0,1.0,7,5,5,1.9659258262890682,0.7411809548974794,0.02507208781817638,0.7774790660436854,1.5,0.1339745962155613,2,0
13157,1.0,1.0,1.0,1.0,1.0,14,6,10,0.5000000000000002,0.13397459621556118,0.21816851753197009,1.6234898018587334,0.1339745962155614,1.5,2,1
129560,1.0,2.0,3.0,2.0,1.0,6,1,2,2.0,1.0,1.78183148246803,1.6234898018587336,1.8660254037844386,1.5,2,1
55662,1.0,1.0,3.0,3.0,1.0,13,4,2,0.7411809548974793,0.03407417371093169,0.5661162608824419,0.09903113209758085,1.8660254037844386,1.5,1,1
194885,1.0,1.0,1.0,2.0,1.0,18,5,2,0.0,0.9999999999999998,0.02507208781817638,0.7774790660436854,1.8660254037844386,1.5,1,1
102229,1.0,1.0,3.0,1.0,1.0,14,6,6,0.5000000000000002,0.13397459621556118,0.21816851753197009,1.6234898018587334,1.0000000000000002,0.0,1,1
204248,1.0,1.0,3.0,1.0,1.0,12,4,11,1.0000000000000002,0.0,0.5661162608824419,0.09903113209758085,0.49999999999999956,1.8660254037844384,1,1
120140,1.0,1.0,2.0,2.0,1.0,8,7,1,1.8660254037844388,0.5000000000000002,0.9999999999999998,2.0,1.5,1.8660254037844388,1,1
5519,2.0,2.0,1.0,2.0,1.0,15,5,1,0.29289321881345287,0.2928932188134521,0.02507208781817638,0.7774790660436854,1.5,1.8660254037844388,1,1
67370,1.0,4.0,1.0,1.0,1.0,22,6,4,0.49999999999999956,1.8660254037844384,0.21816851753197009,1.6234898018587334,1.8660254037844388,0.5000000000000002,1,1
14057,1.0,1.0,3.0,1.0,1.0,10,6,6,1.5,0.1339745962155613,0.21816851753197009,1.6234898018587334,1.0000000000000002,0.0,1,1
67698,1.0,1.0,3.0,1.0,1.0,7,3,4,1.9659258262890682,0.7411809548974794,1.4338837391175583,0.09903113209758097,1.8660254037844388,0.5000000000000002,1,1
137309,2.0,1.0,3.0,2.0,1.0,14,3,10,0.5000000000000002,0.13397459621556118,1.4338837391175583,0.09903113209758097,0.1339745962155614,1.5,2,1
92294,3.0,1.0,3.0,3.0,1.0,12,7,1,1.0000000000000002,0.0,0.9999999999999998,2.0,1.5,1.8660254037844388,2,1
160550,1.0,1.0,2.0,1.0,1.0,17,4,10,0.03407417371093169,0.7411809548974794,0.5661162608824419,0.09903113209758085,0.1339745962155614,1.5,1,1
89180,1.0,1.0,2.0,1.0,1.0,12,3,10,1.0000000000000002,0.0,1.4338837391175583,0.09903113209758097,0.1339745962155614,1.5,1,0
148944,1.0,1.0,1.0,1.0,1.0,13,6,7,0.7411809548974793,0.03407417371093169,0.21816851753197009,1.6234898018587334,0.5000000000000002,0.13397459621556118,1,1
26142,1.0,1.0,2.0,1.0,1.0,10,7,6,1.5,0.1339745962155613,0.9999999999999998,2.0,1.0000000000000002,0.0,1,1
201973,1.0,1.0,1.0,1.0,1.0,15,3,10,0.29289321881345287,0.2928932188134521,1.4338837391175583,0.09903113209758097,0.1339745962155614,1.5,1,1
167625,1.0,1.0,1.0,1.0,1.0,13,4,10,0.7411809548974793,0.03407417371093169,0.5661162608824419,0.09903113209758085,0.1339745962155614,1.5,1,1
118306,2.0,1.0,3.0,2.0,1.0,16,1,7,0.13397459621556151,0.49999999999999956,1.78183148246803,1.6234898018587336,0.5000000000000002,0.13397459621556118,2,1
168051,1.0,1.0,3.0,1.0,1.0,20,1,3,0.1339745962155614,1.5,1.78183148246803,1.6234898018587336,2.0,1.0,2,1
204537,1.0,1.0,3.0,1.0,1.0,13,7,11,0.7411809548974793,0.03407417371093169,0.9999999999999998,2.0,0.49999999999999956,1.8660254037844384,2,1
126258,1.0,1.0,2.0,1.0,1.0,18,3,8,0.0,0.9999999999999998,1.4338837391175583,0.09903113209758097,0.13397459621556151,0.49999999999999956,1,1
163552,1.0,1.0,3.0,1.0,1.0,16,2,1,0.13397459621556151,0.49999999999999956,1.9749279121818235,0.7774790660436857,1.5,1.8660254037844388,2,1
27693,1.0,1.0,1.0,1.0,1.0,7,3,7,1.9659258262890682,0.7411809548974794,1.4338837391175583,0.09903113209758097,0.5000000000000002,0.13397459621556118,2,1
201953,1.0,1.0,3.0,1.0,1.0,8,2,10,1.8660254037844388,0.5000000000000002,1.9749279121818235,0.7774790660436857,0.1339745962155614,1.5,1,1
47369,1.0,1.0,2.0,1.0,1.0,16,6,5,0.13397459621556151,0.49999999999999956,0.21816851753197009,1.6234898018587334,1.5,0.1339745962155613,2,1
117676,1.0,3.0,2.0,1.0,1.0,17,2,2,0.03407417371093169,0.7411809548974794,1.9749279121818235,0.7774790660436857,1.8660254037844386,1.5,1,1
36841,1.0,3.0,1.0,1.0,1.0,16,4,12,0.13397459621556151,0.49999999999999956,0.5661162608824419,0.09903113209758085,0.9999999999999998,2.0,1,1
64320,1.0,3.0,2.0,1.0,1.0,20,1,11,0.1339745962155614,1.5,1.78183148246803,1.6234898018587336,0.49999999999999956,1.8660254037844384,2,1
77649,1.0,1.0,1.0,1.0,1.0,6,4,2,2.0,1.0,0.5661162608824419,0.09903113209758085,1.8660254037844386,1.5,2,1
54007,1.0,3.0,2.0,1.0,1.0,23,2,7,0.7411809548974784,1.9659258262890682,1.9749279121818235,0.7774790660436857,0.5000000000000002,0.13397459621556118,1,1
85076,1.0,3.0,2.0,1.0,1.0,22,3,7,0.49999999999999956,1.8660254037844384,1.4338837391175583,0.09903113209758097,0.5000000000000002,0.13397459621556118,2,1
177406,1.0,1.0,3.0,1.0,1.0,11,3,8,1.258819045102521,0.0340741737109318,1.4338837391175583,0.09903113209758097,0.13397459621556151,0.49999999999999956,1,1
112181,1.0,1.0,1.0,1.0,1.0,18,6,5,0.0,0.9999999999999998,0.21816851753197009,1.6234898018587334,1.5,0.1339745962155613,1,1
178293,1.0,3.0,1.0,1.0,1.0,22,6,12,0.49999999999999956,1.8660254037844384,0.21816851753197009,1.6234898018587334,0.9999999999999998,2.0,1,1
21918,1.0,1.0,1.0,1.0,1.0,16,7,3,0.13397459621556151,0.49999999999999956,0.9999999999999998,2.0,2.0,1.0,1,1
141903,1.0,3.0,3.0,1.0,1.0,23,4,5,0.7411809548974784,1.9659258262890682,0.5661162608824419,0.09903113209758085,1.5,0.1339745962155613,2,1
81327,3.0,1.0,1.0,3.0,1.0,12,2,1,1.0000000000000002,0.0,1.9749279121818235,0.7774790660436857,1.5,1.8660254037844388,1,1
131310,1.0,1.0,2.0,1.0,1.0,7,4,3,1.9659258262890682,0.7411809548974794,0.5661162608824419,0.09903113209758085,2.0,1.0,2,1
98123,1.0,3.0,3.0,1.0,1.0,20,1,11,0.1339745962155614,1.5,1.78183148246803,1.6234898018587336,0.49999999999999956,1.8660254037844384,1,1
137074,1.0,1.0,2.0,1.0,1.0,9,1,3,1.7071067811865475,0.29289321881345254,1.78183148246803,1.6234898018587336,2.0,1.0,1,1
6501,2.0,3.0,1.0,2.0,1.0,21,7,10,0.2928932188134523,1.7071067811865475,0.9999999999999998,2.0,0.1339745962155614,1.5,1,1
20655,1.0,1.0,2.0,1.0,1.0,18,7,5,0.0,0.9999999999999998,0.9999999999999998,2.0,1.5,0.1339745962155613,1,1
188913,1.0,1.0,1.0,1.0,1.0,16,6,10,0.13397459621556151,0.49999999999999956,0.21816851753197009,1.6234898018587334,0.1339745962155614,1.5,1,1
193971,1.0,1.0,3.0,1.0,1.0,14,7,7,0.5000000000000002,0.13397459621556118,0.9999999999999998,2.0,0.5000000000000002,0.13397459621556118,1,1
23811,2.0,1.0,1.0,2.0,1.0,11,6,12,1.258819045102521,0.0340741737109318,0.21816851753197009,1.6234898018587334,0.9999999999999998,2.0,2,1
175168,1.0,1.0,2.0,1.0,1.0,17,5,3,0.03407417371093169,0.7411809548974794,0.02507208781817638,0.7774790660436854,2.0,1.0,1,1
199347,1.0,1.0,3.0,1.0,1.0,12,4,9,1.0000000000000002,0.0,0.5661162608824419,0.09903113209758085,0.0,0.9999999999999998,1,1
72504,2.0,1.0,1.0,2.0,1.0,9,5,4,1.7071067811865475,0.29289321881345254,0.02507208781817638,0.7774790660436854,1.8660254037844388,0.5000000000000002,2,1
24049,1.0,1.0,1.0,1.0,1.0,12,5,8,1.0000000000000002,0.0,0.02507208781817638,0.7774790660436854,0.13397459621556151,0.49999999999999956,1,1
107470,1.0,2.0,3.0,1.0,1.0,18,1,5,0.0,0.9999999999999998,1.78183148246803,1.6234898018587336,1.5,0.1339745962155613,2,1
47521,1.0,1.0,1.0,1.0,1.0,11,7,9,1.258819045102521,0.0340741737109318,0.9999999999999998,2.0,0.0,0.9999999999999998,2,1
180676,1.0,1.0,1.0,1.0,1.0,18,1,6,0.0,0.9999999999999998,1.78183148246803,1.6234898018587336,1.0000000000000002,0.0,1,1
21859,1.0,1.0,2.0,1.0,1.0,12,2,8,1.0000000000000002,0.0,1.9749279121818235,0.7774790660436857,0.13397459621556151,0.49999999999999956,2,1
179237,1.0,3.0,3.0,1.0,1.0,5,5,12,1.9659258262890682,1.2588190451025207,0.02507208781817638,0.7774790660436854,0.9999999999999998,2.0,1,1
120164,1.0,1.0,2.0,1.0,1.0,10,6,4,1.5,0.1339745962155613,0.21816851753197009,1.6234898018587334,1.8660254037844388,0.5000000000000002,2,1
72341,1.0,3.0,3.0,1.0,1.0,18,1,10,0.0,0.9999999999999998,1.78183148246803,1.6234898018587336,0.1339745962155614,1.5,2,1
93612,1.0,3.0,2.0,1.0,1.0,20,5,1,0.1339745962155614,1.5,0.02507208781817638,0.7774790660436854,1.5,1.8660254037844388,1,1
89770,1.0,1.0,3.0,3.0,1.0,17,6,8,0.03407417371093169,0.7411809548974794,0.21816851753197009,1.6234898018587334,0.13397459621556151,0.49999999999999956,1,1
18215,1.0,1.0,3.0,1.0,1.0,14,7,12,0.5000000000000002,0.13397459621556118,0.9999999999999998,2.0,0.9999999999999998,2.0,1,1
116552,1.0,3.0,1.0,2.0,1.0,20,1,7,0.1339745962155614,1.5,1.78183148246803,1.6234898018587336,0.5000000000000002,0.13397459621556118,1,1
20572,1.0,1.0,1.0,1.0,1.0,12,4,8,1.0000000000000002,0.0,0.5661162608824419,0.09903113209758085,0.13397459621556151,0.49999999999999956,1,1
169947,1.0,1.0,3.0,1.0,1.0,13,7,4,0.7411809548974793,0.03407417371093169,0.9999999999999998,2.0,1.8660254037844388,0.5000000000000002,2,1
104826,1.0,1.0,1.0,1.0,1.0,13,6,11,0.7411809548974793,0.03407417371093169,0.21816851753197009,1.6234898018587334,0.49999999999999956,1.8660254037844384,1,1
135968,1.0,1.0,2.0,1.0,1.0,18,2,4,0.0,0.9999999999999998,1.9749279121818235,0.7774790660436857,1.8660254037844388,0.5000000000000002,1,1
185607,1.0,3.0,3.0,1.0,1.0,22,3,6,0.49999999999999956,1.8660254037844384,1.4338837391175583,0.09903113209758097,1.0000000000000002,0.0,1,1
181847,1.0,1.0,1.0,1.0,1.0,16,3,4,0.13397459621556151,0.49999999999999956,1.4338837391175583,0.09903113209758097,1.8660254037844388,0.5000000000000002,1,1
87662,1.0,4.0,2.0,1.0,1.0,17,2,12,0.03407417371093169,0.7411809548974794,1.9749279121818235,0.7774790660436857,0.9999999999999998,2.0,1,1
157402,2.0,3.0,3.0,2.0,1.0,9,6,10,1.7071067811865475,0.29289321881345254,0.21816851753197009,1.6234898018587334,0.1339745962155614,1.5,2,1
12635,1.0,1.0,1.0,1.0,1.0,9,6,10,1.7071067811865475,0.29289321881345254,0.21816851753197009,1.6234898018587334,0.1339745962155614,1.5,2,1
28966,2.0,1.0,2.0,2.0,1.0,8,2,10,1.8660254037844388,0.5000000000000002,1.9749279121818235,0.7774790660436857,0.1339745962155614,1.5,2,1
204258,1.0,4.0,3.0,1.0,1.0,18,4,11,0.0,0.9999999999999998,0.5661162608824419,0.09903113209758085,0.49999999999999956,1.8660254037844384,1,1
96683,1.0,1.0,1.0,1.0,1.0,8,6,8,1.8660254037844388,0.5000000000000002,0.21816851753197009,1.6234898018587334,0.13397459621556151,0.49999999999999956,1,1
207081,1.0,1.0,1.0,1.0,1.0,8,6,1,1.8660254037844388,0.5000000000000002,0.21816851753197009,1.6234898018587334,1.5,1.8660254037844388,2,1
27475,1.0,1.0,1.0,2.0,1.0,19,7,6,0.03407417371093158,1.2588190451025203,0.9999999999999998,2.0,1.0000000000000002,0.0,1,1
140279,1.0,1.0,2.0,1.0,1.0,18,4,5,0.0,0.9999999999999998,0.5661162608824419,0.09903113209758085,1.5,0.1339745962155613,2,0
13308,1.0,1.0,3.0,1.0,1.0,23,6,11,0.7411809548974784,1.9659258262890682,0.21816851753197009,1.6234898018587334,0.49999999999999956,1.8660254037844384,1,1
86913,1.0,3.0,1.0,2.0,1.0,3,7,1,1.7071067811865475,1.7071067811865475,0.9999999999999998,2.0,1.5,1.8660254037844388,1,1
175757,1.0,3.0,3.0,1.0,1.0,20,1,5,0.1339745962155614,1.5,1.78183148246803,1.6234898018587336,1.5,0.1339745962155613,2,1
33150,2.0,1.0,2.0,2.0,1.0,8,6,5,1.8660254037844388,0.5000000000000002,0.21816851753197009,1.6234898018587334,1.5,0.1339745962155613,1,1
66444,1.0,2.0,2.0,1.0,1.0,8,3,1,1.8660254037844388,0.5000000000000002,1.4338837391175583,0.09903113209758097,1.5,1.8660254037844388,1,1
98530,1.0,3.0,1.0,1.0,1.0,5,3,10,1.9659258262890682,1.2588190451025207,1.4338837391175583,0.09903113209758097,0.1339745962155614,1.5,2,1
9338,1.0,1.0,3.0,1.0,1.0,8,4,11,1.8660254037844388,0.5000000000000002,0.5661162608824419,0.09903113209758085,0.49999999999999956,1.8660254037844384,2,1
149143,1.0,1.0,3.0,1.0,1.0,17,5,8,0.03407417371093169,0.7411809548974794,0.02507208781817638,0.7774790660436854,0.13397459621556151,0.49999999999999956,1,1
932,1.0,1.0,1.0,1.0,1.0,10,2,11,1.5,0.1339745962155613,1.9749279121818235,0.7774790660436857,0.49999999999999956,1.8660254037844384,1,1
110171,1.0,2.0,3.0,1.0,1.0,16,5,12,0.13397459621556151,0.49999999999999956,0.02507208781817638,0.7774790660436854,0.9999999999999998,2.0,1,1
154085,2.0,1.0,1.0,1.0,1.0,19,7,6,0.03407417371093158,1.2588190451025203,0.9999999999999998,2.0,1.0000000000000002,0.0,2,1
58482,1.0,3.0,2.0,1.0,1.0,19,1,3,0.03407417371093158,1.2588190451025203,1.78183148246803,1.6234898018587336,2.0,1.0,2,1
84887,1.0,1.0,2.0,1.0,1.0,8,4,2,1.8660254037844388,0.5000000000000002,0.5661162608824419,0.09903113209758085,1.8660254037844386,1.5,1,1
130580,1.0,1.0,1.0,1.0,1.0,7,6,3,1.9659258262890682,0.7411809548974794,0.21816851753197009,1.6234898018587334,2.0,1.0,2,1
28940,1.0,1.0,2.0,1.0,1.0,14,1,12,0.5000000000000002,0.13397459621556118,1.78183148246803,1.6234898018587336,0.9999999999999998,2.0,1,1
168673,1.0,2.0,3.0,2.0,1.0,16,4,10,0.13397459621556151,0.49999999999999956,0.5661162608824419,0.09903113209758085,0.1339745962155614,1.5,2,1
9599,1.0,1.0,1.0,1.0,1.0,11,2,10,1.258819045102521,0.0340741737109318,1.9749279121818235,0.7774790660436857,0.1339745962155614,1.5,2,1
57916,1.0,1.0,3.0,1.0,2.0,16,6,9,0.13397459621556151,0.49999999999999956,0.21816851753197009,1.6234898018587334,0.0,0.9999999999999998,2,1
99564,1.0,3.0,3.0,1.0,1.0,22,6,9,0.49999999999999956,1.8660254037844384,0.21816851753197009,1.6234898018587334,0.0,0.9999999999999998,2,1
128384,3.0,2.0,2.0,4.0,1.0,5,6,11,1.9659258262890682,1.2588190451025207,0.21816851753197009,1.6234898018587334,0.49999999999999956,1.8660254037844384,1,1
156232,1.0,1.0,1.0,1.0,1.0,8,3,5,1.8660254037844388,0.5000000000000002,1.4338837391175583,0.09903113209758097,1.5,0.1339745962155613,1,1
144494,1.0,3.0,2.0,2.0,1.0,16,2,11,0.13397459621556151,0.49999999999999956,1.9749279121818235,0.7774790660436857,0.49999999999999956,1.8660254037844384,2,1
27601,1.0,2.0,1.0,1.0,1.0,19,2,4,0.03407417371093158,1.2588190451025203,1.9749279121818235,0.7774790660436857,1.8660254037844388,0.5000000000000002,1,1
124722,1.0,1.0,1.0,1.0,1.0,16,3,11,0.13397459621556151,0.49999999999999956,1.4338837391175583,0.09903113209758097,0.49999999999999956,1.8660254037844384,1,1
198527,1.0,3.0,3.0,1.0,1.0,20,7,9,0.1339745962155614,1.5,0.9999999999999998,2.0,0.0,0.9999999999999998,2,1
13931,1.0,1.0,1.0,1.0,1.0,9,3,9,1.7071067811865475,0.29289321881345254,1.4338837391175583,0.09903113209758097,0.0,0.9999999999999998,1,1
133691,1.0,1.0,3.0,1.0,1.0,8,5,10,1.8660254037844388,0.5000000000000002,0.02507208781817638,0.7774790660436854,0.1339745962155614,1.5,1,1
147220,2.0,2.0,2.0,2.0,1.0,17,2,3,0.03407417371093169,0.7411809548974794,1.9749279121818235,0.7774790660436857,2.0,1.0,1,1
50696,1.0,1.0,1.0,1.0,1.0,11,7,9,1.258819045102521,0.0340741737109318,0.9999999999999998,2.0,0.0,0.9999999999999998,1,1
100118,1.0,3.0,3.0,1.0,1.0,6,7,11,2.0,1.0,0.9999999999999998,2.0,0.49999999999999956,1.8660254037844384,2,1
208688,1.0,1.0,2.0,1.0,1.0,13,4,1,0.7411809548974793,0.03407417371093169,0.5661162608824419,0.09903113209758085,1.5,1.8660254037844388,1,1
121614,1.0,3.0,3.0,1.0,1.0,20,6,8,0.1339745962155614,1.5,0.21816851753197009,1.6234898018587334,0.13397459621556151,0.49999999999999956,1,1
91148,3.0,1.0,3.0,2.0,1.0,9,3,12,1.7071067811865475,0.29289321881345254,1.4338837391175583,0.09903113209758097,0.9999999999999998,2.0,2,1
8030,1.0,4.0,1.0,1.0,1.0,5,2,9,1.9659258262890682,1.2588190451025207,1.9749279121818235,0.7774790660436857,0.0,0.9999999999999998,1,1
208419,3.0,1.0,3.0,3.0,1.0,10,1,1,1.5,0.1339745962155613,1.78183148246803,1.6234898018587336,1.5,1.8660254037844388,2,1
91980,2.0,3.0,1.0,2.0,1.0,3,1,6,1.7071067811865475,1.7071067811865475,1.78183148246803,1.6234898018587336,1.0000000000000002,0.0,1,1
185695,2.0,1.0,2.0,2.0,1.0,7,4,5,1.9659258262890682,0.7411809548974794,0.5661162608824419,0.09903113209758085,1.5,0.1339745962155613,1,1
145292,1.0,1.0,1.0,1.0,1.0,12,3,12,1.0000000000000002,0.0,1.4338837391175583,0.09903113209758097,0.9999999999999998,2.0,1,0
71769,1.0,1.0,1.0,1.0,1.0,17,4,3,0.03407417371093169,0.7411809548974794,0.5661162608824419,0.09903113209758085,2.0,1.0,1,1
17118,1.0,1.0,2.0,1.0,1.0,8,6,9,1.8660254037844388,0.5000000000000002,0.21816851753197009,1.6234898018587334,0.0,0.9999999999999998,1,0
31332,1.0,1.0,2.0,1.0,1.0,9,6,5,1.7071067811865475,0.29289321881345254,0.21816851753197009,1.6234898018587334,1.5,0.1339745962155613,1,1
55226,1.0,1.0,3.0,1.0,1.0,15,4,7,0.29289321881345287,0.2928932188134521,0.5661162608824419,0.09903113209758085,0.5000000000000002,0.13397459621556118,1,1
183194,2.0,1.0,2.0,2.0,1.0,8,4,11,1.8660254037844388,0.5000000000000002,0.5661162608824419,0.09903113209758085,0.49999999999999956,1.8660254037844384,1,0
129362,1.0,1.0,1.0,1.0,1.0,17,4,8,0.03407417371093169,0.7411809548974794,0.5661162608824419,0.09903113209758085,0.13397459621556151,0.49999999999999956,2,0
13335,1.0,3.0,2.0,1.0,1.0,4,7,12,1.8660254037844386,1.5,0.9999999999999998,2.0,0.9999999999999998,2.0,1,1
4440,1.0,1.0,2.0,1.0,1.0,12,5,6,1.0000000000000002,0.0,0.02507208781817638,0.7774790660436854,1.0000000000000002,0.0,2,1
156450,1.0,3.0,1.0,1.0,1.0,18,2,3,0.0,0.9999999999999998,1.9749279121818235,0.7774790660436857,2.0,1.0,1,1
98828,1.0,1.0,2.0,1.0,1.0,15,1,1,0.29289321881345287,0.2928932188134521,1.78183148246803,1.6234898018587336,1.5,1.8660254037844388,2,1
160142,1.0,3.0,3.0,1.0,1.0,20,6,8,0.1339745962155614,1.5,0.21816851753197009,1.6234898018587334,0.13397459621556151,0.49999999999999956,1,1
128529,1.0,1.0,1.0,1.0,1.0,8,3,12,1.8660254037844388,0.5000000000000002,1.4338837391175583,0.09903113209758097,0.9999999999999998,2.0,1,1
127471,1.0,1.0,1.0,1.0,1.0,15,2,10,0.29289321881345287,0.2928932188134521,1.9749279121818235,0.7774790660436857,0.1339745962155614,1.5,1,0
138418,1.0,3.0,2.0,1.0,1.0,23,7,8,0.7411809548974784,1.9659258262890682,0.9999999999999998,2.0,0.13397459621556151,0.49999999999999956,1,1
131560,1.0,1.0,3.0,1.0,1.0,9,4,5,1.7071067811865475,0.29289321881345254,0.5661162608824419,0.09903113209758085,1.5,0.1339745962155613,1,1
37853,1.0,1.0,1.0,1.0,1.0,17,3,5,0.03407417371093169,0.7411809548974794,1.4338837391175583,0.09903113209758097,1.5,0.1339745962155613,1,1
75973,1.0,3.0,2.0,2.0,1.0,16,4,12,0.13397459621556151,0.49999999999999956,0.5661162608824419,0.09903113209758085,0.9999999999999998,2.0,1,1
188586,1.0,1.0,2.0,1.0,1.0,13,6,2,0.7411809548974793,0.03407417371093169,0.21816851753197009,1.6234898018587334,1.8660254037844386,1.5,1,1
179738,1.0,4.0,1.0,1.0,1.0,16,4,12,0.13397459621556151,0.49999999999999956,0.5661162608824419,0.09903113209758085,0.9999999999999998,2.0,2,1
13301,2.0,1.0,3.0,2.0,1.0,17,3,5,0.03407417371093169,0.7411809548974794,1.4338837391175583,0.09903113209758097,1.5,0.1339745962155613,1,1
158707,1.0,3.0,2.0,1.0,1.0,23,4,8,0.7411809548974784,1.9659258262890682,0.5661162608824419,0.09903113209758085,0.13397459621556151,0.49999999999999956,1,1
43970,1.0,3.0,2.0,1.0,1.0,17,3,2,0.03407417371093169,0.7411809548974794,1.4338837391175583,0.09903113209758097,1.8660254037844386,1.5,1,1
46757,1.0,3.0,1.0,1.0,1.0,22,2,7,0.49999999999999956,1.8660254037844384,1.9749279121818235,0.7774790660436857,0.5000000000000002,0.13397459621556118,2,1
172557,1.0,1.0,1.0,1.0,1.0,9,6,11,1.7071067811865475,0.29289321881345254,0.21816851753197009,1.6234898018587334,0.49999999999999956,1.8660254037844384,1,1
51072,1.0,1.0,1.0,1.0,1.0,8,2,8,1.8660254037844388,0.5000000000000002,1.9749279121818235,0.7774790660436857,0.13397459621556151,0.49999999999999956,1,1
52176,2.0,1.0,3.0,2.0,1.0,8,4,10,1.8660254037844388,0.5000000000000002,0.5661162608824419,0.09903113209758085,0.1339745962155614,1.5,2,1
165435,1.0,1.0,2.0,1.0,3.0,19,4,7,0.03407417371093158,1.2588190451025203,0.5661162608824419,0.09903113209758085,0.5000000000000002,0.13397459621556118,1,1
175711,2.0,1.0,3.0,2.0,1.0,10,4,11,1.5,0.1339745962155613,0.5661162608824419,0.09903113209758085,0.49999999999999956,1.8660254037844384,2,1
206794,1.0,3.0,1.0,1.0,1.0,16,3,12,0.13397459621556151,0.49999999999999956,1.4338837391175583,0.09903113209758097,0.9999999999999998,2.0,1,1
15732,1.0,1.0,1.0,1.0,1.0,16,4,10,0.13397459621556151,0.49999999999999956,0.5661162608824419,0.09903113209758085,0.1339745962155614,1.5,2,1
84912,1.0,1.0,3.0,1.0,1.0,6,6,7,2.0,1.0,0.21816851753197009,1.6234898018587334,0.5000000000000002,0.13397459621556118,1,1
159986,1.0,4.0,1.0,1.0,1.0,17,3,11,0.03407417371093169,0.7411809548974794,1.4338837391175583,0.09903113209758097,0.49999999999999956,1.8660254037844384,1,1
144471,1.0,1.0,3.0,1.0,1.0,12,2,9,1.0000000000000002,0.0,1.9749279121818235,0.7774790660436857,0.0,0.9999999999999998,2,1
45945,1.0,1.0,1.0,1.0,1.0,17,3,7,0.03407417371093169,0.7411809548974794,1.4338837391175583,0.09903113209758097,0.5000000000000002,0.13397459621556118,2,1
174278,1.0,3.0,1.0,1.0,1.0,18,1,11,0.0,0.9999999999999998,1.78183148246803,1.6234898018587336,0.49999999999999956,1.8660254037844384,1,1
53029,1.0,1.0,1.0,1.0,1.0,11,6,9,1.258819045102521,0.0340741737109318,0.21816851753197009,1.6234898018587334,0.0,0.9999999999999998,1,1
200373,1.0,1.0,1.0,1.0,1.0,17,2,9,0.03407417371093169,0.7411809548974794,1.9749279121818235,0.7774790660436857,0.0,0.9999999999999998,1,1
50548,1.0,1.0,2.0,1.0,1.0,18,4,3,0.0,0.9999999999999998,0.5661162608824419,0.09903113209758085,2.0,1.0,1,1
65743,1.0,1.0,2.0,1.0,1.0,10,6,2,1.5,0.1339745962155613,0.21816851753197009,1.6234898018587334,1.8660254037844386,1.5,1,1
188025,2.0,1.0,1.0,2.0,1.0,12,3,4,1.0000000000000002,0.0,1.4338837391175583,0.09903113209758097,1.8660254037844388,0.5000000000000002,1,1
182186,1.0,1.0,2.0,1.0,1.0,12,3,8,1.0000000000000002,0.0,1.4338837391175583,0.09903113209758097,0.13397459621556151,0.49999999999999956,1,1
166879,1.0,1.0,3.0,1.0,1.0,11,5,7,1.258819045102521,0.0340741737109318,0.02507208781817638,0.7774790660436854,0.5000000000000002,0.13397459621556118,2,1
94432,1.0,3.0,1.0,1.0,1.0,9,3,10,1.7071067811865475,0.29289321881345254,1.4338837391175583,0.09903113209758097,0.1339745962155614,1.5,1,1
163875,1.0,1.0,3.0,1.0,1.0,15,4,6,0.29289321881345287,0.2928932188134521,0.5661162608824419,0.09903113209758085,1.0000000000000002,0.0,1,1
63176,1.0,3.0,2.0,1.0,1.0,4,5,1,1.8660254037844386,1.5,0.02507208781817638,0.7774790660436854,1.5,1.8660254037844388,1,1