Unnamed: 0,weather_condition,lighting_condition,trafficway_type,roadway_surface_cond,road_defect,crash_hour,crash_day_of_week,crash_month,crash_hour_sin,crash_hour_cos,crash_day_sin,crash_day_cos,crash_month_sin,crash_month_cos,crash_type,intersection_related_i
208302,3.0,1.0,2.0,3.0,1.0,11,6,1,1.258819045102521,0.0340741737109318,0.21816851753197009,1.6234898018587334,1.5,1.8660254037844388,1,1
119823,1.0,1.0,3.0,1.0,1.0,15,6,4,0.29289321881345287,0.2928932188134521,0.21816851753197009,1.6234898018587334,1.8660254037844388,0.5000000000000002,1,1
207773,1.0,1.0,1.0,1.0,1.0,11,7,12,1.258819045102521,0.0340741737109318,0.9999999999999998,2.0,0.9999999999999998,2.0,1,1
76859,1.0,1.0,2.0,1.0,1.0,7,4,5,1.9659258262890682,0.7411809548974794,0.5661162608824419,0.09903113209758085,1.5,0.1339745962155613,1,1
172487,2.0,3.0,1.0,2.0,1.0,23,6,3,0.7411809548974784,1.9659258262890682,0.21816851753197009,1.6234898018587334,2.0,1.0,2,1
164771,1.0,1.0,3.0,1.0,1.0,13,6,8,0.7411809548974793,0.03407417371093169,0.21816851753197009,1.6234898018587334,0.13397459621556151,0.49999999999999956,1,1
197736,1.0,1.0,3.0,1.0,1.0,10,1,9,1.5,0.1339745962155613,1.78183148246803,1.6234898018587336,0.0,0.9999999999999998,2,1
83459,1.0,1.0,3.0,1.0,1.0,16,7,3,0.13397459621556151,0.49999999999999956,0.9999999999999998,2.0,2.0,1.0,2,1
63317,1.0,1.0,2.0,1.0,1.0,9,5,8,1.7071067811865475,0.29289321881345254,0.02507208781817638,0.7774790660436854,0.13397459621556151,0.49999999999999956,1,0
89798,1.0,1.0,1.0,2.0,1.0,11,7,9,1.258819045102521,0.0340741737109318,0.9999999999999998,2.0,0.0,0.9999999999999998,1,1
157045,1.0,1.0,2.0,1.0,1.0,15,1,6,0.29289321881345287,0.2928932188134521,1.78183148246803,1.6234898018587336,1.0000000000000002,0.0,1,1
79742,1.0,2.0,1.0,1.0,1.0,5,2,12,1.9659258262890682,1.2588190451025207,1.9749279121818235,0.7774790660436857,0.9999999999999998,2.0,2,1
150589,1.0,1.0,1.0,1.0,1.0,6,6,2,2.0,1.0,0.21816851753197009,1.6234898018587334,1.8660254037844386,1.5,2,1
197836,1.0,3.0,3.0,1.0,1.0,4,7,8,1.8660254037844386,1.5,0.9999999999999998,2.0,0.13397459621556151,0.49999999999999956,2,1
124644,1.0,1.0,2.0,1.0,1.0,7,3,7,1.9659258262890682,0.7411809548974794,1.4338837391175583,0.09903113209758097,0.5000000000000002,0.13397459621556118,2,1
41589,1.0,1.0,2.0,1.0,1.0,10,5,11,1.5,0.1339745962155613,0.02507208781817638,0.7774790660436854,0.49999999999999956,1.8660254037844384,1,0
71822,1.0,1.0,1.0,1.0,1.0,18,2,5,0.0,0.9999999999999998,1.9749279121818235,0.7774790660436857,1.5,0.1339745962155613,1,1
158327,1.0,3.0,3.0,1.0,1.0,19,3,9,0.03407417371093158,1.2588190451025203,1.4338837391175583,0.09903113209758097,0.0,0.9999999999999998,2,1
140866,2.0,1.0,2.0,2.0,1.0,9,3,10,1.7071067811865475,0.29289321881345254,1.4338837391175583,0.09903113209758097,0.1339745962155614,1.5,1,1
190252,1.0,1.0,1.0,1.0,1.0,11,1,10,1.258819045102521,0.0340741737109318,1.78183148246803,1.6234898018587336,0.1339745962155614,1.5,2,1
72059,1.0,1.0,3.0,1.0,1.0,15,5,6,0.29289321881345287,0.2928932188134521,0.02507208781817638,0.7774790660436854,1.0000000000000002,0.0,2,1
177326,1.0,1.0,1.0,1.0,1.0,14,1,2,0.5000000000000002,0.13397459621556118,1.78183148246803,1.6234898018587336,1.8660254037844386,1.5,1,1
42930,1.0,1.0,3.0,1.0,1.0,10,2,7,1.5,0.1339745962155613,1.9749279121818235,0.7774790660436857,0.5000000000000002,0.13397459621556118,2,1
49677,1.0,3.0,2.0,1.0,1.0,18,4,2,0.0,0.9999999999999998,0.5661162608824419,0.09903113209758085,1.8660254037844386,1.5,1,1
96954,1.0,1.0,3.0,1.0,1.0,14,3,2,0.5000000000000002,0.13397459621556118,1.4338837391175583,0.09903113209758097,1.8660254037844386,1.5,2,1
126291,1.0,3.0,2.0,1.0,1.0,22,5,1,0.49999999999999956,1.8660254037844384,0.02507208781817638,0.7774790660436854,1.5,1.8660254037844388,2,1
159128,1.0,1.0,3.0,1.0,1.0,13,3,3,0.7411809548974793,0.03407417371093169,1.4338837391175583,0.09903113209758097,2.0,1.0,1,1
43570,1.0,1.0,1.0,1.0,1.0,17,1,7,0.03407417371093169,0.7411809548974794,1.78183148246803,1.6234898018587336,0.5000000000000002,0.13397459621556118,1,1
190838,2.0,3.0,3.0,2.0,1.0,23,1,4,0.7411809548974784,1.9659258262890682,1.78183148246803,1.6234898018587336,1.8660254037844388,0.5000000000000002,2,1
126118,1.0,1.0,1.0,1.0,1.0,12,1,11,1.0000000000000002,0.0,1.78183148246803,1.6234898018587336,0.49999999999999956,1.8660254037844384,1,1
18282,1.0,1.0,1.0,1.0,1.0,16,6,8,0.13397459621556151,0.49999999999999956,0.21816851753197009,1.6234898018587334,0.13397459621556151,0.49999999999999956,1,1
41770,1.0,1.0,2.0,1.0,1.0,11,1,10,1.258819045102521,0.0340741737109318,1.78183148246803,1.6234898018587336,0.1339745962155614,1.5,2,1
193483,1.0,1.0,3.0,1.0,1.0,9,5,6,1.7071067811865475,0.29289321881345254,0.02507208781817638,0.7774790660436854,1.0000000000000002,0.0,2,1
42774,1.0,3.0,1.0,2.0,1.0,22,1,1,0.49999999999999956,1.8660254037844384,1.78183148246803,1.6234898018587336,1.5,1.8660254037844388,2,1
76596,1.0,3.0,1.0,1.0,1.0,18,1,12,0.0,0.9999999999999998,1.78183148246803,1.6234898018587336,0.9999999999999998,2.0,1,1
194577,1.0,1.0,1.0,1.0,1.0,14,2,9,0.5000000000000002,0.13397459621556118,1.9749279121818235,0.7774790660436857,0.0,0.9999999999999998,2,1
76015,1.0,3.0,3.0,1.0,3.0,4,3,10,1.8660254037844386,1.5,1.4338837391175583,0.09903113209758097,0.1339745962155614,1.5,2,1
11069,1.0,1.0,3.0,1.0,1.0,14,5,5,0.5000000000000002,0.13397459621556118,0.02507208781817638,0.7774790660436854,1.5,0.1339745962155613,2,1
47905,1.0,1.0,1.0,1.0,1.0,14,4,7,0.5000000000000002,0.13397459621556118,0.5661162608824419,0.09903113209758085,0.5000000000000002,0.13397459621556118,1,1
74410,1.0,1.0,2.0,1.0,1.0,5,6,7,1.9659258262890682,1.2588190451025207,0.21816851753197009,1.6234898018587334,0.5000000000000002,0.13397459621556118,2,1
127495,1.0,1.0,1.0,1.0,1.0,13,5,5,0.7411809548974793,0.03407417371093169,0.02507208781817638,0.7774790660436854,1.5,0.1339745962155613,1,1
145130,1.0,1.0,3.0,2.0,1.0,7,4,1,1.9659258262890682,0.7411809548974794,0.5661162608824419,0.09903113209758085,1.5,1.8660254037844388,2,1
71466,3.0,3.0,1.0,3.0,3.0,21,7,2,0.2928932188134523,1.7071067811865475,0.9999999999999998,2.0,1.8660254037844386,1.5,1,1
135472,1.0,3.0,1.0,1.0,1.0,21,3,9,0.2928932188134523,1.7071067811865475,1.4338837391175583,0.09903113209758097,0.0,0.9999999999999998,1,1
23611,1.0,1.0,1.0,2.0,1.0,11,7,1,1.258819045102521,0.0340741737109318,0.9999999999999998,2.0,1.5,1.8660254037844388,2,1
89753,1.0,1.0,2.0,2.0,1.0,12,3,7,1.0000000000000002,0.0,1.4338837391175583,0.09903113209758097,0.5000000000000002,0.13397459621556118,2,1
20975,1.0,1.0,1.0,1.0,1.0,8,7,7,1.8660254037844388,0.5000000000000002,0.9999999999999998,2.0,0.5000000000000002,0.13397459621556118,1,1
154230,1.0,1.0,1.0,1.0,1.0,14,3,2,0.5000000000000002,0.13397459621556118,1.4338837391175583,0.09903113209758097,1.8660254037844386,1.5,2,1
143478,1.0,1.0,1.0,1.0,1.0,13,7,7,0.7411809548974793,0.03407417371093169,0.9999999999999998,2.0,0.5000000000000002,0.13397459621556118,1,1
126253,1.0,3.0,1.0,1.0,1.0,17,4,12,0.03407417371093169,0.7411809548974794,0.5661162608824419,0.09903113209758085,0.9999999999999998,2.0,1,1
168378,1.0,1.0,1.0,1.0,1.0,15,5,5,0.29289321881345287,0.2928932188134521,0.02507208781817638,0.7774790660436854,1.5,0.1339745962155613,1,1
204486,2.0,1.0,1.0,2.0,1.0,15,7,11,0.29289321881345287,0.2928932188134521,0.9999999999999998,2.0,0.49999999999999956,1.8660254037844384,1,1
70138,1.0,1.0,1.0,1.0,1.0,15,7,11,0.29289321881345287,0.2928932188134521,0.9999999999999998,2.0,0.49999999999999956,1.8660254037844384,1,1
95096,1.0,1.0,3.0,1.0,1.0,8,5,6,1.8660254037844388,0.5000000000000002,0.02507208781817638,0.7774790660436854,1.0000000000000002,0.0,1,1
183152,1.0,1.0,2.0,1.0,1.0,7,4,5,1.9659258262890682,0.7411809548974794,0.5661162608824419,0.09903113209758085,1.5,0.1339745962155613,1,1
99207,2.0,4.0,1.0,2.0,1.0,23,5,11,0.7411809548974784,1.9659258262890682,0.02507208781817638,0.7774790660436854,0.49999999999999956,1.8660254037844384,1,1
201152,1.0,1.0,3.0,1.0,1.0,8,5,10,1.8660254037844388,0.5000000000000002,0.02507208781817638,0.7774790660436854,0.1339745962155614,1.5,1,1
172515,1.0,1.0,1.0,1.0,1.0,8,3,10,1.8660254037844388,0.5000000000000002,1.4338837391175583,0.09903113209758097,0.1339745962155614,1.5,2,1
123902,1.0,1.0,3.0,1.0,1.0,8,3,5,1.8660254037844388,0.5000000000000002,1.4338837391175583,0.09903113209758097,1.5,0.1339745962155613,2,1
120135,1.0,1.0,3.0,1.0,1.0,14,2,9,0.5000000000000002,0.13397459621556118,1.9749279121818235,0.7774790660436857,0.0,0.9999999999999998,1,1
142068,1.0,1.0,2.0,1.0,1.0,10,2,5,1.5,0.1339745962155613,1.9749279121818235,0.7774790660436857,1.5,0.1339745962155613,2,1
173793,1.0,1.0,3.0,1.0,1.0,7,2,8,1.9659258262890682,0.7411809548974794,1.9749279121818235,0.7774790660436857,0.13397459621556151,0.49999999999999956,1,1
18578,2.0,1.0,1.0,2.0,1.0,7,3,3,1.9659258262890682,0.7411809548974794,1.4338837391175583,0.09903113209758097,2.0,1.0,1,1
41003,1.0,1.0,3.0,1.0,1.0,16,4,3,0.13397459621556151,0.49999999999999956,0.5661162608824419,0.09903113209758085,2.0,1.0,1,1
62226,1.0,1.0,1.0,1.0,1.0,16,6,6,0.13397459621556151,0.49999999999999956,0.21816851753197009,1.6234898018587334,1.0000000000000002,0.0,1,0
194328,1.0,1.0,1.0,1.0,1.0,15,2,8,0.29289321881345287,0.2928932188134521,1.9749279121818235,0.7774790660436857,0.13397459621556151,0.49999999999999956,1,1
110265,1.0,1.0,2.0,1.0,1.0,16,2,10,0.13397459621556151,0.49999999999999956,1.9749279121818235,0.7774790660436857,0.1339745962155614,1.5,2,1
105186,1.0,1.0,1.0,1.0,1.0,14,5,11,0.5000000000000002,0.13397459621556118,0.02507208781817638,0.7774790660436854,0.49999999999999956,1.8660254037844384,1,1
98603,1.0,1.0,1.0,1.0,1.0,19,7,11,0.03407417371093158,1.2588190451025203,0.9999999999999998,2.0,0.49999999999999956,1.8660254037844384,1,1
119147,1.0,1.0,2.0,1.0,1.0,23,1,11,0.7411809548974784,1.9659258262890682,1.78183148246803,1.6234898018587336,0.49999999999999956,1.8660254037844384,2,1
163407,1.0,3.0,1.0,2.0,1.0,20,5,11,0.1339745962155614,1.5,0.02507208781817638,0.7774790660436854,0.49999999999999956,1.8660254037844384,2,0
48345,1.0,1.0,1.0,1.0,1.0,10,2,1,1.5,0.1339745962155613,1.9749279121818235,0.7774790660436857,1.5,1.8660254037844388,1,1
119340,1.0,1.0,1.0,1.0,1.0,16,2,9,0.13397459621556151,0.49999999999999956,1.9749279121818235,0.7774790660436857,0.0,0.9999999999999998,1,1
187281,2.0,3.0,1.0,2.0,1.0,23,2,3,0.7411809548974784,1.9659258262890682,1.9749279121818235,0.7774790660436857,2.0,1.0,1,1
176181,1.0,2.0,1.0,1.0,1.0,17,6,11,0.03407417371093169,0.7411809548974794,0.21816851753197009,1.6234898018587334,0.49999999999999956,1.8660254037844384,2,1
153005,1.0,1.0,2.0,1.0,1.0,8,6,1,1.8660254037844388,0.5000000000000002,0.21816851753197009,1.6234898018587334,1.5,1.8660254037844388,1,1
31975,1.0,1.0,2.0,1.0,1.0,11,5,11,1.258819045102521,0.0340741737109318,0.02507208781817638,0.7774790660436854,0.49999999999999956,1.8660254037844384,2,1
145916,1.0,1.0,1.0,1.0,1.0,12,1,10,1.0000000000000002,0.0,1.78183148246803,1.6234898018587336,0.1339745962155614,1.5,1,1
179695,1.0,1.0,1.0,1.0,1.0,10,3,1,1.5,0.1339745962155613,1.4338837391175583,0.09903113209758097,1.5,1.8660254037844388,1,1
43340,1.0,3.0,1.0,1.0,1.0,20,5,2,0.1339745962155614,1.5,0.02507208781817638,0.7774790660436854,1.8660254037844386,1.5,1,1
191752,1.0,1.0,1.0,1.0,1.0,14,2,4,0.5000000000000002,0.13397459621556118,1.9749279121818235,0.7774790660436857,1.8660254037844388,0.5000000000000002,1,1
152206,1.0,1.0,2.0,1.0,1.0,13,1,7,0.7411809548974793,0.03407417371093169,1.78183148246803,1.6234898018587336,0.5000000000000002,0.13397459621556118,1,0
81767,1.0,1.0,1.0,1.0,1.0,15,2,4,0.29289321881345287,0.2928932188134521,1.9749279121818235,0.7774790660436857,1.8660254037844388,0.5000000000000002,1,1
46585,1.0,1.0,3.0,1.0,1.0,16,6,8,0.13397459621556151,0.49999999999999956,0.21816851753197009,1.6234898018587334,0.13397459621556151,0.49999999999999956,2,1
36811,1.0,2.0,3.0,2.0,1.0,16,3,1,0.13397459621556151,0.49999999999999956,1.4338837391175583,0.09903113209758097,1.5,1.8660254037844388,2,1
18945,2.0,3.0,2.0,2.0,1.0,18,3,10,0.0,0.9999999999999998,1.4338837391175583,0.09903113209758097,0.1339745962155614,1.5,1,1
16282,1.0,3.0,1.0,1.0,1.0,18,6,10,0.0,0.9999999999999998,0.21816851753197009,1.6234898018587334,0.1339745962155614,1.5,1,1
63688,1.0,1.0,2.0,1.0,1.0,16,3,4,0.13397459621556151,0.49999999999999956,1.4338837391175583,0.09903113209758097,1.8660254037844388,0.5000000000000002,1,1
162936,1.0,2.0,2.0,1.0,1.0,6,6,9,2.0,1.0,0.21816851753197009,1.6234898018587334,0.0,0.9999999999999998,1,1
90097,1.0,1.0,2.0,1.0,1.0,9,2,10,1.7071067811865475,0.29289321881345254,1.9749279121818235,0.7774790660436857,0.1339745962155614,1.5,2,1
48434,1.0,3.0,3.0,2.0,1.0,23,3,6,0.7411809548974784,1.9659258262890682,1.4338837391175583,0.09903113209758097,1.0000000000000002,0.0,1,1
14457,2.0,1.0,3.0,2.0,1.0,12,4,12,1.0000000000000002,0.0,0.5661162608824419,0.09903113209758085,0.9999999999999998,2.0,1,1
114893,1.0,1.0,2.0,1.0,1.0,8,6,3,1.8660254037844388,0.5000000000000002,0.21816851753197009,1.6234898018587334,2.0,1.0,1,1
104507,2.0,1.0,1.0,2.0,1.0,8,5,4,1.8660254037844388,0.5000000000000002,0.02507208781817638,0.7774790660436854,1.8660254037844388,0.5000000000000002,1,1
175193,1.0,3.0,3.0,2.0,1.0,20,3,12,0.1339745962155614,1.5,1.4338837391175583,0.09903113209758097,0.9999999999999998,2.0,2,1
195264,1.0,1.0,1.0,1.0,1.0,15,1,8,0.29289321881345287,0.2928932188134521,1.78183148246803,1.6234898018587336,0.13397459621556151,0.49999999999999956,1,1
136937,1.0,4.0,1.0,1.0,1.0,22,4,9,0.49999999999999956,1.8660254037844384,0.5661162608824419,0.09903113209758085,0.0,0.9999999999999998,1,1
200931,1.0,1.0,3.0,1.0,1.0,8,3,10,1.8660254037844388,0.5000000000000002,1.4338837391175583,0.09903113209758097,0.1339745962155614,1.5,1,1
67971,1.0,1.0,1.0,1.0,1.0,14,2,6,0.5000000000000002,0.13397459621556118,1.9749279121818235,0.7774790660436857,1.0000000000000002,0.0,2,1
114572,1.0,1.0,2.0,1.0,1.0,12,5,8,1.0000000000000002,0.0,0.02507208781817638,0.7774790660436854,0.13397459621556151,0.49999999999999956,2,1
170563,1.0,1.0,2.0,1.0,1.0,9,4,6,1.7071067811865475,0.29289321881345254,0.5661162608824419,0.09903113209758085,1.0000000000000002,0.0,2,1
154609,1.0,2.0,1.0,1.0,1.0,16,2,11,0.13397459621556151,0.49999999999999956,1.9749279121818235,0.7774790660436857,0.49999999999999956,1.8660254037844384,1,1
160845,1.0,1.0,1.0,1.0,1.0,16,5,3,0.13397459621556151,0.49999999999999956,0.02507208781817638,0.7774790660436854,2.0,1.0,1,1
121277,1.0,3.0,3.0,1.0,1.0,19,3,9,0.03407417371093158,1.2588190451025203,1.4338837391175583,0.09903113209758097,0.0,0.9999999999999998,1,1
187021,1.0,1.0,3.0,1.0,1.0,15,6,9,0.29289321881345287,0.2928932188134521,0.21816851753197009,1.6234898018587334,0.0,0.9999999999999998,2,1
197522,1.0,1.0,1.0,2.0,1.0,8,6,8,1.8660254037844388,0.5000000000000002,0.21816851753197009,1.6234898018587334,0.13397459621556151,0.49999999999999956,1,0
115753,1.0,1.0,2.0,1.0,1.0,14,2,6,0.5000000000000002,0.13397459621556118,1.9749279121818235,0.7774790660436857,1.0000000000000002,0.0,1,1
72317,2.0,3.0,1.0,2.0,1.0,20,1,10,0.1339745962155614,1.5,1.78183148246803,1.6234898018587336,0.1339745962155614,1.5,1,1
72827,1.0,1.0,3.0,1.0,1.0,16,2,5,0.13397459621556151,0.49999999999999956,1.9749279121818235,0.7774790660436857,1.5,0.1339745962155613,1,1
83448,1.0,1.0,1.0,1.0,1.0,15,7,5,0.29289321881345287,0.2928932188134521,0.9999999999999998,2.0,1.5,0.1339745962155613,1,1
150981,3.0,3.0,1.0,3.0,1.0,21,1,1,0.2928932188134523,1.7071067811865475,1.78183148246803,1.6234898018587336,1.5,1.8660254037844388,2,1
54253,1.0,1.0,3.0,1.0,1.0,9,4,11,1.7071067811865475,0.29289321881345254,0.5661162608824419,0.09903113209758085,0.49999999999999956,1.8660254037844384,2,1
92183,1.0,1.0,1.0,1.0,1.0,12,7,8,1.0000000000000002,0.0,0.9999999999999998,2.0,0.13397459621556151,0.49999999999999956,1,1
14206,2.0,1.0,3.0,2.0,1.0,10,6,4,1.5,0.1339745962155613,0.21816851753197009,1.6234898018587334,1.8660254037844388,0.5000000000000002,1,1
23817,1.0,3.0,1.0,2.0,1.0,20,1,5,0.1339745962155614,1.5,1.78183148246803,1.6234898018587336,1.5,0.1339745962155613,2,1
164875,1.0,1.0,1.0,2.0,1.0,7,2,4,1.9659258262890682,0.7411809548974794,1.9749279121818235,0.7774790660436857,1.8660254037844388,0.5000000000000002,1,1
94371,1.0,1.0,2.0,1.0,1.0,5,2,12,1.9659258262890682,1.2588190451025207,1.9749279121818235,0.7774790660436857,0.9999999999999998,2.0,1,1
20925,2.0,1.0,1.0,2.0,1.0,11,1,9,1.258819045102521,0.0340741737109318,1.78183148246803,1.6234898018587336,0.0,0.9999999999999998,1,1
34680,1.0,1.0,2.0,1.0,1.0,11,2,11,1.258819045102521,0.0340741737109318,1.9749279121818235,0.7774790660436857,0.49999999999999956,1.8660254037844384,2,1
104976,1.0,1.0,2.0,1.0,1.0,15,5,11,0.29289321881345287,0.2928932188134521,0.02507208781817638,0.7774790660436854,0.49999999999999956,1.8660254037844384,2,0
58182,1.0,1.0,1.0,1.0,1.0,16,3,4,0.13397459621556151,0.49999999999999956,1.4338837391175583,0.09903113209758097,1.8660254037844388,0.5000000000000002,1,1
11838,1.0,1.0,1.0,1.0,1.0,14,7,2,0.5000000000000002,0.13397459621556118,0.9999999999999998,2.0,1.8660254037844386,1.5,1,1
110554,1.0,1.0,3.0,1.0,1.0,17,2,7,0.03407417371093169,0.7411809548974794,1.9749279121818235,0.7774790660436857,0.5000000000000002,0.13397459621556118,1,1
131649,1.0,1.0,1.0,1.0,1.0,13,1,7,0.7411809548974793,0.03407417371093169,1.78183148246803,1.6234898018587336,0.5000000000000002,0.13397459621556118,1,1
108249,1.0,1.0,3.0,1.0,1.0,7,5,9,1.9659258262890682,0.7411809548974794,0.02507208781817638,0.7774790660436854,0.0,0.9999999999999998,2,1
109030,1.0,3.0,1.0,1.0,1.0,21,4,5,0.2928932188134523,1.7071067811865475,0.5661162608824419,0.09903113209758085,1.5,0.1339745962155613,1,1
73031,1.0,1.0,1.0,2.0,1.0,15,7,11,0.29289321881345287,0.2928932188134521,0.9999999999999998,2.0,0.49999999999999956,1.8660254037844384,1,1
26399,1.0,3.0,3.0,2.0,1.0,4,1,6,1.8660254037844386,1.5,1.78183148246803,1.6234898018587336,1.0000000000000002,0.0,2,1
155613,3.0,4.0,1.0,3.0,1.0,18,6,1,0.0,0.9999999999999998,0.21816851753197009,1.6234898018587334,1.5,1.8660254037844388,2,1
184570,1.0,1.0,1.0,1.0,1.0,9,4,11,1.7071067811865475,0.29289321881345254,0.5661162608824419,0.09903113209758085,0.49999999999999956,1.8660254037844384,1,1
14730,1.0,1.0,1.0,1.0,1.0,16,6,6,0.13397459621556151,0.49999999999999956,0.21816851753197009,1.6234898018587334,1.0000000000000002,0.0,1,1
154777,1.0,1.0,1.0,1.0,1.0,13,3,11,0.7411809548974793,0.03407417371093169,1.4338837391175583,0.09903113209758097,0.49999999999999956,1.8660254037844384,1,1
83915,1.0,1.0,3.0,1.0,1.0,10,5,7,1.5,0.1339745962155613,0.02507208781817638,0.7774790660436854,0.5000000000000002,0.13397459621556118,2,1
11900,1.0,1.0,3.0,1.0,1.0,14,6,11,0.5000000000000002,0.13397459621556118,0.21816851753197009,1.6234898018587334,0.49999999999999956,1.8660254037844384,1,1
40460,1.0,1.0,1.0,1.0,1.0,11,3,7,1.258819045102521,0.0340741737109318,1.4338837391175583,0.09903113209758097,0.5000000000000002,0.13397459621556118,2,1
122014,1.0,1.0,2.0,1.0,1.0,13,2,12,0.7411809548974793,0.03407417371093169,1.9749279121818235,0.7774790660436857,0.9999999999999998,2.0,2,1
122755,1.0,1.0,2.0,1.0,1.0,15,3,6,0.29289321881345287,0.2928932188134521,1.4338837391175583,0.09903113209758097,1.0000000000000002,0.0,1,1
101609,1.0,2.0,1.0,2.0,1.0,6,7,2,2.0,1.0,0.9999999999999998,2.0,1.8660254037844386,1.5,2,1
191595,3.0,1.0,1.0,2.0,1.0,12,2,1,1.0000000000000002,0.0,1.9749279121818235,0.7774790660436857,1.5,1.8660254037844388,1,1
135042,1.0,3.0,1.0,1.0,1.0,19,2,10,0.03407417371093158,1.2588190451025203,1.9749279121818235,0.7774790660436857,0.1339745962155614,1.5,1,1
44004,1.0,1.0,1.0,1.0,1.0,18,4,8,0.0,0.9999999999999998,0.5661162608824419,0.09903113209758085,0.13397459621556151,0.49999999999999956,1,1
35418,1.0,3.0,3.0,1.0,1.0,18,6,11,0.0,0.9999999999999998,0.21816851753197009,1.6234898018587334,0.49999999999999956,1.8660254037844384,1,1
4667,1.0,3.0,2.0,1.0,1.0,3,7,1,1.7071067811865475,1.7071067811865475,0.9999999999999998,2.0,1.5,1.8660254037844388,2,1
187945,1.0,3.0,1.0,1.0,1.0,19,4,10,0.03407417371093158,1.2588190451025203,0.5661162608824419,0.09903113209758085,0.1339745962155614,1.5,1,1
23427,2.0,1.0,2.0,2.0,1.0,15,3,5,0.29289321881345287,0.2928932188134521,1.4338837391175583,0.09903113209758097,1.5,0.1339745962155613,2,1
33963,1.0,1.0,1.0,1.0,1.0,8,6,10,1.8660254037844388,0.5000000000000002,0.21816851753197009,1.6234898018587334,0.1339745962155614,1.5,2,1
148363,2.0,1.0,3.0,2.0,1.0,18,6,6,0.0,0.9999999999999998,0.21816851753197009,1.6234898018587334,1.0000000000000002,0.0,2,1
176560,1.0,1.0,1.0,1.0,1.0,17,2,9,0.03407417371093169,0.7411809548974794,1.9749279121818235,0.7774790660436857,0.0,0.9999999999999998,2,1
158176,1.0,1.0,3.0,1.0,1.0,15,5,10,0.29289321881345287,0.2928932188134521,0.02507208781817638,0.7774790660436854,0.1339745962155614,1.5,1,1
106233,1.0,1.0,1.8332037225905151,1.0,1.0,19,2,3,0.03407417371093158,1.2588190451025203,1.9749279121818235,0.7774790660436857,2.0,1.0,2,1
45488,1.0,1.0,3.0,1.0,1.0,17,6,10,0.03407417371093169,0.7411809548974794,0.21816851753197009,1.6234898018587334,0.1339745962155614,1.5,1,1
203796,1.0,1.0,3.0,1.0,1.0,11,4,11,1.258819045102521,0.0340741737109318,0.5661162608824419,0.09903113209758085,0.49999999999999956,1.8660254037844384,1,0
184009,1.0,1.0,3.0,1.0,1.0,15,3,8,0.29289321881345287,0.2928932188134521,1.4338837391175583,0.09903113209758097,0.13397459621556151,0.49999999999999956,2,1
201960,1.0,1.0,1.0,1.0,1.0,9,2,10,1.7071067811865475,0.29289321881345254,1.9749279121818235,0.7774790660436857,0.1339745962155614,1.5,1,1
167185,1.0,1.0,1.0,1.0,1.0,17,7,8,0.03407417371093169,0.7411809548974794,0.9999999999999998,2.0,0.13397459621556151,0.49999999999999956,1,1
149178,1.0,1.0,2.0,1.0,1.0,15,2,11,0.29289321881345287,0.2928932188134521,1.9749279121818235,0.7774790660436857,0.49999999999999956,1.8660254037844384,2,1
70334,1.0,3.0,1.0,1.0,1.0,3,5,11,1.7071067811865475,1.7071067811865475,0.02507208781817638,0.7774790660436854,0.49999999999999956,1.8660254037844384,2,1
169186,1.0,1.0,2.0,1.0,1.0,12,1,7,1.0000000000000002,0.0,1.78183148246803,1.6234898018587336,0.5000000000000002,0.13397459621556118,2,1
87070,1.0,1.0,1.0,1.0,1.0,17,3,6,0.03407417371093169,0.7411809548974794,1.4338837391175583,0.09903113209758097,1.0000000000000002,0.0,2,0
197193,1.0,2.0,1.0,1.0,1.0,6,5,10,2.0,1.0,0.02507208781817638,0.7774790660436854,0.1339745962155614,1.5,1,1
40031,2.0,1.0,2.0,2.0,1.0,15,4,3,0.29289321881345287,0.2928932188134521,0.5661162608824419,0.09903113209758085,2.0,1.0,1,1
103345,3.0,1.0,1.0,3.0,1.0,15,5,10,0.29289321881345287,0.2928932188134521,0.02507208781817638,0.7774790660436854,0.1339745962155614,1.5,1,1
54409,2.0,3.0,2.0,2.0,1.0,23,5,5,0.7411809548974784,1.9659258262890682,0.02507208781817638,0.7774790660436854,1.5,0.1339745962155613,1,1
165176,1.0,4.0,1.0,1.0,1.0,3,1,11,1.7071067811865475,1.7071067811865475,1.78183148246803,1.6234898018587336,0.49999999999999956,1.8660254037844384,2,1
70243,1.0,1.0,1.0,1.0,1.0,10,1,11,1.5,0.1339745962155613,1.78183148246803,1.6234898018587336,0.49999999999999956,1.8660254037844384,1,1
121799,1.0,1.0,2.0,1.0,1.0,15,7,5,0.29289321881345287,0.2928932188134521,0.9999999999999998,2.0,1.5,0.1339745962155613,1,1
199626,1.0,1.0,1.0,1.0,1.0,17,3,9,0.03407417371093169,0.7411809548974794,1.4338837391175583,0.09903113209758097,0.0,0.9999999999999998,1,0
67239,1.0,1.0,1.0,2.0,1.0,15,4,2,0.29289321881345287,0.2928932188134521,0.5661162608824419,0.09903113209758085,1.8660254037844386,1.5,2,1
153463,1.0,1.0,2.0,1.0,1.0,15,4,11,0.29289321881345287,0.2928932188134521,0.5661162608824419,0.09903113209758085,0.49999999999999956,1.8660254037844384,2,1
92752,1.0,2.0,1.0,1.0,1.0,20,3,11,0.1339745962155614,1.5,1.4338837391175583,0.09903113209758097,0.49999999999999956,1.8660254037844384,1,1