Unnamed: 0,weather_condition,lighting_condition,trafficway_type,roadway_surface_cond,road_defect,crash_hour,crash_day_of_week,crash_month,crash_hour_sin,crash_hour_cos,crash_day_sin,crash_day_cos,crash_month_sin,crash_month_cos,crash_type,intersection_related_i
159294,1.0,1.0,3.0,1.0,1.0,11,6,4,1.258819045102521,0.0340741737109318,0.21816851753197009,1.6234898018587334,1.8660254037844388,0.5000000000000002,1,1
157486,1.0,1.0,1.0,1.0,1.0,13,6,5,0.7411809548974793,0.03407417371093169,0.21816851753197009,1.6234898018587334,1.5,0.1339745962155613,2,1
64882,1.0,1.0,1.0,1.0,1.0,12,3,6,1.0000000000000002,0.0,1.4338837391175583,0.09903113209758097,1.0000000000000002,0.0,1,1
186032,1.0,3.0,3.0,1.0,1.0,21,6,7,0.2928932188134523,1.7071067811865475,0.21816851753197009,1.6234898018587334,0.5000000000000002,0.13397459621556118,2,1
14268,3.0,1.0,1.0,3.0,1.0,20,2,1,0.1339745962155614,1.5,1.9749279121818235,0.7774790660436857,1.5,1.8660254037844388,1,0
181938,1.0,1.0,3.0,1.0,1.0,23,5,9,0.7411809548974784,1.9659258262890682,0.02507208781817638,0.7774790660436854,0.0,0.9999999999999998,2,1
105648,1.0,3.0,3.0,1.0,1.0,23,6,11,0.7411809548974784,1.9659258262890682,0.21816851753197009,1.6234898018587334,0.49999999999999956,1.8660254037844384,1,1
108388,1.0,1.0,2.0,1.0,1.0,8,2,4,1.8660254037844388,0.5000000000000002,1.9749279121818235,0.7774790660436857,1.8660254037844388,0.5000000000000002,2,1
116919,1.0,1.0,2.0,1.0,1.0,14,6,11,0.5000000000000002,0.13397459621556118,0.21816851753197009,1.6234898018587334,0.49999999999999956,1.8660254037844384,1,1
32522,1.0,1.0,3.0,1.0,1.0,17,5,6,0.03407417371093169,0.7411809548974794,0.02507208781817638,0.7774790660436854,1.0000000000000002,0.0,2,1
44384,1.0,1.0,2.0,1.0,1.0,10,2,5,1.5,0.1339745962155613,1.9749279121818235,0.7774790660436857,1.5,0.1339745962155613,1,1
98592,1.0,3.0,3.0,1.0,1.0,4,7,4,1.8660254037844386,1.5,0.9999999999999998,2.0,1.8660254037844388,0.5000000000000002,1,0
103095,1.0,3.0,1.0,1.0,1.0,19,4,10,0.03407417371093158,1.2588190451025203,0.5661162608824419,0.09903113209758085,0.1339745962155614,1.5,1,1
168987,1.0,1.0,1.0,1.0,1.0,13,1,9,0.7411809548974793,0.03407417371093169,1.78183148246803,1.6234898018587336,0.0,0.9999999999999998,1,1
185700,1.0,1.0,2.0,1.0,1.0,13,2,11,0.7411809548974793,0.03407417371093169,1.9749279121818235,0.7774790660436857,0.49999999999999956,1.8660254037844384,2,1
24134,1.0,3.0,3.0,1.0,3.0,21,6,6,0.2928932188134523,1.7071067811865475,0.21816851753197009,1.6234898018587334,1.0000000000000002,0.0,1,1
122926,1.0,1.0,1.0,1.0,1.0,9,7,1,1.7071067811865475,0.29289321881345254,0.9999999999999998,2.0,1.5,1.8660254037844388,1,1
172209,1.0,1.0,2.0,1.0,1.0,15,7,12,0.29289321881345287,0.2928932188134521,0.9999999999999998,2.0,0.9999999999999998,2.0,2,1
127177,1.0,1.0,1.0,1.0,1.0,10,1,3,1.5,0.1339745962155613,1.78183148246803,1.6234898018587336,2.0,1.0,2,1
132574,1.0,1.0,1.0,1.0,1.0,11,4,11,1.258819045102521,0.0340741737109318,0.5661162608824419,0.09903113209758085,0.49999999999999956,1.8660254037844384,1,1
162985,1.0,1.0,1.0,1.0,1.0,17,6,5,0.03407417371093169,0.7411809548974794,0.21816851753197009,1.6234898018587334,1.5,0.1339745962155613,2,1
65773,1.0,1.0,1.0,1.0,1.0,11,6,4,1.258819045102521,0.0340741737109318,0.21816851753197009,1.6234898018587334,1.8660254037844388,0.5000000000000002,1,1
137286,1.0,3.0,1.0,1.0,1.0,22,6,4,0.49999999999999956,1.8660254037844384,0.21816851753197009,1.6234898018587334,1.8660254037844388,0.5000000000000002,1,1
49354,1.0,1.0,1.0,1.0,1.0,12,5,7,1.0000000000000002,0.0,0.02507208781817638,0.7774790660436854,0.5000000000000002,0.13397459621556118,1,1
203404,1.0,1.0,1.0,1.0,1.0,19,6,10,0.03407417371093158,1.2588190451025203,0.21816851753197009,1.6234898018587334,0.1339745962155614,1.5,1,1
62472,1.0,1.0,1.0,1.0,1.0,18,5,6,0.0,0.9999999999999998,0.02507208781817638,0.7774790660436854,1.0000000000000002,0.0,1,1
141351,1.0,3.0,3.0,2.0,1.0,18,3,11,0.0,0.9999999999999998,1.4338837391175583,0.09903113209758097,0.49999999999999956,1.8660254037844384,2,1
181328,1.0,3.0,1.0,1.0,1.0,22,6,8,0.49999999999999956,1.8660254037844384,0.21816851753197009,1.6234898018587334,0.13397459621556151,0.49999999999999956,1,1
110015,2.0,1.0,2.0,2.0,1.0,12,7,10,1.0000000000000002,0.0,0.9999999999999998,2.0,0.1339745962155614,1.5,2,1
97870,1.0,1.0,2.0,1.0,1.0,11,3,10,1.258819045102521,0.0340741737109318,1.4338837391175583,0.09903113209758097,0.1339745962155614,1.5,2,1
178794,1.0,1.0,1.0,1.0,1.0,6,7,11,2.0,1.0,0.9999999999999998,2.0,0.49999999999999956,1.8660254037844384,1,0
147676,1.0,3.0,3.0,1.0,1.0,17,4,12,0.03407417371093169,0.7411809548974794,0.5661162608824419,0.09903113209758085,0.9999999999999998,2.0,2,1
135261,1.0,1.0,1.0,1.0,1.0,7,4,5,1.9659258262890682,0.7411809548974794,0.5661162608824419,0.09903113209758085,1.5,0.1339745962155613,1,1
28547,1.0,1.0,1.0,1.0,1.0,10,6,7,1.5,0.1339745962155613,0.21816851753197009,1.6234898018587334,0.5000000000000002,0.13397459621556118,1,1
208404,1.0,1.0,2.0,1.0,1.0,15,7,12,0.29289321881345287,0.2928932188134521,0.9999999999999998,2.0,0.9999999999999998,2.0,1,1
76049,1.0,4.0,3.0,1.0,1.0,19,4,10,0.03407417371093158,1.2588190451025203,0.5661162608824419,0.09903113209758085,0.1339745962155614,1.5,2,1
58937,1.0,1.0,2.0,1.0,1.0,11,3,1,1.258819045102521,0.0340741737109318,1.4338837391175583,0.09903113209758097,1.5,1.8660254037844388,1,1
191393,1.0,3.0,1.0,1.0,1.0,17,6,11,0.03407417371093169,0.7411809548974794,0.21816851753197009,1.6234898018587334,0.49999999999999956,1.8660254037844384,1,1
48892,2.0,1.0,1.0,2.0,1.0,13,2,4,0.7411809548974793,0.03407417371093169,1.9749279121818235,0.7774790660436857,1.8660254037844388,0.5000000000000002,2,1
157159,1.0,1.0,2.0,1.0,1.0,16,3,4,0.13397459621556151,0.49999999999999956,1.4338837391175583,0.09903113209758097,1.8660254037844388,0.5000000000000002,1,1
87878,1.0,3.0,3.0,1.0,1.0,4,5,2,1.8660254037844386,1.5,0.02507208781817638,0.7774790660436854,1.8660254037844386,1.5,2,1
7473,1.0,1.0,1.0,1.0,1.0,14,6,6,0.5000000000000002,0.13397459621556118,0.21816851753197009,1.6234898018587334,1.0000000000000002,0.0,2,1
136048,1.0,4.0,3.0,1.0,1.0,6,4,3,2.0,1.0,0.5661162608824419,0.09903113209758085,2.0,1.0,2,1
181593,1.0,1.0,2.0,1.0,1.0,15,3,12,0.29289321881345287,0.2928932188134521,1.4338837391175583,0.09903113209758097,0.9999999999999998,2.0,2,1
148739,1.0,3.0,3.0,1.0,1.0,17,7,11,0.03407417371093169,0.7411809548974794,0.9999999999999998,2.0,0.49999999999999956,1.8660254037844384,1,1
160023,1.0,2.0,3.0,1.0,1.0,16,2,11,0.13397459621556151,0.49999999999999956,1.9749279121818235,0.7774790660436857,0.49999999999999956,1.8660254037844384,2,1
78560,1.0,1.0,1.0,1.0,1.0,16,4,7,0.13397459621556151,0.49999999999999956,0.5661162608824419,0.09903113209758085,0.5000000000000002,0.13397459621556118,1,1
75858,2.0,1.0,2.0,2.0,1.0,11,4,10,1.258819045102521,0.0340741737109318,0.5661162608824419,0.09903113209758085,0.1339745962155614,1.5,1,1
62044,1.0,3.0,2.0,1.0,1.0,21,5,4,0.2928932188134523,1.7071067811865475,0.02507208781817638,0.7774790660436854,1.8660254037844388,0.5000000000000002,1,1
144961,1.0,1.0,2.0,1.0,1.0,10,4,5,1.5,0.1339745962155613,0.5661162608824419,0.09903113209758085,1.5,0.1339745962155613,1,1
149224,1.0,3.0,3.0,1.0,1.0,19,7,2,0.03407417371093158,1.2588190451025203,0.9999999999999998,2.0,1.8660254037844386,1.5,1,1
122165,1.0,3.0,1.0,1.0,1.0,21,1,4,0.2928932188134523,1.7071067811865475,1.78183148246803,1.6234898018587336,1.8660254037844388,0.5000000000000002,1,1
202683,1.0,3.0,1.0,1.0,1.0,20,4,10,0.1339745962155614,1.5,0.5661162608824419,0.09903113209758085,0.1339745962155614,1.5,2,1
186639,1.0,1.0,2.0,2.0,1.0,11,4,2,1.258819045102521,0.0340741737109318,0.5661162608824419,0.09903113209758085,1.8660254037844386,1.5,1,1
102764,1.0,1.0,1.0,1.0,1.0,9,1,3,1.7071067811865475,0.29289321881345254,1.78183148246803,1.6234898018587336,2.0,1.0,1,1
52752,1.0,3.0,1.8332037225905151,1.0,1.0,21,5,8,0.2928932188134523,1.7071067811865475,0.02507208781817638,0.7774790660436854,0.13397459621556151,0.49999999999999956,2,0
75825,1.0,3.0,2.0,1.0,1.0,19,2,11,0.03407417371093158,1.2588190451025203,1.9749279121818235,0.7774790660436857,0.49999999999999956,1.8660254037844384,2,1
126354,1.0,1.0,2.0,1.0,1.0,12,6,6,1.0000000000000002,0.0,0.21816851753197009,1.6234898018587334,1.0000000000000002,0.0,2,1
79630,1.0,1.0,2.0,1.0,1.0,14,7,7,0.5000000000000002,0.13397459621556118,0.9999999999999998,2.0,0.5000000000000002,0.13397459621556118,1,1
34435,1.0,1.0,3.0,1.0,1.0,7,2,12,1.9659258262890682,0.7411809548974794,1.9749279121818235,0.7774790660436857,0.9999999999999998,2.0,2,1
37064,1.0,3.0,1.0,2.0,1.0,5,7,3,1.9659258262890682,1.2588190451025207,0.9999999999999998,2.0,2.0,1.0,1,1
43563,1.0,3.0,3.0,1.0,2.0,22,3,9,0.49999999999999956,1.8660254037844384,1.4338837391175583,0.09903113209758097,0.0,0.9999999999999998,1,1
130931,1.0,3.0,3.0,1.0,1.0,5,5,4,1.9659258262890682,1.2588190451025207,0.02507208781817638,0.7774790660436854,1.8660254037844388,0.5000000000000002,1,1
140801,2.0,3.0,1.0,2.0,1.0,19,5,3,0.03407417371093158,1.2588190451025203,0.02507208781817638,0.7774790660436854,2.0,1.0,2,1
24983,1.0,1.0,1.0,2.0,1.0,15,6,1,0.29289321881345287,0.2928932188134521,0.21816851753197009,1.6234898018587334,1.5,1.8660254037844388,1,1
187324,1.0,1.0,2.0,1.0,1.0,14,3,4,0.5000000000000002,0.13397459621556118,1.4338837391175583,0.09903113209758097,1.8660254037844388,0.5000000000000002,1,1
122176,3.0,1.0,1.0,2.0,1.0,10,2,3,1.5,0.1339745962155613,1.9749279121818235,0.7774790660436857,2.0,1.0,1,0
93992,1.0,4.0,1.0,1.0,1.0,20,7,11,0.1339745962155614,1.5,0.9999999999999998,2.0,0.49999999999999956,1.8660254037844384,2,1
19489,1.0,1.0,2.0,1.0,1.0,19,3,6,0.03407417371093158,1.2588190451025203,1.4338837391175583,0.09903113209758097,1.0000000000000002,0.0,1,1
118048,1.0,1.0,2.0,1.0,1.0,17,1,4,0.03407417371093169,0.7411809548974794,1.78183148246803,1.6234898018587336,1.8660254037844388,0.5000000000000002,1,1
150887,1.0,3.0,3.0,1.0,1.0,20,7,9,0.1339745962155614,1.5,0.9999999999999998,2.0,0.0,0.9999999999999998,2,1
168907,2.0,4.0,1.0,2.0,1.0,18,4,3,0.0,0.9999999999999998,0.5661162608824419,0.09903113209758085,2.0,1.0,1,1
25001,1.0,3.0,1.0,1.0,1.0,23,1,8,0.7411809548974784,1.9659258262890682,1.78183148246803,1.6234898018587336,0.13397459621556151,0.49999999999999956,1,1
193566,1.0,1.0,2.0,1.0,1.0,10,5,7,1.5,0.1339745962155613,0.02507208781817638,0.7774790660436854,0.5000000000000002,0.13397459621556118,2,1
53560,1.0,1.0,3.0,1.0,1.0,13,6,11,0.7411809548974793,0.03407417371093169,0.21816851753197009,1.6234898018587334,0.49999999999999956,1.8660254037844384,1,1
113378,1.0,1.0,1.0,1.0,1.0,15,2,6,0.29289321881345287,0.2928932188134521,1.9749279121818235,0.7774790660436857,1.0000000000000002,0.0,2,1
18218,1.0,1.0,1.0,1.0,1.0,7,6,9,1.9659258262890682,0.7411809548974794,0.21816851753197009,1.6234898018587334,0.0,0.9999999999999998,1,1
14817,1.0,1.0,2.0,1.0,1.0,11,1,2,1.258819045102521,0.0340741737109318,1.78183148246803,1.6234898018587336,1.8660254037844386,1.5,1,1
63565,1.0,3.0,1.0,1.0,1.0,3,1,11,1.7071067811865475,1.7071067811865475,1.78183148246803,1.6234898018587336,0.49999999999999956,1.8660254037844384,1,0
168916,2.0,3.0,1.0,2.0,1.0,20,5,12,0.1339745962155614,1.5,0.02507208781817638,0.7774790660436854,0.9999999999999998,2.0,2,1
116250,1.0,1.0,2.0,1.0,1.0,15,2,12,0.29289321881345287,0.2928932188134521,1.9749279121818235,0.7774790660436857,0.9999999999999998,2.0,2,1
78306,2.0,1.0,3.0,2.0,1.0,13,2,5,0.7411809548974793,0.03407417371093169,1.9749279121818235,0.7774790660436857,1.5,0.1339745962155613,1,1
27424,1.0,3.0,3.0,1.0,1.0,20,7,10,0.1339745962155614,1.5,0.9999999999999998,2.0,0.1339745962155614,1.5,2,1
40493,1.0,3.0,2.0,1.0,1.0,3,7,7,1.7071067811865475,1.7071067811865475,0.9999999999999998,2.0,0.5000000000000002,0.13397459621556118,1,1
115193,1.0,1.0,2.0,1.0,1.0,14,5,10,0.5000000000000002,0.13397459621556118,0.02507208781817638,0.7774790660436854,0.1339745962155614,1.5,1,1
154751,2.0,3.0,2.0,2.0,1.0,23,2,5,0.7411809548974784,1.9659258262890682,1.9749279121818235,0.7774790660436857,1.5,0.1339745962155613,2,1
35190,1.0,1.0,2.0,1.0,1.0,12,2,9,1.0000000000000002,0.0,1.9749279121818235,0.7774790660436857,0.0,0.9999999999999998,1,1
21846,1.0,1.0,2.0,1.0,1.0,18,6,8,0.0,0.9999999999999998,0.21816851753197009,1.6234898018587334,0.13397459621556151,0.49999999999999956,2,1
132247,1.0,1.0,2.0,1.0,1.0,17,6,11,0.03407417371093169,0.7411809548974794,0.21816851753197009,1.6234898018587334,0.49999999999999956,1.8660254037844384,1,1
182717,1.0,3.0,2.0,1.0,1.0,5,6,11,1.9659258262890682,1.2588190451025207,0.21816851753197009,1.6234898018587334,0.49999999999999956,1.8660254037844384,1,1
37669,2.0,3.0,1.0,2.0,1.0,19,6,12,0.03407417371093158,1.2588190451025203,0.21816851753197009,1.6234898018587334,0.9999999999999998,2.0,1,1
98966,1.0,3.0,1.0,2.0,1.0,18,6,2,0.0,0.9999999999999998,0.21816851753197009,1.6234898018587334,1.8660254037844386,1.5,2,1
111059,1.0,1.0,1.0,2.0,1.0,12,1,4,1.0000000000000002,0.0,1.78183148246803,1.6234898018587336,1.8660254037844388,0.5000000000000002,2,1
65776,1.0,3.0,3.0,4.0,1.0,21,4,11,0.2928932188134523,1.7071067811865475,0.5661162608824419,0.09903113209758085,0.49999999999999956,1.8660254037844384,1,1
177978,1.0,2.0,3.0,1.0,1.0,6,6,4,2.0,1.0,0.21816851753197009,1.6234898018587334,1.8660254037844388,0.5000000000000002,1,1
190135,1.0,1.0,1.0,1.0,1.0,12,1,3,1.0000000000000002,0.0,1.78183148246803,1.6234898018587336,2.0,1.0,1,1
19623,1.0,1.0,1.0,1.0,1.0,12,4,11,1.0000000000000002,0.0,0.5661162608824419,0.09903113209758085,0.49999999999999956,1.8660254037844384,2,1
15591,1.0,1.0,1.0,2.0,1.0,9,4,12,1.7071067811865475,0.29289321881345254,0.5661162608824419,0.09903113209758085,0.9999999999999998,2.0,1,0
13622,1.0,1.0,1.0,1.0,1.0,12,1,3,1.0000000000000002,0.0,1.78183148246803,1.6234898018587336,2.0,1.0,1,1
74423,1.0,3.0,1.0,2.0,2.0,20,5,5,0.1339745962155614,1.5,0.02507208781817638,0.7774790660436854,1.5,0.1339745962155613,1,1
175831,1.0,1.0,1.0,1.0,1.0,14,2,10,0.5000000000000002,0.13397459621556118,1.9749279121818235,0.7774790660436857,0.1339745962155614,1.5,1,1
54630,1.0,1.0,3.0,1.0,1.0,6,3,3,2.0,1.0,1.4338837391175583,0.09903113209758097,2.0,1.0,2,1
62971,2.0,3.0,2.0,2.0,1.0,17,2,1,0.03407417371093169,0.7411809548974794,1.9749279121818235,0.7774790660436857,1.5,1.8660254037844388,2,1
84997,1.0,2.0,1.0,1.0,1.0,15,3,1,0.29289321881345287,0.2928932188134521,1.4338837391175583,0.09903113209758097,1.5,1.8660254037844388,1,1
133269,1.0,1.0,3.0,1.0,1.0,9,7,7,1.7071067811865475,0.29289321881345254,0.9999999999999998,2.0,0.5000000000000002,0.13397459621556118,1,1
70269,1.0,1.0,2.0,1.0,1.0,15,5,5,0.29289321881345287,0.2928932188134521,0.02507208781817638,0.7774790660436854,1.5,0.1339745962155613,1,1
205808,1.0,4.0,1.0,1.0,1.0,21,4,11,0.2928932188134523,1.7071067811865475,0.5661162608824419,0.09903113209758085,0.49999999999999956,1.8660254037844384,2,1
28414,1.0,1.0,1.0,1.0,1.0,14,7,8,0.5000000000000002,0.13397459621556118,0.9999999999999998,2.0,0.13397459621556151,0.49999999999999956,2,1
106926,1.0,1.0,1.0,1.0,1.0,10,1,11,1.5,0.1339745962155613,1.78183148246803,1.6234898018587336,0.49999999999999956,1.8660254037844384,1,1
187480,1.0,3.0,2.0,1.0,1.0,18,1,2,0.0,0.9999999999999998,1.78183148246803,1.6234898018587336,1.8660254037844386,1.5,1,1
25000,1.0,1.0,1.0,1.0,1.0,13,7,9,0.7411809548974793,0.03407417371093169,0.9999999999999998,2.0,0.0,0.9999999999999998,1,1
4372,1.0,1.0,3.0,1.0,1.0,9,4,8,1.7071067811865475,0.29289321881345254,0.5661162608824419,0.09903113209758085,0.13397459621556151,0.49999999999999956,2,1
24612,1.0,1.0,1.0,1.0,1.0,16,6,1,0.13397459621556151,0.49999999999999956,0.21816851753197009,1.6234898018587334,1.5,1.8660254037844388,1,0
159452,1.0,1.0,1.0,4.0,1.0,8,4,1,1.8660254037844388,0.5000000000000002,0.5661162608824419,0.09903113209758085,1.5,1.8660254037844388,1,1
76533,1.0,1.0,1.0,1.0,1.0,9,3,12,1.7071067811865475,0.29289321881345254,1.4338837391175583,0.09903113209758097,0.9999999999999998,2.0,1,1
19161,1.0,3.0,1.0,1.0,1.0,19,1,4,0.03407417371093158,1.2588190451025203,1.78183148246803,1.6234898018587336,1.8660254037844388,0.5000000000000002,1,1
91564,1.0,1.0,1.0,1.0,1.0,18,7,7,0.0,0.9999999999999998,0.9999999999999998,2.0,0.5000000000000002,0.13397459621556118,1,0
83783,1.0,2.0,1.0,2.0,1.0,5,3,8,1.9659258262890682,1.2588190451025207,1.4338837391175583,0.09903113209758097,0.13397459621556151,0.49999999999999956,1,1
180912,1.0,1.0,2.0,1.0,1.0,13,7,4,0.7411809548974793,0.03407417371093169,0.9999999999999998,2.0,1.8660254037844388,0.5000000000000002,1,1
111379,1.0,3.0,1.0,1.0,1.0,21,6,11,0.2928932188134523,1.7071067811865475,0.21816851753197009,1.6234898018587334,0.49999999999999956,1.8660254037844384,1,1
128132,1.0,3.0,1.0,1.0,1.0,18,7,11,0.0,0.9999999999999998,0.9999999999999998,2.0,0.49999999999999956,1.8660254037844384,2,1
156895,1.0,1.0,1.0,2.0,1.0,9,6,12,1.7071067811865475,0.29289321881345254,0.21816851753197009,1.6234898018587334,0.9999999999999998,2.0,1,1
34389,1.0,3.0,2.0,1.0,1.0,5,6,2,1.9659258262890682,1.2588190451025207,0.21816851753197009,1.6234898018587334,1.8660254037844386,1.5,2,1
104376,1.0,1.0,4.0,1.0,1.0,6,5,9,2.0,1.0,0.02507208781817638,0.7774790660436854,0.0,0.9999999999999998,1,1
40312,1.0,1.0,1.0,1.0,1.0,10,5,6,1.5,0.1339745962155613,0.02507208781817638,0.7774790660436854,1.0000000000000002,0.0,1,1
168431,1.0,1.0,3.0,1.0,1.0,16,7,7,0.13397459621556151,0.49999999999999956,0.9999999999999998,2.0,0.5000000000000002,0.13397459621556118,1,1
98079,2.0,3.0,1.0,2.0,1.0,16,5,1,0.13397459621556151,0.49999999999999956,0.02507208781817638,0.7774790660436854,1.5,1.8660254037844388,1,1
52814,1.0,1.0,2.0,1.0,1.0,13,4,12,0.7411809548974793,0.03407417371093169,0.5661162608824419,0.09903113209758085,0.9999999999999998,2.0,2,1
73647,2.0,2.0,1.0,2.0,1.0,7,5,1,1.9659258262890682,0.7411809548974794,0.02507208781817638,0.7774790660436854,1.5,1.8660254037844388,2,1
173520,1.0,1.0,1.0,1.0,1.0,13,7,7,0.7411809548974793,0.03407417371093169,0.9999999999999998,2.0,0.5000000000000002,0.13397459621556118,1,0
32009,1.0,2.0,2.0,1.0,1.0,20,1,5,0.1339745962155614,1.5,1.78183148246803,1.6234898018587336,1.5,0.1339745962155613,1,0
103586,1.0,4.0,1.0,2.0,1.0,18,4,2,0.0,0.9999999999999998,0.5661162608824419,0.09903113209758085,1.8660254037844386,1.5,1,1
181680,1.0,1.0,1.0,1.0,1.0,9,4,6,1.7071067811865475,0.29289321881345254,0.5661162608824419,0.09903113209758085,1.0000000000000002,0.0,2,1
145531,1.0,3.0,2.0,1.0,1.0,8,4,1,1.8660254037844388,0.5000000000000002,0.5661162608824419,0.09903113209758085,1.5,1.8660254037844388,1,1
122213,1.0,1.0,1.0,1.0,1.0,18,6,7,0.0,0.9999999999999998,0.21816851753197009,1.6234898018587334,0.5000000000000002,0.13397459621556118,1,0
179831,1.0,1.0,1.0,1.0,1.0,7,4,7,1.9659258262890682,0.7411809548974794,0.5661162608824419,0.09903113209758085,0.5000000000000002,0.13397459621556118,1,1
89022,1.0,1.0,1.0,1.0,1.0,18,1,9,0.0,0.9999999999999998,1.78183148246803,1.6234898018587336,0.0,0.9999999999999998,1,1
181609,1.0,1.0,2.0,1.0,1.0,6,2,6,2.0,1.0,1.9749279121818235,0.7774790660436857,1.0000000000000002,0.0,1,1
195156,1.0,1.0,3.0,1.0,1.0,16,4,5,0.13397459621556151,0.49999999999999956,0.5661162608824419,0.09903113209758085,1.5,0.1339745962155613,2,1
133981,1.0,1.0,1.0,1.0,1.0,8,6,4,1.8660254037844388,0.5000000000000002,0.21816851753197009,1.6234898018587334,1.8660254037844388,0.5000000000000002,2,1
192145,1.0,1.0,1.0,1.0,1.0,18,1,8,0.0,0.9999999999999998,1.78183148246803,1.6234898018587336,0.13397459621556151,0.49999999999999956,2,1
40219,2.0,1.0,3.0,2.0,1.0,13,3,12,0.7411809548974793,0.03407417371093169,1.4338837391175583,0.09903113209758097,0.9999999999999998,2.0,1,1
173896,1.0,1.0,3.0,1.0,1.0,15,5,1,0.29289321881345287,0.2928932188134521,0.02507208781817638,0.7774790660436854,1.5,1.8660254037844388,2,1
99655,1.0,1.0,1.0,1.0,1.0,18,6,9,0.0,0.9999999999999998,0.21816851753197009,1.6234898018587334,0.0,0.9999999999999998,1,1
49804,1.0,1.0,3.0,1.0,1.0,15,3,8,0.29289321881345287,0.2928932188134521,1.4338837391175583,0.09903113209758097,0.13397459621556151,0.49999999999999956,1,1
92783,1.0,1.0,1.0,1.0,1.0,10,4,7,1.5,0.1339745962155613,0.5661162608824419,0.09903113209758085,0.5000000000000002,0.13397459621556118,1,1
97909,1.0,1.0,1.0,2.0,1.0,16,4,10,0.13397459621556151,0.49999999999999956,0.5661162608824419,0.09903113209758085,0.1339745962155614,1.5,1,1
126485,1.0,1.0,2.0,1.0,1.0,8,6,9,1.8660254037844388,0.5000000000000002,0.21816851753197009,1.6234898018587334,0.0,0.9999999999999998,1,1
68568,1.0,1.0,2.0,1.0,1.0,12,4,6,1.0000000000000002,0.0,0.5661162608824419,0.09903113209758085,1.0000000000000002,0.0,1,0
147335,1.0,3.0,3.0,1.0,1.0,22,3,4,0.49999999999999956,1.8660254037844384,1.4338837391175583,0.09903113209758097,1.8660254037844388,0.5000000000000002,2,1
8788,1.0,1.0,1.0,1.0,1.0,12,2,2,1.0000000000000002,0.0,1.9749279121818235,0.7774790660436857,1.8660254037844386,1.5,1,1
165474,1.0,1.0,2.0,1.0,1.0,19,4,5,0.03407417371093158,1.2588190451025203,0.5661162608824419,0.09903113209758085,1.5,0.1339745962155613,1,1
72579,1.0,1.0,3.0,1.0,1.0,11,6,6,1.258819045102521,0.0340741737109318,0.21816851753197009,1.6234898018587334,1.0000000000000002,0.0,1,1
27776,1.0,1.0,2.0,1.0,1.0,17,2,5,0.03407417371093169,0.7411809548974794,1.9749279121818235,0.7774790660436857,1.5,0.1339745962155613,1,1
134641,1.0,1.0,1.0,1.0,1.0,15,2,10,0.29289321881345287,0.2928932188134521,1.9749279121818235,0.7774790660436857,0.1339745962155614,1.5,1,1
65067,1.0,1.0,2.0,1.0,1.0,13,4,11,0.7411809548974793,0.03407417371093169,0.5661162608824419,0.09903113209758085,0.49999999999999956,1.8660254037844384,1,1
10831,3.0,3.0,1.0,3.0,1.0,21,1,2,0.2928932188134523,1.7071067811865475,1.78183148246803,1.6234898018587336,1.8660254037844386,1.5,1,1
103039,1.0,1.0,2.0,1.0,1.0,13,2,12,0.7411809548974793,0.03407417371093169,1.9749279121818235,0.7774790660436857,0.9999999999999998,2.0,1,1
59473,1.0,3.0,3.0,1.0,1.0,22,1,6,0.49999999999999956,1.8660254037844384,1.78183148246803,1.6234898018587336,1.0000000000000002,0.0,2,1
144864,1.0,1.0,1.0,1.0,1.0,12,7,12,1.0000000000000002,0.0,0.9999999999999998,2.0,0.9999999999999998,2.0,1,1
109161,1.0,3.0,2.0,1.0,1.0,22,5,3,0.49999999999999956,1.8660254037844384,0.02507208781817638,0.7774790660436854,2.0,1.0,2,1
178603,1.0,1.0,2.0,1.0,1.0,14,5,8,0.5000000000000002,0.13397459621556118,0.02507208781817638,0.7774790660436854,0.13397459621556151,0.49999999999999956,1,1
129407,1.0,1.0,3.0,1.0,1.0,16,4,10,0.13397459621556151,0.49999999999999956,0.5661162608824419,0.09903113209758085,0.1339745962155614,1.5,1,1
112797,1.0,1.0,2.0,1.0,1.0,15,6,3,0.29289321881345287,0.2928932188134521,0.21816851753197009,1.6234898018587334,2.0,1.0,1,1
101548,1.0,3.0,3.0,1.0,1.0,21,5,9,0.2928932188134523,1.7071067811865475,0.02507208781817638,0.7774790660436854,0.0,0.9999999999999998,1,1
82308,1.0,1.0,1.0,1.0,1.0,13,6,12,0.7411809548974793,0.03407417371093169,0.21816851753197009,1.6234898018587334,0.9999999999999998,2.0,1,1
44047,1.0,1.0,1.0,1.0,1.0,15,2,3,0.29289321881345287,0.2928932188134521,1.9749279121818235,0.7774790660436857,2.0,1.0,1,1
4626,1.0,3.0,2.0,2.0,1.0,17,5,11,0.03407417371093169,0.7411809548974794,0.02507208781817638,0.7774790660436854,0.49999999999999956,1.8660254037844384,2,1
44967,1.0,3.0,1.0,1.0,1.0,23,6,7,0.7411809548974784,1.9659258262890682,0.21816851753197009,1.6234898018587334,0.5000000000000002,0.13397459621556118,2,1
112250,1.0,1.0,1.0,1.0,1.0,10,5,8,1.5,0.1339745962155613,0.02507208781817638,0.7774790660436854,0.13397459621556151,0.49999999999999956,2,1
143360,1.0,1.0,1.0,1.0,1.0,18,6,8,0.0,0.9999999999999998,0.21816851753197009,1.6234898018587334,0.13397459621556151,0.49999999999999956,1,1
21889,1.0,3.0,3.0,1.0,1.0,18,4,3,0.0,0.9999999999999998,0.5661162608824419,0.09903113209758085,2.0,1.0,1,1
90339,1.0,1.0,2.0,1.0,1.0,15,3,3,0.29289321881345287,0.2928932188134521,1.4338837391175583,0.09903113209758097,2.0,1.0,2,1