Unnamed: 0,weather_condition,lighting_condition,trafficway_type,roadway_surface_cond,road_defect,crash_hour,crash_day_of_week,crash_month,crash_hour_sin,crash_hour_cos,crash_day_sin,crash_day_cos,crash_month_sin,crash_month_cos,crash_type,intersection_related_i
175541,1.0,1.0,1.0,1.0,1.0,13,5,5,0.7411809548974793,0.03407417371093169,0.02507208781817638,0.7774790660436854,1.5,0.1339745962155613,1,1
29154,1.0,3.0,3.0,1.0,1.0,20,7,9,0.1339745962155614,1.5,0.9999999999999998,2.0,0.0,0.9999999999999998,2,1
61987,1.0,1.0,1.0,1.0,1.0,15,4,10,0.29289321881345287,0.2928932188134521,0.5661162608824419,0.09903113209758085,0.1339745962155614,1.5,2,1
91243,1.0,3.0,3.0,1.0,1.0,18,1,2,0.0,0.9999999999999998,1.78183148246803,1.6234898018587336,1.8660254037844386,1.5,1,1
23556,1.0,1.0,3.0,1.0,1.0,11,3,3,1.258819045102521,0.0340741737109318,1.4338837391175583,0.09903113209758097,2.0,1.0,1,1
163493,1.0,1.0,2.0,1.0,1.0,18,7,9,0.0,0.9999999999999998,0.9999999999999998,2.0,0.0,0.9999999999999998,1,1
55332,1.0,1.0,1.0,1.0,1.0,16,2,10,0.13397459621556151,0.49999999999999956,1.9749279121818235,0.7774790660436857,0.1339745962155614,1.5,2,1
41299,1.0,1.0,1.0,1.0,1.0,15,2,2,0.29289321881345287,0.2928932188134521,1.9749279121818235,0.7774790660436857,1.8660254037844386,1.5,1,1
62416,2.0,1.0,1.0,2.0,1.0,10,1,9,1.5,0.1339745962155613,1.78183148246803,1.6234898018587336,0.0,0.9999999999999998,2,1
40565,1.0,3.0,3.0,1.0,1.0,21,2,7,0.2928932188134523,1.7071067811865475,1.9749279121818235,0.7774790660436857,0.5000000000000002,0.13397459621556118,1,1
29494,1.0,3.0,1.0,1.0,1.0,19,5,11,0.03407417371093158,1.2588190451025203,0.02507208781817638,0.7774790660436854,0.49999999999999956,1.8660254037844384,2,1
37833,1.0,1.0,1.0,1.0,1.0,16,2,12,0.13397459621556151,0.49999999999999956,1.9749279121818235,0.7774790660436857,0.9999999999999998,2.0,1,1
27703,1.0,1.0,2.0,2.0,1.0,14,2,2,0.5000000000000002,0.13397459621556118,1.9749279121818235,0.7774790660436857,1.8660254037844386,1.5,2,1
179588,3.0,3.0,1.0,3.0,1.0,21,2,1,0.2928932188134523,1.7071067811865475,1.9749279121818235,0.7774790660436857,1.5,1.8660254037844388,1,1
5347,1.0,1.0,1.0,1.0,1.0,20,1,8,0.1339745962155614,1.5,1.78183148246803,1.6234898018587336,0.13397459621556151,0.49999999999999956,1,1
130740,1.0,1.0,3.0,1.0,1.0,17,3,7,0.03407417371093169,0.7411809548974794,1.4338837391175583,0.09903113209758097,0.5000000000000002,0.13397459621556118,2,1
20476,1.0,1.0,1.0,1.0,1.0,14,4,6,0.5000000000000002,0.13397459621556118,0.5661162608824419,0.09903113209758085,1.0000000000000002,0.0,1,1
84480,1.0,1.0,1.0,1.0,1.0,9,5,3,1.7071067811865475,0.29289321881345254,0.02507208781817638,0.7774790660436854,2.0,1.0,1,1
38259,1.0,1.0,1.0,1.0,1.0,9,4,9,1.7071067811865475,0.29289321881345254,0.5661162608824419,0.09903113209758085,0.0,0.9999999999999998,2,1
87902,1.0,3.0,3.0,1.0,1.0,16,6,12,0.13397459621556151,0.49999999999999956,0.21816851753197009,1.6234898018587334,0.9999999999999998,2.0,1,1
83314,1.0,1.0,1.0,1.0,1.0,15,3,10,0.29289321881345287,0.2928932188134521,1.4338837391175583,0.09903113209758097,0.1339745962155614,1.5,2,1
147696,1.0,1.0,3.0,1.0,1.0,17,1,4,0.03407417371093169,0.7411809548974794,1.78183148246803,1.6234898018587336,1.8660254037844388,0.5000000000000002,2,1
165549,2.0,1.0,2.0,2.0,1.0,16,5,1,0.13397459621556151,0.49999999999999956,0.02507208781817638,0.7774790660436854,1.5,1.8660254037844388,1,1
138164,1.0,1.0,3.0,1.0,1.0,7,4,8,1.9659258262890682,0.7411809548974794,0.5661162608824419,0.09903113209758085,0.13397459621556151,0.49999999999999956,1,0
91136,2.0,1.0,2.0,2.0,1.0,12,5,3,1.0000000000000002,0.0,0.02507208781817638,0.7774790660436854,2.0,1.0,2,1
184403,1.0,4.0,2.0,1.0,1.0,20,7,11,0.1339745962155614,1.5,0.9999999999999998,2.0,0.49999999999999956,1.8660254037844384,2,1
121322,1.0,1.0,2.0,1.0,1.0,12,3,3,1.0000000000000002,0.0,1.4338837391175583,0.09903113209758097,2.0,1.0,2,0
190442,1.0,4.0,2.0,1.0,1.0,19,6,1,0.03407417371093158,1.2588190451025203,0.21816851753197009,1.6234898018587334,1.5,1.8660254037844388,1,1
86939,1.0,1.0,1.0,1.0,1.0,19,3,5,0.03407417371093158,1.2588190451025203,1.4338837391175583,0.09903113209758097,1.5,0.1339745962155613,1,1
53880,2.0,2.0,1.0,2.0,1.0,17,1,10,0.03407417371093169,0.7411809548974794,1.78183148246803,1.6234898018587336,0.1339745962155614,1.5,1,1
203957,1.0,1.0,2.0,1.0,1.0,13,7,11,0.7411809548974793,0.03407417371093169,0.9999999999999998,2.0,0.49999999999999956,1.8660254037844384,1,1
77683,1.0,1.0,3.0,1.0,1.0,9,4,11,1.7071067811865475,0.29289321881345254,0.5661162608824419,0.09903113209758085,0.49999999999999956,1.8660254037844384,2,1
153549,1.0,3.0,1.0,1.0,1.0,19,5,12,0.03407417371093158,1.2588190451025203,0.02507208781817638,0.7774790660436854,0.9999999999999998,2.0,1,1
24661,1.0,3.0,1.0,1.0,1.0,22,3,9,0.49999999999999956,1.8660254037844384,1.4338837391175583,0.09903113209758097,0.0,0.9999999999999998,1,1
39863,1.0,3.0,2.0,2.0,1.0,4,2,6,1.8660254037844386,1.5,1.9749279121818235,0.7774790660436857,1.0000000000000002,0.0,2,1
110836,2.0,3.0,1.0,2.0,1.0,21,7,2,0.2928932188134523,1.7071067811865475,0.9999999999999998,2.0,1.8660254037844386,1.5,1,1
167585,1.0,1.0,1.0,1.0,1.0,8,6,4,1.8660254037844388,0.5000000000000002,0.21816851753197009,1.6234898018587334,1.8660254037844388,0.5000000000000002,1,1
49152,1.0,3.0,1.0,1.0,1.0,18,7,11,0.0,0.9999999999999998,0.9999999999999998,2.0,0.49999999999999956,1.8660254037844384,1,1
115862,1.0,1.0,1.0,1.0,1.0,19,3,5,0.03407417371093158,1.2588190451025203,1.4338837391175583,0.09903113209758097,1.5,0.1339745962155613,1,1
204508,1.0,3.0,1.0,1.0,1.0,4,1,11,1.8660254037844386,1.5,1.78183148246803,1.6234898018587336,0.49999999999999956,1.8660254037844384,1,1
19026,1.0,1.0,3.0,1.0,1.0,16,7,11,0.13397459621556151,0.49999999999999956,0.9999999999999998,2.0,0.49999999999999956,1.8660254037844384,1,0
53043,1.0,1.0,1.0,4.0,1.0,17,4,11,0.03407417371093169,0.7411809548974794,0.5661162608824419,0.09903113209758085,0.49999999999999956,1.8660254037844384,1,1
34620,1.0,1.0,1.0,1.0,1.0,10,5,1,1.5,0.1339745962155613,0.02507208781817638,0.7774790660436854,1.5,1.8660254037844388,1,1
102931,1.0,1.0,2.0,1.0,1.0,11,3,9,1.258819045102521,0.0340741737109318,1.4338837391175583,0.09903113209758097,0.0,0.9999999999999998,1,1
202923,1.0,1.0,2.0,1.0,1.0,7,1,11,1.9659258262890682,0.7411809548974794,1.78183148246803,1.6234898018587336,0.49999999999999956,1.8660254037844384,2,1
1527,1.0,1.0,3.0,1.0,1.0,12,2,5,1.0000000000000002,0.0,1.9749279121818235,0.7774790660436857,1.5,0.1339745962155613,1,1
162360,1.0,1.0,3.0,1.0,1.0,7,2,12,1.9659258262890682,0.7411809548974794,1.9749279121818235,0.7774790660436857,0.9999999999999998,2.0,2,1
13651,1.0,2.0,2.0,1.0,1.0,7,4,2,1.9659258262890682,0.7411809548974794,0.5661162608824419,0.09903113209758085,1.8660254037844386,1.5,1,1
13722,1.0,1.0,1.0,1.0,1.0,10,7,5,1.5,0.1339745962155613,0.9999999999999998,2.0,1.5,0.1339745962155613,1,1
198815,1.0,1.0,3.0,1.0,1.0,17,4,8,0.03407417371093169,0.7411809548974794,0.5661162608824419,0.09903113209758085,0.13397459621556151,0.49999999999999956,1,1
15251,3.0,1.0,3.0,3.0,1.0,16,6,1,0.13397459621556151,0.49999999999999956,0.21816851753197009,1.6234898018587334,1.5,1.8660254037844388,1,1
168482,1.0,4.0,1.0,1.0,1.0,20,5,1,0.1339745962155614,1.5,0.02507208781817638,0.7774790660436854,1.5,1.8660254037844388,1,1
205683,1.0,4.0,3.0,1.0,1.0,19,2,11,0.03407417371093158,1.2588190451025203,1.9749279121818235,0.7774790660436857,0.49999999999999956,1.8660254037844384,2,1
149120,2.0,1.0,1.0,2.0,1.0,12,4,11,1.0000000000000002,0.0,0.5661162608824419,0.09903113209758085,0.49999999999999956,1.8660254037844384,1,1
132769,1.0,3.0,2.0,1.0,1.0,21,6,8,0.2928932188134523,1.7071067811865475,0.21816851753197009,1.6234898018587334,0.13397459621556151,0.49999999999999956,1,1
112190,1.0,1.0,3.0,1.0,1.0,14,3,9,0.5000000000000002,0.13397459621556118,1.4338837391175583,0.09903113209758097,0.0,0.9999999999999998,2,1
129390,1.0,2.0,1.0,1.0,1.0,21,7,1,0.2928932188134523,1.7071067811865475,0.9999999999999998,2.0,1.5,1.8660254037844388,1,1
190507,2.0,3.0,2.0,2.0,1.0,4,1,2,1.8660254037844386,1.5,1.78183148246803,1.6234898018587336,1.8660254037844386,1.5,2,1
84106,1.0,1.0,1.0,1.0,1.0,16,6,10,0.13397459621556151,0.49999999999999956,0.21816851753197009,1.6234898018587334,0.1339745962155614,1.5,2,1
26691,1.0,1.0,1.0,1.0,1.0,17,5,10,0.03407417371093169,0.7411809548974794,0.02507208781817638,0.7774790660436854,0.1339745962155614,1.5,1,1
179810,1.0,1.0,1.0,1.0,1.0,7,2,2,1.9659258262890682,0.7411809548974794,1.9749279121818235,0.7774790660436857,1.8660254037844386,1.5,1,1
122407,1.0,1.0,1.0,1.0,1.0,12,5,6,1.0000000000000002,0.0,0.02507208781817638,0.7774790660436854,1.0000000000000002,0.0,1,1
79774,1.0,2.0,2.0,1.0,1.0,14,5,11,0.5000000000000002,0.13397459621556118,0.02507208781817638,0.7774790660436854,0.49999999999999956,1.8660254037844384,2,1
73432,1.0,4.0,1.0,1.0,1.0,17,2,1,0.03407417371093169,0.7411809548974794,1.9749279121818235,0.7774790660436857,1.5,1.8660254037844388,1,1
82527,1.0,1.0,2.0,1.0,1.0,13,3,2,0.7411809548974793,0.03407417371093169,1.4338837391175583,0.09903113209758097,1.8660254037844386,1.5,1,1
47039,3.0,1.0,1.0,3.0,1.0,16,5,12,0.13397459621556151,0.49999999999999956,0.02507208781817638,0.7774790660436854,0.9999999999999998,2.0,2,1
172156,1.0,1.0,3.0,1.0,1.0,17,4,8,0.03407417371093169,0.7411809548974794,0.5661162608824419,0.09903113209758085,0.13397459621556151,0.49999999999999956,1,1
71425,1.0,1.0,2.0,1.0,1.0,12,5,4,1.0000000000000002,0.0,0.02507208781817638,0.7774790660436854,1.8660254037844388,0.5000000000000002,1,1
26765,2.0,1.0,1.0,2.0,1.0,8,3,10,1.8660254037844388,0.5000000000000002,1.4338837391175583,0.09903113209758097,0.1339745962155614,1.5,1,0
1876,1.0,1.0,2.0,1.0,1.0,12,3,8,1.0000000000000002,0.0,1.4338837391175583,0.09903113209758097,0.13397459621556151,0.49999999999999956,2,0
102507,1.0,1.0,1.0,1.0,1.0,6,3,9,2.0,1.0,1.4338837391175583,0.09903113209758097,0.0,0.9999999999999998,1,1
121008,3.0,1.0,3.0,3.0,1.0,16,3,2,0.13397459621556151,0.49999999999999956,1.4338837391175583,0.09903113209758097,1.8660254037844386,1.5,1,1
174593,1.0,3.0,3.0,1.0,1.0,20,2,8,0.1339745962155614,1.5,1.9749279121818235,0.7774790660436857,0.13397459621556151,0.49999999999999956,2,1
163312,3.0,3.0,1.0,3.0,1.0,4,5,1,1.8660254037844386,1.5,0.02507208781817638,0.7774790660436854,1.5,1.8660254037844388,1,1
19322,1.0,1.0,2.0,2.0,1.0,10,2,2,1.5,0.1339745962155613,1.9749279121818235,0.7774790660436857,1.8660254037844386,1.5,1,1
4686,1.0,1.0,3.0,1.0,1.0,7,7,8,1.9659258262890682,0.7411809548974794,0.9999999999999998,2.0,0.13397459621556151,0.49999999999999956,1,1
138134,1.0,2.0,1.0,1.0,1.0,16,1,9,0.13397459621556151,0.49999999999999956,1.78183148246803,1.6234898018587336,0.0,0.9999999999999998,2,1
172143,1.0,1.0,3.0,1.0,1.0,7,2,1,1.9659258262890682,0.7411809548974794,1.9749279121818235,0.7774790660436857,1.5,1.8660254037844388,2,1
178729,1.0,1.0,1.0,1.0,1.0,14,2,12,0.5000000000000002,0.13397459621556118,1.9749279121818235,0.7774790660436857,0.9999999999999998,2.0,1,1
151826,2.0,1.0,3.0,2.0,1.0,16,4,6,0.13397459621556151,0.49999999999999956,0.5661162608824419,0.09903113209758085,1.0000000000000002,0.0,2,1
113276,1.0,3.0,1.0,1.0,1.0,22,3,10,0.49999999999999956,1.8660254037844384,1.4338837391175583,0.09903113209758097,0.1339745962155614,1.5,1,1
104093,1.0,1.0,3.0,1.0,1.0,16,4,6,0.13397459621556151,0.49999999999999956,0.5661162608824419,0.09903113209758085,1.0000000000000002,0.0,2,1
77250,1.0,3.0,2.0,1.0,1.0,18,2,12,0.0,0.9999999999999998,1.9749279121818235,0.7774790660436857,0.9999999999999998,2.0,1,1
161539,1.0,3.0,2.0,1.0,1.0,16,5,12,0.13397459621556151,0.49999999999999956,0.02507208781817638,0.7774790660436854,0.9999999999999998,2.0,1,1
203473,1.0,1.0,1.0,1.0,1.0,19,7,10,0.03407417371093158,1.2588190451025203,0.9999999999999998,2.0,0.1339745962155614,1.5,1,1
132695,1.0,4.0,2.0,1.0,1.0,4,6,1,1.8660254037844386,1.5,0.21816851753197009,1.6234898018587334,1.5,1.8660254037844388,1,1
133973,1.0,1.0,1.0,1.0,1.0,14,7,7,0.5000000000000002,0.13397459621556118,0.9999999999999998,2.0,0.5000000000000002,0.13397459621556118,2,1
199537,1.0,1.0,3.0,1.0,1.0,7,5,9,1.9659258262890682,0.7411809548974794,0.02507208781817638,0.7774790660436854,0.0,0.9999999999999998,2,1
152428,1.0,1.0,3.0,1.0,1.0,9,3,7,1.7071067811865475,0.29289321881345254,1.4338837391175583,0.09903113209758097,0.5000000000000002,0.13397459621556118,1,1
60619,1.0,2.0,1.0,1.0,1.0,16,5,1,0.13397459621556151,0.49999999999999956,0.02507208781817638,0.7774790660436854,1.5,1.8660254037844388,1,1
95435,1.0,2.0,3.0,2.0,1.0,16,2,2,0.13397459621556151,0.49999999999999956,1.9749279121818235,0.7774790660436857,1.8660254037844386,1.5,1,1
73234,1.0,3.0,1.0,1.0,1.0,4,4,8,1.8660254037844386,1.5,0.5661162608824419,0.09903113209758085,0.13397459621556151,0.49999999999999956,2,1
94734,1.0,1.0,1.0,1.0,1.0,8,6,8,1.8660254037844388,0.5000000000000002,0.21816851753197009,1.6234898018587334,0.13397459621556151,0.49999999999999956,1,1
5078,1.0,1.0,1.0,1.0,1.0,8,5,7,1.8660254037844388,0.5000000000000002,0.02507208781817638,0.7774790660436854,0.5000000000000002,0.13397459621556118,2,1
154173,1.0,1.0,2.0,1.0,1.0,15,5,10,0.29289321881345287,0.2928932188134521,0.02507208781817638,0.7774790660436854,0.1339745962155614,1.5,2,1
93037,1.0,3.0,2.0,1.0,1.0,20,6,8,0.1339745962155614,1.5,0.21816851753197009,1.6234898018587334,0.13397459621556151,0.49999999999999956,1,1
113293,1.0,1.0,1.0,1.0,1.0,17,1,3,0.03407417371093169,0.7411809548974794,1.78183148246803,1.6234898018587336,2.0,1.0,1,1
34530,1.0,1.0,1.0,1.0,1.0,9,3,11,1.7071067811865475,0.29289321881345254,1.4338837391175583,0.09903113209758097,0.49999999999999956,1.8660254037844384,2,1
63908,1.0,3.0,3.0,1.0,1.0,21,3,4,0.2928932188134523,1.7071067811865475,1.4338837391175583,0.09903113209758097,1.8660254037844388,0.5000000000000002,2,1
70486,1.0,1.0,1.0,1.0,1.0,18,2,10,0.0,0.9999999999999998,1.9749279121818235,0.7774790660436857,0.1339745962155614,1.5,1,1
84195,1.0,1.0,3.0,2.0,1.0,6,6,8,2.0,1.0,0.21816851753197009,1.6234898018587334,0.13397459621556151,0.49999999999999956,2,1
50426,2.0,1.0,3.0,2.0,1.0,16,4,10,0.13397459621556151,0.49999999999999956,0.5661162608824419,0.09903113209758085,0.1339745962155614,1.5,2,1
34431,3.0,1.0,1.0,2.0,1.0,8,2,4,1.8660254037844388,0.5000000000000002,1.9749279121818235,0.7774790660436857,1.8660254037844388,0.5000000000000002,1,1
104878,1.0,1.0,1.0,1.0,1.0,7,4,5,1.9659258262890682,0.7411809548974794,0.5661162608824419,0.09903113209758085,1.5,0.1339745962155613,1,1
187378,2.0,1.0,3.0,2.0,1.0,19,7,6,0.03407417371093158,1.2588190451025203,0.9999999999999998,2.0,1.0000000000000002,0.0,2,1
159036,1.0,3.0,1.0,1.0,1.0,19,5,1,0.03407417371093158,1.2588190451025203,0.02507208781817638,0.7774790660436854,1.5,1.8660254037844388,1,1
107153,1.0,1.0,1.0,1.0,1.0,14,2,8,0.5000000000000002,0.13397459621556118,1.9749279121818235,0.7774790660436857,0.13397459621556151,0.49999999999999956,2,1
46402,1.0,1.0,1.0,1.0,1.0,7,5,12,1.9659258262890682,0.7411809548974794,0.02507208781817638,0.7774790660436854,0.9999999999999998,2.0,1,1
41414,1.0,1.0,3.0,1.0,1.0,13,5,12,0.7411809548974793,0.03407417371093169,0.02507208781817638,0.7774790660436854,0.9999999999999998,2.0,1,1
107425,1.0,1.0,1.0,1.0,1.0,8,1,1,1.8660254037844388,0.5000000000000002,1.78183148246803,1.6234898018587336,1.5,1.8660254037844388,1,1
167084,1.0,3.0,2.0,1.0,1.0,21,5,10,0.2928932188134523,1.7071067811865475,0.02507208781817638,0.7774790660436854,0.1339745962155614,1.5,2,1
101371,1.0,3.0,3.0,1.0,1.0,19,4,11,0.03407417371093158,1.2588190451025203,0.5661162608824419,0.09903113209758085,0.49999999999999956,1.8660254037844384,1,1
96056,1.0,1.0,1.0,1.0,1.0,17,6,6,0.03407417371093169,0.7411809548974794,0.21816851753197009,1.6234898018587334,1.0000000000000002,0.0,2,1
62977,1.0,1.0,3.0,1.0,1.0,16,7,10,0.13397459621556151,0.49999999999999956,0.9999999999999998,2.0,0.1339745962155614,1.5,1,1
82524,1.0,4.0,2.0,1.0,1.0,18,3,1,0.0,0.9999999999999998,1.4338837391175583,0.09903113209758097,1.5,1.8660254037844388,1,1
49495,3.0,3.0,1.0,3.0,1.0,21,6,1,0.2928932188134523,1.7071067811865475,0.21816851753197009,1.6234898018587334,1.5,1.8660254037844388,1,1
161589,1.0,3.0,1.0,1.0,1.0,19,2,11,0.03407417371093158,1.2588190451025203,1.9749279121818235,0.7774790660436857,0.49999999999999956,1.8660254037844384,1,1
185376,2.0,1.0,2.0,2.0,1.0,11,6,10,1.258819045102521,0.0340741737109318,0.21816851753197009,1.6234898018587334,0.1339745962155614,1.5,2,1
203230,2.0,3.0,3.0,2.0,1.0,17,3,11,0.03407417371093169,0.7411809548974794,1.4338837391175583,0.09903113209758097,0.49999999999999956,1.8660254037844384,1,1
29255,1.0,2.0,1.0,1.0,1.0,5,1,9,1.9659258262890682,1.2588190451025207,1.78183148246803,1.6234898018587336,0.0,0.9999999999999998,2,1
119054,1.0,1.0,3.0,1.0,1.0,9,6,6,1.7071067811865475,0.29289321881345254,0.21816851753197009,1.6234898018587334,1.0000000000000002,0.0,1,1
110847,1.0,3.0,3.0,1.0,1.0,21,2,7,0.2928932188134523,1.7071067811865475,1.9749279121818235,0.7774790660436857,0.5000000000000002,0.13397459621556118,2,1
179448,1.0,1.0,3.0,1.0,1.0,16,5,9,0.13397459621556151,0.49999999999999956,0.02507208781817638,0.7774790660436854,0.0,0.9999999999999998,1,1
109160,2.0,2.0,3.0,2.0,1.0,6,5,5,2.0,1.0,0.02507208781817638,0.7774790660436854,1.5,0.1339745962155613,1,1
150756,1.0,1.0,1.0,1.0,1.0,14,3,12,0.5000000000000002,0.13397459621556118,1.4338837391175583,0.09903113209758097,0.9999999999999998,2.0,1,1
74501,1.0,1.0,1.0,1.0,1.0,12,3,11,1.0000000000000002,0.0,1.4338837391175583,0.09903113209758097,0.49999999999999956,1.8660254037844384,2,1
188047,1.0,3.0,2.0,1.0,1.0,20,6,9,0.1339745962155614,1.5,0.21816851753197009,1.6234898018587334,0.0,0.9999999999999998,1,1
192771,1.0,3.0,1.0,1.0,1.0,19,5,11,0.03407417371093158,1.2588190451025203,0.02507208781817638,0.7774790660436854,0.49999999999999956,1.8660254037844384,1,1
149006,1.0,1.0,2.0,1.0,1.0,13,6,10,0.7411809548974793,0.03407417371093169,0.21816851753197009,1.6234898018587334,0.1339745962155614,1.5,1,1
192173,1.0,1.0,3.0,1.0,1.0,8,6,9,1.8660254037844388,0.5000000000000002,0.21816851753197009,1.6234898018587334,0.0,0.9999999999999998,2,1
90869,1.0,1.0,3.0,1.0,1.0,14,4,6,0.5000000000000002,0.13397459621556118,0.5661162608824419,0.09903113209758085,1.0000000000000002,0.0,1,1
178656,1.0,1.0,3.0,1.0,1.0,15,7,1,0.29289321881345287,0.2928932188134521,0.9999999999999998,2.0,1.5,1.8660254037844388,2,1
51218,1.0,3.0,1.0,1.0,1.0,16,3,1,0.13397459621556151,0.49999999999999956,1.4338837391175583,0.09903113209758097,1.5,1.8660254037844388,1,1
93914,1.0,1.0,1.0,1.0,1.0,11,4,5,1.258819045102521,0.0340741737109318,0.5661162608824419,0.09903113209758085,1.5,0.1339745962155613,1,0
179973,1.0,1.0,3.0,1.0,1.0,15,2,5,0.29289321881345287,0.2928932188134521,1.9749279121818235,0.7774790660436857,1.5,0.1339745962155613,1,1
84355,1.0,1.0,1.0,1.0,1.0,8,6,4,1.8660254037844388,0.5000000000000002,0.21816851753197009,1.6234898018587334,1.8660254037844388,0.5000000000000002,2,1
89695,1.0,3.0,3.0,1.0,1.0,18,3,2,0.0,0.9999999999999998,1.4338837391175583,0.09903113209758097,1.8660254037844386,1.5,2,1
149774,1.0,1.0,1.0,1.0,1.0,13,6,5,0.7411809548974793,0.03407417371093169,0.21816851753197009,1.6234898018587334,1.5,0.1339745962155613,1,1
160370,1.0,1.0,3.0,1.0,1.0,9,3,10,1.7071067811865475,0.29289321881345254,1.4338837391175583,0.09903113209758097,0.1339745962155614,1.5,1,1
94754,1.0,1.0,3.0,1.0,1.0,10,7,4,1.5,0.1339745962155613,0.9999999999999998,2.0,1.8660254037844388,0.5000000000000002,2,1
76289,1.0,2.0,1.0,1.0,1.0,21,6,8,0.2928932188134523,1.7071067811865475,0.21816851753197009,1.6234898018587334,0.13397459621556151,0.49999999999999956,1,1
158163,1.0,1.0,3.0,1.0,1.0,7,5,8,1.9659258262890682,0.7411809548974794,0.02507208781817638,0.7774790660436854,0.13397459621556151,0.49999999999999956,1,1
150627,1.0,1.0,1.0,1.0,1.0,14,2,6,0.5000000000000002,0.13397459621556118,1.9749279121818235,0.7774790660436857,1.0000000000000002,0.0,1,1
52700,1.0,1.0,1.0,1.0,1.0,17,5,5,0.03407417371093169,0.7411809548974794,0.02507208781817638,0.7774790660436854,1.5,0.1339745962155613,1,0
111095,1.0,3.0,2.0,2.0,1.0,20,5,11,0.1339745962155614,1.5,0.02507208781817638,0.7774790660436854,0.49999999999999956,1.8660254037844384,1,1
80184,2.0,3.0,1.0,2.0,1.0,20,6,12,0.1339745962155614,1.5,0.21816851753197009,1.6234898018587334,0.9999999999999998,2.0,2,1
87055,1.0,1.0,2.0,1.0,1.0,14,3,10,0.5000000000000002,0.13397459621556118,1.4338837391175583,0.09903113209758097,0.1339745962155614,1.5,1,1
200731,1.0,2.0,1.0,1.0,1.0,18,7,9,0.0,0.9999999999999998,0.9999999999999998,2.0,0.0,0.9999999999999998,2,1
7094,1.0,1.0,2.0,1.0,1.0,12,3,9,1.0000000000000002,0.0,1.4338837391175583,0.09903113209758097,0.0,0.9999999999999998,1,1
130900,1.0,1.0,1.0,1.0,1.0,8,2,7,1.8660254037844388,0.5000000000000002,1.9749279121818235,0.7774790660436857,0.5000000000000002,0.13397459621556118,1,1
27369,1.0,1.0,2.0,1.0,1.0,11,2,3,1.258819045102521,0.0340741737109318,1.9749279121818235,0.7774790660436857,2.0,1.0,1,1
137776,1.0,3.0,2.0,1.0,1.0,20,2,10,0.1339745962155614,1.5,1.9749279121818235,0.7774790660436857,0.1339745962155614,1.5,2,1
53721,3.0,3.0,3.0,2.0,1.0,22,6,4,0.49999999999999956,1.8660254037844384,0.21816851753197009,1.6234898018587334,1.8660254037844388,0.5000000000000002,2,1
39829,1.0,1.0,2.0,1.0,1.0,7,4,2,1.9659258262890682,0.7411809548974794,0.5661162608824419,0.09903113209758085,1.8660254037844386,1.5,2,1
8712,1.0,1.0,1.0,1.0,1.0,8,2,11,1.8660254037844388,0.5000000000000002,1.9749279121818235,0.7774790660436857,0.49999999999999956,1.8660254037844384,1,1
7454,1.0,1.0,1.0,1.0,1.0,11,1,3,1.258819045102521,0.0340741737109318,1.78183148246803,1.6234898018587336,2.0,1.0,1,1
140595,1.0,1.0,2.0,1.0,1.0,9,3,6,1.7071067811865475,0.29289321881345254,1.4338837391175583,0.09903113209758097,1.0000000000000002,0.0,2,1
204371,3.0,1.0,1.0,3.0,1.0,12,5,11,1.0000000000000002,0.0,0.02507208781817638,0.7774790660436854,0.49999999999999956,1.8660254037844384,1,1
167824,1.0,4.0,3.0,1.0,1.0,23,2,12,0.7411809548974784,1.9659258262890682,1.9749279121818235,0.7774790660436857,0.9999999999999998,2.0,2,1
91253,1.0,2.0,1.0,1.0,1.0,16,4,10,0.13397459621556151,0.49999999999999956,0.5661162608824419,0.09903113209758085,0.1339745962155614,1.5,2,1
22270,1.0,1.0,3.0,1.0,2.0,15,4,4,0.29289321881345287,0.2928932188134521,0.5661162608824419,0.09903113209758085,1.8660254037844388,0.5000000000000002,2,1
77574,1.0,1.0,1.0,1.0,1.0,16,3,3,0.13397459621556151,0.49999999999999956,1.4338837391175583,0.09903113209758097,2.0,1.0,1,0
126576,1.0,1.0,2.0,1.0,1.0,16,2,3,0.13397459621556151,0.49999999999999956,1.9749279121818235,0.7774790660436857,2.0,1.0,1,1
15777,1.0,3.0,3.0,1.0,1.0,10,2,8,1.5,0.1339745962155613,1.9749279121818235,0.7774790660436857,0.13397459621556151,0.49999999999999956,1,1
82256,1.0,1.0,1.0,1.0,1.0,16,2,9,0.13397459621556151,0.49999999999999956,1.9749279121818235,0.7774790660436857,0.0,0.9999999999999998,2,1
97428,1.0,1.0,1.0,1.0,1.0,7,4,9,1.9659258262890682,0.7411809548974794,0.5661162608824419,0.09903113209758085,0.0,0.9999999999999998,2,1
160455,1.0,1.0,1.0,1.0,1.0,7,4,11,1.9659258262890682,0.7411809548974794,0.5661162608824419,0.09903113209758085,0.49999999999999956,1.8660254037844384,2,1
67475,1.0,1.0,2.0,1.0,1.0,17,2,4,0.03407417371093169,0.7411809548974794,1.9749279121818235,0.7774790660436857,1.8660254037844388,0.5000000000000002,1,1
206934,1.0,3.0,2.0,1.0,1.0,19,4,12,0.03407417371093158,1.2588190451025203,0.5661162608824419,0.09903113209758085,0.9999999999999998,2.0,1,1
92071,2.0,3.0,1.8332037225905151,2.0,1.0,19,6,1,0.03407417371093158,1.2588190451025203,0.21816851753197009,1.6234898018587334,1.5,1.8660254037844388,1,1
75423,1.0,1.0,1.0,1.0,1.0,14,4,6,0.5000000000000002,0.13397459621556118,0.5661162608824419,0.09903113209758085,1.0000000000000002,0.0,1,1