Unnamed: 0,weather_condition,lighting_condition,trafficway_type,roadway_surface_cond,road_defect,crash_hour,crash_day_of_week,crash_month,crash_hour_sin,crash_hour_cos,crash_day_sin,crash_day_cos,crash_month_sin,crash_month_cos,crash_type,intersection_related_i
185284,1.0,3.0,1.0,1.0,1.0,19,5,3,0.03407417371093158,1.2588190451025203,0.02507208781817638,0.7774790660436854,2.0,1.0,2,1
66004,1.0,3.0,2.0,1.0,1.0,3,6,1,1.7071067811865475,1.7071067811865475,0.21816851753197009,1.6234898018587334,1.5,1.8660254037844388,1,1
27447,1.0,1.0,1.0,3.0,1.0,14,3,11,0.5000000000000002,0.13397459621556118,1.4338837391175583,0.09903113209758097,0.49999999999999956,1.8660254037844384,2,1
40360,1.0,1.0,1.0,1.0,1.0,14,1,5,0.5000000000000002,0.13397459621556118,1.78183148246803,1.6234898018587336,1.5,0.1339745962155613,1,1
187083,1.0,3.0,2.0,1.0,1.0,23,6,12,0.7411809548974784,1.9659258262890682,0.21816851753197009,1.6234898018587334,0.9999999999999998,2.0,1,1
166916,1.0,1.0,1.0,1.0,1.0,8,2,8,1.8660254037844388,0.5000000000000002,1.9749279121818235,0.7774790660436857,0.13397459621556151,0.49999999999999956,1,1
6955,3.0,3.0,1.0,3.0,1.0,19,7,1,0.03407417371093158,1.2588190451025203,0.9999999999999998,2.0,1.5,1.8660254037844388,1,1
200344,1.0,1.0,1.0,1.0,1.0,14,6,9,0.5000000000000002,0.13397459621556118,0.21816851753197009,1.6234898018587334,0.0,0.9999999999999998,1,1
62738,2.0,3.0,1.0,2.0,1.0,18,1,11,0.0,0.9999999999999998,1.78183148246803,1.6234898018587336,0.49999999999999956,1.8660254037844384,1,1
100722,1.0,1.0,1.0,2.0,1.0,13,3,8,0.7411809548974793,0.03407417371093169,1.4338837391175583,0.09903113209758097,0.13397459621556151,0.49999999999999956,1,1
62012,1.0,1.0,3.0,1.0,1.0,14,4,3,0.5000000000000002,0.13397459621556118,0.5661162608824419,0.09903113209758085,2.0,1.0,1,1
104299,1.0,1.0,2.0,1.0,1.0,6,1,6,2.0,1.0,1.78183148246803,1.6234898018587336,1.0000000000000002,0.0,2,1
136267,1.0,1.0,1.0,1.0,1.0,8,6,8,1.8660254037844388,0.5000000000000002,0.21816851753197009,1.6234898018587334,0.13397459621556151,0.49999999999999956,1,1
101123,1.0,3.0,2.0,1.0,1.0,18,6,11,0.0,0.9999999999999998,0.21816851753197009,1.6234898018587334,0.49999999999999956,1.8660254037844384,2,1
131833,3.0,1.0,2.0,2.0,1.0,15,2,4,0.29289321881345287,0.2928932188134521,1.9749279121818235,0.7774790660436857,1.8660254037844388,0.5000000000000002,2,1
32005,1.0,1.0,1.0,1.0,1.0,15,6,5,0.29289321881345287,0.2928932188134521,0.21816851753197009,1.6234898018587334,1.5,0.1339745962155613,1,0
159733,1.0,1.0,1.0,1.0,1.0,8,6,6,1.8660254037844388,0.5000000000000002,0.21816851753197009,1.6234898018587334,1.0000000000000002,0.0,1,1
38552,1.0,1.0,3.0,1.0,1.0,14,7,6,0.5000000000000002,0.13397459621556118,0.9999999999999998,2.0,1.0000000000000002,0.0,1,1
9929,1.0,1.0,2.0,1.0,1.0,14,5,5,0.5000000000000002,0.13397459621556118,0.02507208781817638,0.7774790660436854,1.5,0.1339745962155613,1,1
187817,1.0,3.0,2.0,1.0,1.0,18,6,10,0.0,0.9999999999999998,0.21816851753197009,1.6234898018587334,0.1339745962155614,1.5,2,1
1039,1.0,1.0,1.0,1.0,1.0,12,4,12,1.0000000000000002,0.0,0.5661162608824419,0.09903113209758085,0.9999999999999998,2.0,2,0
41487,1.0,1.0,3.0,1.0,1.0,17,4,6,0.03407417371093169,0.7411809548974794,0.5661162608824419,0.09903113209758085,1.0000000000000002,0.0,1,1
183260,1.0,4.0,1.0,1.0,1.0,23,3,1,0.7411809548974784,1.9659258262890682,1.4338837391175583,0.09903113209758097,1.5,1.8660254037844388,1,1
169180,1.0,1.0,1.0,1.0,2.0,17,4,6,0.03407417371093169,0.7411809548974794,0.5661162608824419,0.09903113209758085,1.0000000000000002,0.0,2,1
162154,1.0,1.0,1.0,1.0,1.0,9,7,12,1.7071067811865475,0.29289321881345254,0.9999999999999998,2.0,0.9999999999999998,2.0,1,1
75868,1.0,1.0,1.0,1.0,1.0,9,5,7,1.7071067811865475,0.29289321881345254,0.02507208781817638,0.7774790660436854,0.5000000000000002,0.13397459621556118,2,1
810,1.0,3.0,3.0,1.0,1.0,20,4,8,0.1339745962155614,1.5,0.5661162608824419,0.09903113209758085,0.13397459621556151,0.49999999999999956,1,1
43214,1.0,1.0,3.0,1.0,1.0,17,5,5,0.03407417371093169,0.7411809548974794,0.02507208781817638,0.7774790660436854,1.5,0.1339745962155613,1,1
2333,2.0,4.0,2.0,2.0,1.0,22,6,5,0.49999999999999956,1.8660254037844384,0.21816851753197009,1.6234898018587334,1.5,0.1339745962155613,2,1
130529,1.0,1.0,1.0,1.0,1.0,11,3,12,1.258819045102521,0.0340741737109318,1.4338837391175583,0.09903113209758097,0.9999999999999998,2.0,1,1
140968,2.0,3.0,3.0,2.0,1.0,7,7,12,1.9659258262890682,0.7411809548974794,0.9999999999999998,2.0,0.9999999999999998,2.0,1,1
11411,1.0,1.0,1.0,1.0,1.0,14,1,1,0.5000000000000002,0.13397459621556118,1.78183148246803,1.6234898018587336,1.5,1.8660254037844388,2,1
91636,1.0,1.0,2.0,2.0,1.0,11,3,2,1.258819045102521,0.0340741737109318,1.4338837391175583,0.09903113209758097,1.8660254037844386,1.5,1,1
148900,1.0,3.0,2.0,2.0,1.0,16,6,2,0.13397459621556151,0.49999999999999956,0.21816851753197009,1.6234898018587334,1.8660254037844386,1.5,1,1
31878,1.0,1.0,1.0,2.0,1.0,18,6,6,0.0,0.9999999999999998,0.21816851753197009,1.6234898018587334,1.0000000000000002,0.0,1,1
165192,1.0,1.0,1.0,1.0,1.0,11,4,5,1.258819045102521,0.0340741737109318,0.5661162608824419,0.09903113209758085,1.5,0.1339745962155613,1,1
4179,1.0,1.0,1.0,1.0,1.0,15,4,10,0.29289321881345287,0.2928932188134521,0.5661162608824419,0.09903113209758085,0.1339745962155614,1.5,2,1
25372,1.0,1.0,2.0,1.0,1.0,7,5,5,1.9659258262890682,0.7411809548974794,0.02507208781817638,0.7774790660436854,1.5,0.1339745962155613,1,0
36353,1.0,3.0,2.0,1.0,1.0,18,3,11,0.0,0.9999999999999998,1.4338837391175583,0.09903113209758097,0.49999999999999956,1.8660254037844384,1,1
154652,1.0,1.0,2.0,1.0,1.0,9,3,8,1.7071067811865475,0.29289321881345254,1.4338837391175583,0.09903113209758097,0.13397459621556151,0.49999999999999956,2,1
120121,1.0,1.0,1.0,1.0,1.0,18,5,4,0.0,0.9999999999999998,0.02507208781817638,0.7774790660436854,1.8660254037844388,0.5000000000000002,1,1
97094,1.0,1.0,2.0,1.0,1.0,11,4,7,1.258819045102521,0.0340741737109318,0.5661162608824419,0.09903113209758085,0.5000000000000002,0.13397459621556118,1,1
75667,1.0,1.0,3.0,1.0,1.0,15,3,6,0.29289321881345287,0.2928932188134521,1.4338837391175583,0.09903113209758097,1.0000000000000002,0.0,1,1
170603,1.0,1.0,3.0,1.0,1.0,16,5,8,0.13397459621556151,0.49999999999999956,0.02507208781817638,0.7774790660436854,0.13397459621556151,0.49999999999999956,2,1
157023,1.0,2.0,3.0,1.0,1.0,20,5,6,0.1339745962155614,1.5,0.02507208781817638,0.7774790660436854,1.0000000000000002,0.0,2,1
121826,2.0,1.0,2.0,2.0,1.0,13,5,9,0.7411809548974793,0.03407417371093169,0.02507208781817638,0.7774790660436854,0.0,0.9999999999999998,1,1
172127,2.0,1.0,1.0,2.0,1.0,20,5,3,0.1339745962155614,1.5,0.02507208781817638,0.7774790660436854,2.0,1.0,2,1
158183,2.0,3.0,1.0,2.0,1.0,20,3,5,0.1339745962155614,1.5,1.4338837391175583,0.09903113209758097,1.5,0.1339745962155613,1,1
164689,1.0,3.0,1.0,1.0,1.0,20,6,3,0.1339745962155614,1.5,0.21816851753197009,1.6234898018587334,2.0,1.0,1,1
31772,1.0,1.0,2.0,1.0,1.0,9,4,4,1.7071067811865475,0.29289321881345254,0.5661162608824419,0.09903113209758085,1.8660254037844388,0.5000000000000002,1,1
199734,2.0,1.0,1.0,2.0,1.0,13,1,9,0.7411809548974793,0.03407417371093169,1.78183148246803,1.6234898018587336,0.0,0.9999999999999998,1,1
202108,1.0,1.0,3.0,1.0,1.0,10,4,10,1.5,0.1339745962155613,0.5661162608824419,0.09903113209758085,0.1339745962155614,1.5,2,1
110762,1.0,1.0,2.0,1.0,1.0,18,5,10,0.0,0.9999999999999998,0.02507208781817638,0.7774790660436854,0.1339745962155614,1.5,2,1
197926,1.0,1.0,3.0,1.0,1.0,17,1,9,0.03407417371093169,0.7411809548974794,1.78183148246803,1.6234898018587336,0.0,0.9999999999999998,1,1
18385,1.0,3.0,4.0,1.0,1.0,22,3,4,0.49999999999999956,1.8660254037844384,1.4338837391175583,0.09903113209758097,1.8660254037844388,0.5000000000000002,2,1
67580,3.0,1.0,1.0,3.0,1.0,15,5,2,0.29289321881345287,0.2928932188134521,0.02507208781817638,0.7774790660436854,1.8660254037844386,1.5,1,1
126773,3.0,3.0,2.0,3.0,1.0,4,1,2,1.8660254037844386,1.5,1.78183148246803,1.6234898018587336,1.8660254037844386,1.5,2,1
126915,1.0,1.0,1.0,1.0,1.0,16,5,3,0.13397459621556151,0.49999999999999956,0.02507208781817638,0.7774790660436854,2.0,1.0,1,1
152621,1.0,1.0,1.0,1.0,1.0,14,4,5,0.5000000000000002,0.13397459621556118,0.5661162608824419,0.09903113209758085,1.5,0.1339745962155613,1,1
195882,1.0,1.0,1.0,1.0,1.0,6,7,7,2.0,1.0,0.9999999999999998,2.0,0.5000000000000002,0.13397459621556118,2,1
98373,1.0,1.0,1.0,1.0,1.0,13,3,10,0.7411809548974793,0.03407417371093169,1.4338837391175583,0.09903113209758097,0.1339745962155614,1.5,1,1
144023,1.0,1.0,2.0,1.0,1.0,16,2,5,0.13397459621556151,0.49999999999999956,1.9749279121818235,0.7774790660436857,1.5,0.1339745962155613,2,1
35010,1.0,3.0,1.0,1.0,1.0,23,1,3,0.7411809548974784,1.9659258262890682,1.78183148246803,1.6234898018587336,2.0,1.0,1,0
123846,1.0,3.0,2.0,1.0,1.0,20,6,5,0.1339745962155614,1.5,0.21816851753197009,1.6234898018587334,1.5,0.1339745962155613,1,1
55742,1.0,3.0,1.0,1.0,1.0,17,6,11,0.03407417371093169,0.7411809548974794,0.21816851753197009,1.6234898018587334,0.49999999999999956,1.8660254037844384,2,1
40668,1.0,3.0,3.0,1.0,1.0,18,6,1,0.0,0.9999999999999998,0.21816851753197009,1.6234898018587334,1.5,1.8660254037844388,2,1
102864,1.0,1.0,1.0,1.0,1.0,12,2,7,1.0000000000000002,0.0,1.9749279121818235,0.7774790660436857,0.5000000000000002,0.13397459621556118,1,0
157927,1.0,2.0,2.0,1.0,1.0,19,5,5,0.03407417371093158,1.2588190451025203,0.02507208781817638,0.7774790660436854,1.5,0.1339745962155613,1,1
60019,1.0,3.0,2.0,1.0,1.0,23,7,7,0.7411809548974784,1.9659258262890682,0.9999999999999998,2.0,0.5000000000000002,0.13397459621556118,2,1
22934,1.0,2.0,2.0,1.0,1.0,5,1,4,1.9659258262890682,1.2588190451025207,1.78183148246803,1.6234898018587336,1.8660254037844388,0.5000000000000002,2,1
30207,1.0,1.0,3.0,1.0,1.0,14,6,7,0.5000000000000002,0.13397459621556118,0.21816851753197009,1.6234898018587334,0.5000000000000002,0.13397459621556118,2,1
164821,1.0,1.0,1.0,1.0,1.0,8,6,1,1.8660254037844388,0.5000000000000002,0.21816851753197009,1.6234898018587334,1.5,1.8660254037844388,1,1
157501,3.0,1.0,3.0,3.0,1.0,8,2,11,1.8660254037844388,0.5000000000000002,1.9749279121818235,0.7774790660436857,0.49999999999999956,1.8660254037844384,2,1
207714,1.0,3.0,3.0,1.0,1.0,3,7,1,1.7071067811865475,1.7071067811865475,0.9999999999999998,2.0,1.5,1.8660254037844388,1,1
190232,1.0,3.0,2.0,1.0,1.0,21,5,9,0.2928932188134523,1.7071067811865475,0.02507208781817638,0.7774790660436854,0.0,0.9999999999999998,1,1
23042,1.0,1.0,1.0,1.0,1.0,13,7,2,0.7411809548974793,0.03407417371093169,0.9999999999999998,2.0,1.8660254037844386,1.5,2,1
203386,2.0,2.0,3.0,2.0,1.0,7,6,10,1.9659258262890682,0.7411809548974794,0.21816851753197009,1.6234898018587334,0.1339745962155614,1.5,2,1
170417,2.0,1.0,2.0,2.0,1.0,15,4,11,0.29289321881345287,0.2928932188134521,0.5661162608824419,0.09903113209758085,0.49999999999999956,1.8660254037844384,2,1
168327,1.0,1.0,3.0,1.0,1.0,13,5,3,0.7411809548974793,0.03407417371093169,0.02507208781817638,0.7774790660436854,2.0,1.0,2,1
47205,1.0,3.0,1.0,1.0,1.0,23,2,6,0.7411809548974784,1.9659258262890682,1.9749279121818235,0.7774790660436857,1.0000000000000002,0.0,2,1
77449,3.0,4.0,2.0,2.0,1.0,21,1,1,0.2928932188134523,1.7071067811865475,1.78183148246803,1.6234898018587336,1.5,1.8660254037844388,1,1
31767,1.0,1.0,1.0,1.0,1.0,12,7,7,1.0000000000000002,0.0,0.9999999999999998,2.0,0.5000000000000002,0.13397459621556118,1,1
59867,2.0,1.0,1.0,2.0,1.0,10,4,4,1.5,0.1339745962155613,0.5661162608824419,0.09903113209758085,1.8660254037844388,0.5000000000000002,1,1
4926,2.0,1.0,2.0,2.0,1.0,6,5,6,2.0,1.0,0.02507208781817638,0.7774790660436854,1.0000000000000002,0.0,1,1
120031,1.0,3.0,3.0,1.0,1.0,5,3,4,1.9659258262890682,1.2588190451025207,1.4338837391175583,0.09903113209758097,1.8660254037844388,0.5000000000000002,1,1
175906,1.0,3.0,3.0,4.0,1.0,17,5,1,0.03407417371093169,0.7411809548974794,0.02507208781817638,0.7774790660436854,1.5,1.8660254037844388,2,1
125296,1.0,2.0,1.0,1.0,1.0,23,7,5,0.7411809548974784,1.9659258262890682,0.9999999999999998,2.0,1.5,0.1339745962155613,2,1
13879,1.0,1.0,2.0,1.0,1.0,15,4,5,0.29289321881345287,0.2928932188134521,0.5661162608824419,0.09903113209758085,1.5,0.1339745962155613,1,0
42340,1.0,1.0,1.0,1.0,1.0,15,4,1,0.29289321881345287,0.2928932188134521,0.5661162608824419,0.09903113209758085,1.5,1.8660254037844388,2,1
189937,1.0,4.0,1.0,1.0,1.0,16,6,11,0.13397459621556151,0.49999999999999956,0.21816851753197009,1.6234898018587334,0.49999999999999956,1.8660254037844384,1,1
128177,2.0,3.0,1.0,2.0,1.0,19,3,11,0.03407417371093158,1.2588190451025203,1.4338837391175583,0.09903113209758097,0.49999999999999956,1.8660254037844384,1,1
169497,1.0,1.0,1.0,2.0,1.0,13,3,5,0.7411809548974793,0.03407417371093169,1.4338837391175583,0.09903113209758097,1.5,0.1339745962155613,2,1
162291,2.0,3.0,2.0,2.0,1.0,20,6,9,0.1339745962155614,1.5,0.21816851753197009,1.6234898018587334,0.0,0.9999999999999998,1,0
35168,2.0,3.0,2.0,2.0,1.0,20,6,4,0.1339745962155614,1.5,0.21816851753197009,1.6234898018587334,1.8660254037844388,0.5000000000000002,1,1
72129,1.0,3.0,3.0,1.0,1.0,4,6,7,1.8660254037844386,1.5,0.21816851753197009,1.6234898018587334,0.5000000000000002,0.13397459621556118,1,1
161674,1.0,3.0,1.0,1.0,1.0,21,3,5,0.2928932188134523,1.7071067811865475,1.4338837391175583,0.09903113209758097,1.5,0.1339745962155613,1,1
153290,2.0,1.0,2.0,2.0,1.0,9,3,8,1.7071067811865475,0.29289321881345254,1.4338837391175583,0.09903113209758097,0.13397459621556151,0.49999999999999956,1,1
149795,1.0,1.0,1.0,1.0,1.0,18,7,5,0.0,0.9999999999999998,0.9999999999999998,2.0,1.5,0.1339745962155613,1,1
3225,1.0,1.0,3.0,1.0,1.0,5,6,7,1.9659258262890682,1.2588190451025207,0.21816851753197009,1.6234898018587334,0.5000000000000002,0.13397459621556118,1,1
136615,1.0,1.0,1.0,1.0,1.0,13,2,6,0.7411809548974793,0.03407417371093169,1.9749279121818235,0.7774790660436857,1.0000000000000002,0.0,1,1
116191,1.0,3.0,1.0,1.0,1.0,19,4,1,0.03407417371093158,1.2588190451025203,0.5661162608824419,0.09903113209758085,1.5,1.8660254037844388,1,1
2267,1.0,1.0,2.0,1.0,1.0,10,3,12,1.5,0.1339745962155613,1.4338837391175583,0.09903113209758097,0.9999999999999998,2.0,2,1
86059,1.0,1.0,1.0,1.0,1.0,16,4,3,0.13397459621556151,0.49999999999999956,0.5661162608824419,0.09903113209758085,2.0,1.0,1,1
8697,1.0,1.0,1.0,1.0,1.0,10,1,1,1.5,0.1339745962155613,1.78183148246803,1.6234898018587336,1.5,1.8660254037844388,1,1
81364,1.0,1.0,3.0,1.0,1.0,13,4,12,0.7411809548974793,0.03407417371093169,0.5661162608824419,0.09903113209758085,0.9999999999999998,2.0,1,1
154262,1.0,1.0,2.0,1.0,1.0,16,3,1,0.13397459621556151,0.49999999999999956,1.4338837391175583,0.09903113209758097,1.5,1.8660254037844388,1,0
118544,1.0,1.0,3.0,1.0,1.0,14,5,8,0.5000000000000002,0.13397459621556118,0.02507208781817638,0.7774790660436854,0.13397459621556151,0.49999999999999956,1,1
159255,1.0,1.0,1.0,1.0,1.0,15,6,1,0.29289321881345287,0.2928932188134521,0.21816851753197009,1.6234898018587334,1.5,1.8660254037844388,1,1
183159,1.0,3.0,1.0,1.0,1.0,22,7,12,0.49999999999999956,1.8660254037844384,0.9999999999999998,2.0,0.9999999999999998,2.0,2,1
174684,1.0,1.0,1.0,1.0,1.0,15,2,8,0.29289321881345287,0.2928932188134521,1.9749279121818235,0.7774790660436857,0.13397459621556151,0.49999999999999956,1,1
6803,1.0,1.0,2.0,1.0,1.0,12,3,1,1.0000000000000002,0.0,1.4338837391175583,0.09903113209758097,1.5,1.8660254037844388,1,1
92017,1.0,3.0,2.0,1.0,1.0,22,3,6,0.49999999999999956,1.8660254037844384,1.4338837391175583,0.09903113209758097,1.0000000000000002,0.0,2,1
42963,1.0,1.0,3.0,1.0,1.0,10,2,10,1.5,0.1339745962155613,1.9749279121818235,0.7774790660436857,0.1339745962155614,1.5,1,1
168306,2.0,1.0,1.0,2.0,1.0,11,7,4,1.258819045102521,0.0340741737109318,0.9999999999999998,2.0,1.8660254037844388,0.5000000000000002,1,1
48167,1.0,1.0,3.0,1.0,1.0,18,3,10,0.0,0.9999999999999998,1.4338837391175583,0.09903113209758097,0.1339745962155614,1.5,1,1
168065,1.0,1.0,3.0,1.0,1.0,19,6,6,0.03407417371093158,1.2588190451025203,0.21816851753197009,1.6234898018587334,1.0000000000000002,0.0,2,1
143501,1.0,3.0,1.0,1.0,1.0,22,2,4,0.49999999999999956,1.8660254037844384,1.9749279121818235,0.7774790660436857,1.8660254037844388,0.5000000000000002,1,1
86106,2.0,1.0,1.0,2.0,1.0,12,2,8,1.0000000000000002,0.0,1.9749279121818235,0.7774790660436857,0.13397459621556151,0.49999999999999956,1,1
143087,1.0,1.0,1.0,1.0,1.0,8,6,5,1.8660254037844388,0.5000000000000002,0.21816851753197009,1.6234898018587334,1.5,0.1339745962155613,1,1
154156,2.0,3.0,1.0,2.0,1.0,8,3,4,1.8660254037844388,0.5000000000000002,1.4338837391175583,0.09903113209758097,1.8660254037844388,0.5000000000000002,1,1
119355,1.0,1.0,3.0,1.0,1.0,9,2,7,1.7071067811865475,0.29289321881345254,1.9749279121818235,0.7774790660436857,0.5000000000000002,0.13397459621556118,1,1
29088,1.0,3.0,1.0,1.0,1.0,3,7,10,1.7071067811865475,1.7071067811865475,0.9999999999999998,2.0,0.1339745962155614,1.5,2,1
26034,1.0,1.0,2.0,1.0,1.0,12,7,3,1.0000000000000002,0.0,0.9999999999999998,2.0,2.0,1.0,2,1
69060,1.0,3.0,3.0,1.0,1.0,4,7,12,1.8660254037844386,1.5,0.9999999999999998,2.0,0.9999999999999998,2.0,1,1
82074,1.0,3.0,1.0,1.0,1.0,23,1,2,0.7411809548974784,1.9659258262890682,1.78183148246803,1.6234898018587336,1.8660254037844386,1.5,1,1
32393,1.0,1.0,2.0,1.0,1.0,9,6,11,1.7071067811865475,0.29289321881345254,0.21816851753197009,1.6234898018587334,0.49999999999999956,1.8660254037844384,1,1
182445,1.0,1.0,3.0,1.0,1.0,17,2,9,0.03407417371093169,0.7411809548974794,1.9749279121818235,0.7774790660436857,0.0,0.9999999999999998,2,1
6019,1.0,1.0,2.0,1.0,1.0,14,5,9,0.5000000000000002,0.13397459621556118,0.02507208781817638,0.7774790660436854,0.0,0.9999999999999998,2,1
195067,2.0,1.0,1.0,2.0,1.0,17,1,4,0.03407417371093169,0.7411809548974794,1.78183148246803,1.6234898018587336,1.8660254037844388,0.5000000000000002,2,1
154315,2.0,3.0,1.0,2.0,1.0,23,4,10,0.7411809548974784,1.9659258262890682,0.5661162608824419,0.09903113209758085,0.1339745962155614,1.5,1,1
65184,1.0,1.0,1.0,2.0,1.0,15,4,2,0.29289321881345287,0.2928932188134521,0.5661162608824419,0.09903113209758085,1.8660254037844386,1.5,1,1
69874,3.0,3.0,1.0,3.0,1.0,20,5,2,0.1339745962155614,1.5,0.02507208781817638,0.7774790660436854,1.8660254037844386,1.5,1,1
1466,3.0,3.0,2.0,3.0,1.0,22,5,12,0.49999999999999956,1.8660254037844384,0.02507208781817638,0.7774790660436854,0.9999999999999998,2.0,2,1
18308,3.0,1.0,2.0,3.0,1.0,15,7,11,0.29289321881345287,0.2928932188134521,0.9999999999999998,2.0,0.49999999999999956,1.8660254037844384,1,1
110788,1.0,1.0,1.0,1.0,1.0,11,3,6,1.258819045102521,0.0340741737109318,1.4338837391175583,0.09903113209758097,1.0000000000000002,0.0,1,1
169593,1.0,1.0,1.0,1.0,1.0,13,3,1,0.7411809548974793,0.03407417371093169,1.4338837391175583,0.09903113209758097,1.5,1.8660254037844388,1,1
156811,1.0,3.0,1.0,1.0,1.0,19,2,12,0.03407417371093158,1.2588190451025203,1.9749279121818235,0.7774790660436857,0.9999999999999998,2.0,2,1
87434,1.0,1.0,2.0,1.0,1.0,13,6,3,0.7411809548974793,0.03407417371093169,0.21816851753197009,1.6234898018587334,2.0,1.0,1,0
28847,1.0,1.0,1.0,1.0,1.0,16,3,3,0.13397459621556151,0.49999999999999956,1.4338837391175583,0.09903113209758097,2.0,1.0,1,1
89321,1.0,1.0,1.0,1.0,1.0,8,3,9,1.8660254037844388,0.5000000000000002,1.4338837391175583,0.09903113209758097,0.0,0.9999999999999998,1,1
17750,1.0,1.0,3.0,1.0,1.0,14,4,8,0.5000000000000002,0.13397459621556118,0.5661162608824419,0.09903113209758085,0.13397459621556151,0.49999999999999956,2,1
72086,1.0,1.0,1.0,1.0,1.0,10,7,11,1.5,0.1339745962155613,0.9999999999999998,2.0,0.49999999999999956,1.8660254037844384,2,1
204376,3.0,1.0,2.0,3.0,1.0,9,5,11,1.7071067811865475,0.29289321881345254,0.02507208781817638,0.7774790660436854,0.49999999999999956,1.8660254037844384,1,1
113824,1.0,1.0,1.0,1.0,1.0,15,3,3,0.29289321881345287,0.2928932188134521,1.4338837391175583,0.09903113209758097,2.0,1.0,1,1
133103,1.0,2.0,1.0,1.0,1.0,16,5,12,0.13397459621556151,0.49999999999999956,0.02507208781817638,0.7774790660436854,0.9999999999999998,2.0,2,1
55767,1.0,1.0,2.0,1.0,1.0,16,6,8,0.13397459621556151,0.49999999999999956,0.21816851753197009,1.6234898018587334,0.13397459621556151,0.49999999999999956,2,1
103152,2.0,3.0,2.0,2.0,1.0,18,3,10,0.0,0.9999999999999998,1.4338837391175583,0.09903113209758097,0.1339745962155614,1.5,2,1
204137,1.0,3.0,3.0,1.0,1.0,16,3,11,0.13397459621556151,0.49999999999999956,1.4338837391175583,0.09903113209758097,0.49999999999999956,1.8660254037844384,1,1
47984,1.0,1.0,3.0,1.0,1.0,16,2,10,0.13397459621556151,0.49999999999999956,1.9749279121818235,0.7774790660436857,0.1339745962155614,1.5,1,1
179582,1.0,1.0,2.0,1.0,1.0,10,6,11,1.5,0.1339745962155613,0.21816851753197009,1.6234898018587334,0.49999999999999956,1.8660254037844384,1,1
195755,1.0,1.0,3.0,1.0,1.0,18,4,7,0.0,0.9999999999999998,0.5661162608824419,0.09903113209758085,0.5000000000000002,0.13397459621556118,1,1
151868,1.0,1.0,2.0,1.0,1.0,16,4,3,0.13397459621556151,0.49999999999999956,0.5661162608824419,0.09903113209758085,2.0,1.0,1,1
159353,1.0,2.0,1.0,2.0,1.0,19,3,8,0.03407417371093158,1.2588190451025203,1.4338837391175583,0.09903113209758097,0.13397459621556151,0.49999999999999956,2,1
21269,1.0,1.0,1.0,1.0,1.0,11,4,10,1.258819045102521,0.0340741737109318,0.5661162608824419,0.09903113209758085,0.1339745962155614,1.5,1,1
191910,1.0,3.0,3.0,1.0,1.0,20,6,11,0.1339745962155614,1.5,0.21816851753197009,1.6234898018587334,0.49999999999999956,1.8660254037844384,1,1
9320,2.0,1.0,1.0,2.0,1.0,7,6,5,1.9659258262890682,0.7411809548974794,0.21816851753197009,1.6234898018587334,1.5,0.1339745962155613,1,1
153048,1.0,3.0,2.0,1.0,1.0,23,1,12,0.7411809548974784,1.9659258262890682,1.78183148246803,1.6234898018587336,0.9999999999999998,2.0,2,1
14173,1.0,1.0,3.0,1.0,1.0,13,3,7,0.7411809548974793,0.03407417371093169,1.4338837391175583,0.09903113209758097,0.5000000000000002,0.13397459621556118,1,1
145426,1.0,3.0,1.0,1.0,1.0,21,5,3,0.2928932188134523,1.7071067811865475,0.02507208781817638,0.7774790660436854,2.0,1.0,2,1
166616,1.0,1.0,2.0,1.0,1.0,17,7,8,0.03407417371093169,0.7411809548974794,0.9999999999999998,2.0,0.13397459621556151,0.49999999999999956,2,1
161707,1.0,1.0,2.0,1.0,1.0,14,5,4,0.5000000000000002,0.13397459621556118,0.02507208781817638,0.7774790660436854,1.8660254037844388,0.5000000000000002,1,1
38609,3.0,3.0,2.0,3.0,1.0,5,6,1,1.9659258262890682,1.2588190451025207,0.21816851753197009,1.6234898018587334,1.5,1.8660254037844388,2,1
88401,1.0,1.0,1.0,1.0,1.0,12,4,12,1.0000000000000002,0.0,0.5661162608824419,0.09903113209758085,0.9999999999999998,2.0,1,1
144430,1.0,1.0,1.0,1.0,1.0,15,1,8,0.29289321881345287,0.2928932188134521,1.78183148246803,1.6234898018587336,0.13397459621556151,0.49999999999999956,2,1
27905,1.0,1.0,3.0,1.0,1.0,7,5,9,1.9659258262890682,0.7411809548974794,0.02507208781817638,0.7774790660436854,0.0,0.9999999999999998,1,1
16771,1.0,1.0,1.0,3.0,1.0,15,4,12,0.29289321881345287,0.2928932188134521,0.5661162608824419,0.09903113209758085,0.9999999999999998,2.0,1,1
183550,1.0,3.0,1.0,1.0,1.0,19,6,10,0.03407417371093158,1.2588190451025203,0.21816851753197009,1.6234898018587334,0.1339745962155614,1.5,1,1
127838,1.0,1.0,4.0,1.0,1.0,21,3,6,0.2928932188134523,1.7071067811865475,1.4338837391175583,0.09903113209758097,1.0000000000000002,0.0,1,1
178971,1.0,3.0,3.0,1.0,1.0,23,2,8,0.7411809548974784,1.9659258262890682,1.9749279121818235,0.7774790660436857,0.13397459621556151,0.49999999999999956,1,1
169858,1.0,3.0,3.0,1.0,1.0,18,3,9,0.0,0.9999999999999998,1.4338837391175583,0.09903113209758097,0.0,0.9999999999999998,1,1
28246,1.0,1.0,1.0,1.0,1.0,12,5,11,1.0000000000000002,0.0,0.02507208781817638,0.7774790660436854,0.49999999999999956,1.8660254037844384,1,1
80560,1.0,1.0,3.0,1.0,1.0,10,7,3,1.5,0.1339745962155613,0.9999999999999998,2.0,2.0,1.0,2,1