Unnamed: 0,weather_condition,lighting_condition,trafficway_type,roadway_surface_cond,road_defect,crash_hour,crash_day_of_week,crash_month,crash_hour_sin,crash_hour_cos,crash_day_sin,crash_day_cos,crash_month_sin,crash_month_cos,crash_type,intersection_related_i
137523,1.0,1.0,2.0,1.0,1.0,12,3,2,1.0000000000000002,0.0,1.4338837391175583,0.09903113209758097,1.8660254037844386,1.5,2,1
144443,2.0,2.0,1.0,2.0,1.0,18,4,1,0.0,0.9999999999999998,0.5661162608824419,0.09903113209758085,1.5,1.8660254037844388,1,1
190853,1.0,1.0,1.8332037225905151,1.0,1.0,11,5,3,1.258819045102521,0.0340741737109318,0.02507208781817638,0.7774790660436854,2.0,1.0,1,1
77261,1.0,3.0,2.0,1.0,1.0,17,6,2,0.03407417371093169,0.7411809548974794,0.21816851753197009,1.6234898018587334,1.8660254037844386,1.5,1,1
88835,1.0,1.0,2.0,1.0,1.0,13,7,6,0.7411809548974793,0.03407417371093169,0.9999999999999998,2.0,1.0000000000000002,0.0,1,1
149832,1.0,1.0,1.0,1.0,1.0,16,7,7,0.13397459621556151,0.49999999999999956,0.9999999999999998,2.0,0.5000000000000002,0.13397459621556118,2,1
150185,3.0,3.0,3.0,3.0,1.0,21,6,2,0.2928932188134523,1.7071067811865475,0.21816851753197009,1.6234898018587334,1.8660254037844386,1.5,1,1
63974,1.0,1.0,1.0,1.0,1.0,8,7,5,1.8660254037844388,0.5000000000000002,0.9999999999999998,2.0,1.5,0.1339745962155613,2,1
132064,1.0,1.0,1.0,1.0,1.0,14,5,9,0.5000000000000002,0.13397459621556118,0.02507208781817638,0.7774790660436854,0.0,0.9999999999999998,1,1
83346,1.0,1.0,1.0,1.0,1.0,18,5,8,0.0,0.9999999999999998,0.02507208781817638,0.7774790660436854,0.13397459621556151,0.49999999999999956,1,1
13347,1.0,1.0,1.0,1.0,1.0,17,5,2,0.03407417371093169,0.7411809548974794,0.02507208781817638,0.7774790660436854,1.8660254037844386,1.5,1,1
58759,1.0,1.0,2.0,1.0,1.0,14,5,3,0.5000000000000002,0.13397459621556118,0.02507208781817638,0.7774790660436854,2.0,1.0,1,1
3085,1.0,1.0,1.0,1.0,1.0,17,4,3,0.03407417371093169,0.7411809548974794,0.5661162608824419,0.09903113209758085,2.0,1.0,1,1
184856,1.0,2.0,2.0,1.0,1.0,6,1,10,2.0,1.0,1.78183148246803,1.6234898018587336,0.1339745962155614,1.5,2,0
132703,1.0,1.0,3.0,1.0,1.0,18,4,8,0.0,0.9999999999999998,0.5661162608824419,0.09903113209758085,0.13397459621556151,0.49999999999999956,1,1
116892,1.0,1.0,2.0,1.0,1.0,7,3,7,1.9659258262890682,0.7411809548974794,1.4338837391175583,0.09903113209758097,0.5000000000000002,0.13397459621556118,1,1
42437,1.0,1.0,1.0,1.0,1.0,9,7,4,1.7071067811865475,0.29289321881345254,0.9999999999999998,2.0,1.8660254037844388,0.5000000000000002,2,1
80936,1.0,1.0,1.0,1.0,1.0,13,7,3,0.7411809548974793,0.03407417371093169,0.9999999999999998,2.0,2.0,1.0,1,1
65524,2.0,1.0,1.0,2.0,1.0,16,6,4,0.13397459621556151,0.49999999999999956,0.21816851753197009,1.6234898018587334,1.8660254037844388,0.5000000000000002,1,1
134051,1.0,1.0,1.0,1.0,1.0,11,3,3,1.258819045102521,0.0340741737109318,1.4338837391175583,0.09903113209758097,2.0,1.0,1,1
134500,1.0,2.0,3.0,1.0,1.0,18,4,5,0.0,0.9999999999999998,0.5661162608824419,0.09903113209758085,1.5,0.1339745962155613,1,1
184855,1.0,1.0,1.0,1.0,1.0,15,3,9,0.29289321881345287,0.2928932188134521,1.4338837391175583,0.09903113209758097,0.0,0.9999999999999998,2,1
50415,1.0,1.0,3.0,1.0,1.0,13,2,12,0.7411809548974793,0.03407417371093169,1.9749279121818235,0.7774790660436857,0.9999999999999998,2.0,1,1
58243,1.0,1.0,3.0,2.0,1.0,16,7,9,0.13397459621556151,0.49999999999999956,0.9999999999999998,2.0,0.0,0.9999999999999998,1,1
188435,1.0,1.0,1.0,1.0,1.0,9,3,5,1.7071067811865475,0.29289321881345254,1.4338837391175583,0.09903113209758097,1.5,0.1339745962155613,1,1
198994,1.0,3.0,1.0,1.0,1.0,19,6,9,0.03407417371093158,1.2588190451025203,0.21816851753197009,1.6234898018587334,0.0,0.9999999999999998,2,1
116764,1.0,1.0,2.0,1.0,1.0,19,2,5,0.03407417371093158,1.2588190451025203,1.9749279121818235,0.7774790660436857,1.5,0.1339745962155613,1,0
90475,1.0,1.0,1.0,1.0,1.0,8,6,2,1.8660254037844388,0.5000000000000002,0.21816851753197009,1.6234898018587334,1.8660254037844386,1.5,2,1
94809,1.0,1.0,3.0,1.0,1.0,9,2,4,1.7071067811865475,0.29289321881345254,1.9749279121818235,0.7774790660436857,1.8660254037844388,0.5000000000000002,2,1
55829,2.0,1.0,1.0,2.0,1.0,10,6,1,1.5,0.1339745962155613,0.21816851753197009,1.6234898018587334,1.5,1.8660254037844388,2,1
139986,1.0,1.0,3.0,2.0,1.0,11,4,10,1.258819045102521,0.0340741737109318,0.5661162608824419,0.09903113209758085,0.1339745962155614,1.5,1,1
19887,1.0,1.0,1.0,1.0,1.0,14,6,2,0.5000000000000002,0.13397459621556118,0.21816851753197009,1.6234898018587334,1.8660254037844386,1.5,1,1
45974,1.0,3.0,1.0,1.0,1.0,4,1,8,1.8660254037844386,1.5,1.78183148246803,1.6234898018587336,0.13397459621556151,0.49999999999999956,2,1
149177,1.0,1.0,1.0,1.0,1.0,16,3,3,0.13397459621556151,0.49999999999999956,1.4338837391175583,0.09903113209758097,2.0,1.0,1,1
111113,1.0,3.0,2.0,1.0,1.0,21,6,9,0.2928932188134523,1.7071067811865475,0.21816851753197009,1.6234898018587334,0.0,0.9999999999999998,1,1
175826,1.0,1.0,2.0,1.0,1.0,13,5,2,0.7411809548974793,0.03407417371093169,0.02507208781817638,0.7774790660436854,1.8660254037844386,1.5,1,1
79167,1.0,1.0,1.0,1.0,1.0,12,5,7,1.0000000000000002,0.0,0.02507208781817638,0.7774790660436854,0.5000000000000002,0.13397459621556118,1,1
99553,1.0,3.0,1.0,1.0,1.0,18,4,11,0.0,0.9999999999999998,0.5661162608824419,0.09903113209758085,0.49999999999999956,1.8660254037844384,1,1
140704,1.0,3.0,2.0,1.0,1.0,23,2,9,0.7411809548974784,1.9659258262890682,1.9749279121818235,0.7774790660436857,0.0,0.9999999999999998,1,1
97326,1.0,1.0,2.0,2.0,1.0,9,4,1,1.7071067811865475,0.29289321881345254,0.5661162608824419,0.09903113209758085,1.5,1.8660254037844388,1,1
160896,1.0,1.0,3.0,1.0,1.0,15,2,7,0.29289321881345287,0.2928932188134521,1.9749279121818235,0.7774790660436857,0.5000000000000002,0.13397459621556118,1,1
67407,1.0,1.0,1.0,1.0,1.0,14,3,11,0.5000000000000002,0.13397459621556118,1.4338837391175583,0.09903113209758097,0.49999999999999956,1.8660254037844384,1,1
141114,1.0,3.0,3.0,1.0,1.0,23,7,12,0.7411809548974784,1.9659258262890682,0.9999999999999998,2.0,0.9999999999999998,2.0,2,1
147654,1.0,1.0,2.0,1.0,1.0,18,7,8,0.0,0.9999999999999998,0.9999999999999998,2.0,0.13397459621556151,0.49999999999999956,1,1
38625,1.0,1.0,1.0,1.0,1.0,13,6,9,0.7411809548974793,0.03407417371093169,0.21816851753197009,1.6234898018587334,0.0,0.9999999999999998,1,1
79119,1.0,4.0,2.0,1.0,1.0,20,2,1,0.1339745962155614,1.5,1.9749279121818235,0.7774790660436857,1.5,1.8660254037844388,1,1
79963,1.0,1.0,3.0,1.0,1.0,6,3,8,2.0,1.0,1.4338837391175583,0.09903113209758097,0.13397459621556151,0.49999999999999956,1,1
55551,1.0,1.0,1.0,1.0,1.0,12,7,3,1.0000000000000002,0.0,0.9999999999999998,2.0,2.0,1.0,1,1
179666,1.0,1.0,2.0,1.0,1.0,15,3,4,0.29289321881345287,0.2928932188134521,1.4338837391175583,0.09903113209758097,1.8660254037844388,0.5000000000000002,2,1
187084,1.0,3.0,3.0,1.0,1.0,21,1,8,0.2928932188134523,1.7071067811865475,1.78183148246803,1.6234898018587336,0.13397459621556151,0.49999999999999956,2,1
155628,1.0,1.0,2.0,1.0,1.0,16,6,9,0.13397459621556151,0.49999999999999956,0.21816851753197009,1.6234898018587334,0.0,0.9999999999999998,1,1
151070,1.0,1.0,1.0,1.0,1.0,23,7,4,0.7411809548974784,1.9659258262890682,0.9999999999999998,2.0,1.8660254037844388,0.5000000000000002,1,1
112005,1.0,1.0,2.0,2.0,1.0,8,3,9,1.8660254037844388,0.5000000000000002,1.4338837391175583,0.09903113209758097,0.0,0.9999999999999998,1,1
129212,1.0,1.0,2.0,1.0,1.0,18,6,5,0.0,0.9999999999999998,0.21816851753197009,1.6234898018587334,1.5,0.1339745962155613,1,1
10450,2.0,3.0,1.0,2.0,1.0,21,1,5,0.2928932188134523,1.7071067811865475,1.78183148246803,1.6234898018587336,1.5,0.1339745962155613,2,1
122599,1.0,2.0,1.0,1.0,1.0,16,3,1,0.13397459621556151,0.49999999999999956,1.4338837391175583,0.09903113209758097,1.5,1.8660254037844388,2,1
9192,1.0,1.0,1.0,1.0,1.0,8,5,9,1.8660254037844388,0.5000000000000002,0.02507208781817638,0.7774790660436854,0.0,0.9999999999999998,2,1
120116,1.0,1.0,1.0,1.0,1.0,5,6,11,1.9659258262890682,1.2588190451025207,0.21816851753197009,1.6234898018587334,0.49999999999999956,1.8660254037844384,2,1
110494,1.0,3.0,1.0,1.0,1.0,16,7,1,0.13397459621556151,0.49999999999999956,0.9999999999999998,2.0,1.5,1.8660254037844388,2,1
116905,1.0,1.0,1.0,1.0,1.0,19,6,8,0.03407417371093158,1.2588190451025203,0.21816851753197009,1.6234898018587334,0.13397459621556151,0.49999999999999956,1,1
195955,2.0,2.0,1.0,2.0,1.0,17,2,10,0.03407417371093169,0.7411809548974794,1.9749279121818235,0.7774790660436857,0.1339745962155614,1.5,1,1
163563,1.0,1.0,1.0,1.0,1.0,18,6,8,0.0,0.9999999999999998,0.21816851753197009,1.6234898018587334,0.13397459621556151,0.49999999999999956,1,1
125388,3.0,1.0,3.0,3.0,1.0,11,3,4,1.258819045102521,0.0340741737109318,1.4338837391175583,0.09903113209758097,1.8660254037844388,0.5000000000000002,1,1
181706,1.0,1.0,1.0,1.0,1.0,14,6,2,0.5000000000000002,0.13397459621556118,0.21816851753197009,1.6234898018587334,1.8660254037844386,1.5,1,1
198083,1.0,2.0,3.0,1.0,1.0,18,4,8,0.0,0.9999999999999998,0.5661162608824419,0.09903113209758085,0.13397459621556151,0.49999999999999956,1,1
49690,1.0,1.0,2.0,1.0,1.0,15,4,7,0.29289321881345287,0.2928932188134521,0.5661162608824419,0.09903113209758085,0.5000000000000002,0.13397459621556118,1,1
13075,1.0,1.0,2.0,1.0,1.0,14,7,9,0.5000000000000002,0.13397459621556118,0.9999999999999998,2.0,0.0,0.9999999999999998,2,1
191985,1.0,1.0,2.0,1.0,1.0,15,7,3,0.29289321881345287,0.2928932188134521,0.9999999999999998,2.0,2.0,1.0,2,1
76563,1.0,2.0,2.0,1.0,1.0,18,6,10,0.0,0.9999999999999998,0.21816851753197009,1.6234898018587334,0.1339745962155614,1.5,1,1
52114,2.0,1.0,1.0,2.0,1.0,8,2,10,1.8660254037844388,0.5000000000000002,1.9749279121818235,0.7774790660436857,0.1339745962155614,1.5,1,1
185925,3.0,1.0,3.0,3.0,1.0,13,5,1,0.7411809548974793,0.03407417371093169,0.02507208781817638,0.7774790660436854,1.5,1.8660254037844388,1,1
112124,1.0,1.0,3.0,1.0,1.0,16,1,2,0.13397459621556151,0.49999999999999956,1.78183148246803,1.6234898018587336,1.8660254037844386,1.5,2,1
28146,1.0,1.0,1.0,1.0,1.0,8,1,11,1.8660254037844388,0.5000000000000002,1.78183148246803,1.6234898018587336,0.49999999999999956,1.8660254037844384,2,1
106302,1.0,1.0,2.0,1.0,1.0,17,3,7,0.03407417371093169,0.7411809548974794,1.4338837391175583,0.09903113209758097,0.5000000000000002,0.13397459621556118,1,1
155983,1.0,3.0,1.0,1.0,1.0,18,2,12,0.0,0.9999999999999998,1.9749279121818235,0.7774790660436857,0.9999999999999998,2.0,1,1
72666,1.0,1.0,3.0,1.0,1.0,6,5,4,2.0,1.0,0.02507208781817638,0.7774790660436854,1.8660254037844388,0.5000000000000002,1,1
121486,1.0,1.0,2.0,1.0,1.0,13,3,8,0.7411809548974793,0.03407417371093169,1.4338837391175583,0.09903113209758097,0.13397459621556151,0.49999999999999956,1,1
191719,2.0,3.0,2.0,2.0,1.0,16,5,12,0.13397459621556151,0.49999999999999956,0.02507208781817638,0.7774790660436854,0.9999999999999998,2.0,2,1
133112,1.0,1.0,2.0,1.0,1.0,14,3,11,0.5000000000000002,0.13397459621556118,1.4338837391175583,0.09903113209758097,0.49999999999999956,1.8660254037844384,1,1
109700,1.0,1.0,1.0,1.0,1.0,13,3,12,0.7411809548974793,0.03407417371093169,1.4338837391175583,0.09903113209758097,0.9999999999999998,2.0,1,0
112621,1.0,1.0,1.0,1.0,1.0,13,4,12,0.7411809548974793,0.03407417371093169,0.5661162608824419,0.09903113209758085,0.9999999999999998,2.0,1,1
46277,2.0,2.0,1.0,2.0,1.0,17,2,2,0.03407417371093169,0.7411809548974794,1.9749279121818235,0.7774790660436857,1.8660254037844386,1.5,1,1
179422,1.0,4.0,3.0,1.0,1.0,22,7,7,0.49999999999999956,1.8660254037844384,0.9999999999999998,2.0,0.5000000000000002,0.13397459621556118,2,1
78180,1.0,1.0,2.0,1.0,1.0,7,3,10,1.9659258262890682,0.7411809548974794,1.4338837391175583,0.09903113209758097,0.1339745962155614,1.5,2,1
117590,1.0,3.0,3.0,1.0,1.0,19,6,9,0.03407417371093158,1.2588190451025203,0.21816851753197009,1.6234898018587334,0.0,0.9999999999999998,1,1
203818,1.0,1.0,3.0,1.0,1.0,19,5,10,0.03407417371093158,1.2588190451025203,0.02507208781817638,0.7774790660436854,0.1339745962155614,1.5,1,0
123683,1.0,3.0,1.0,1.0,1.0,20,3,9,0.1339745962155614,1.5,1.4338837391175583,0.09903113209758097,0.0,0.9999999999999998,1,1
72882,1.0,1.0,2.0,1.0,1.0,6,7,6,2.0,1.0,0.9999999999999998,2.0,1.0000000000000002,0.0,2,1
120700,1.0,1.0,2.0,1.0,1.0,19,4,4,0.03407417371093158,1.2588190451025203,0.5661162608824419,0.09903113209758085,1.8660254037844388,0.5000000000000002,1,1
42851,2.0,1.0,3.0,2.0,1.0,14,6,7,0.5000000000000002,0.13397459621556118,0.21816851753197009,1.6234898018587334,0.5000000000000002,0.13397459621556118,2,1
36088,1.0,1.0,2.0,1.0,1.0,12,2,6,1.0000000000000002,0.0,1.9749279121818235,0.7774790660436857,1.0000000000000002,0.0,1,0
162038,1.0,1.0,2.0,1.0,1.0,17,7,4,0.03407417371093169,0.7411809548974794,0.9999999999999998,2.0,1.8660254037844388,0.5000000000000002,2,1
195271,2.0,3.0,1.0,2.0,1.0,22,6,3,0.49999999999999956,1.8660254037844384,0.21816851753197009,1.6234898018587334,2.0,1.0,2,1
81951,1.0,1.0,1.0,1.0,1.0,18,4,8,0.0,0.9999999999999998,0.5661162608824419,0.09903113209758085,0.13397459621556151,0.49999999999999956,2,1
61122,2.0,1.0,2.0,2.0,1.0,11,5,5,1.258819045102521,0.0340741737109318,0.02507208781817638,0.7774790660436854,1.5,0.1339745962155613,1,1
23845,2.0,2.0,2.0,2.0,1.0,19,2,8,0.03407417371093158,1.2588190451025203,1.9749279121818235,0.7774790660436857,0.13397459621556151,0.49999999999999956,1,1
31507,1.0,1.0,2.0,1.0,1.0,8,3,9,1.8660254037844388,0.5000000000000002,1.4338837391175583,0.09903113209758097,0.0,0.9999999999999998,2,1
4458,1.0,3.0,3.0,1.0,1.0,22,1,7,0.49999999999999956,1.8660254037844384,1.78183148246803,1.6234898018587336,0.5000000000000002,0.13397459621556118,1,1
75805,1.0,3.0,1.0,1.0,1.0,21,4,8,0.2928932188134523,1.7071067811865475,0.5661162608824419,0.09903113209758085,0.13397459621556151,0.49999999999999956,1,1
13842,1.0,3.0,3.0,1.0,1.0,18,4,10,0.0,0.9999999999999998,0.5661162608824419,0.09903113209758085,0.1339745962155614,1.5,1,1
120502,1.0,4.0,1.0,1.0,1.0,22,5,10,0.49999999999999956,1.8660254037844384,0.02507208781817638,0.7774790660436854,0.1339745962155614,1.5,1,0
51695,1.0,1.0,1.0,1.0,1.0,12,1,10,1.0000000000000002,0.0,1.78183148246803,1.6234898018587336,0.1339745962155614,1.5,1,1
151849,1.0,3.0,1.0,1.0,1.0,4,1,10,1.8660254037844386,1.5,1.78183148246803,1.6234898018587336,0.1339745962155614,1.5,1,1
139722,1.0,3.0,1.0,2.0,1.0,18,4,12,0.0,0.9999999999999998,0.5661162608824419,0.09903113209758085,0.9999999999999998,2.0,1,1
81806,1.0,1.0,3.0,1.0,1.0,15,6,11,0.29289321881345287,0.2928932188134521,0.21816851753197009,1.6234898018587334,0.49999999999999956,1.8660254037844384,1,1
35481,1.0,1.0,1.0,1.0,1.0,15,6,5,0.29289321881345287,0.2928932188134521,0.21816851753197009,1.6234898018587334,1.5,0.1339745962155613,1,1
108205,1.0,2.0,3.0,1.0,1.0,18,5,3,0.0,0.9999999999999998,0.02507208781817638,0.7774790660436854,2.0,1.0,2,1
97388,2.0,3.0,1.0,2.0,1.0,20,6,6,0.1339745962155614,1.5,0.21816851753197009,1.6234898018587334,1.0000000000000002,0.0,1,1
166717,1.0,3.0,1.0,1.0,1.0,17,2,3,0.03407417371093169,0.7411809548974794,1.9749279121818235,0.7774790660436857,2.0,1.0,2,1
112259,3.0,3.0,1.0,4.0,1.0,23,4,11,0.7411809548974784,1.9659258262890682,0.5661162608824419,0.09903113209758085,0.49999999999999956,1.8660254037844384,1,1
146619,1.0,1.0,1.0,1.0,1.0,17,2,5,0.03407417371093169,0.7411809548974794,1.9749279121818235,0.7774790660436857,1.5,0.1339745962155613,1,1
57511,1.0,1.0,1.0,2.0,1.0,9,6,9,1.7071067811865475,0.29289321881345254,0.21816851753197009,1.6234898018587334,0.0,0.9999999999999998,1,1
88281,1.0,1.0,1.0,1.0,1.0,17,4,9,0.03407417371093169,0.7411809548974794,0.5661162608824419,0.09903113209758085,0.0,0.9999999999999998,1,1
186885,1.0,1.0,2.0,3.0,1.0,14,2,1,0.5000000000000002,0.13397459621556118,1.9749279121818235,0.7774790660436857,1.5,1.8660254037844388,1,1
64117,2.0,1.0,3.0,2.0,1.0,16,6,1,0.13397459621556151,0.49999999999999956,0.21816851753197009,1.6234898018587334,1.5,1.8660254037844388,2,1
134906,1.0,3.0,3.0,1.0,1.0,22,1,3,0.49999999999999956,1.8660254037844384,1.78183148246803,1.6234898018587336,2.0,1.0,1,1
189863,1.0,1.0,1.0,1.0,1.0,16,2,4,0.13397459621556151,0.49999999999999956,1.9749279121818235,0.7774790660436857,1.8660254037844388,0.5000000000000002,1,1
10629,1.0,3.0,3.0,1.0,1.0,20,3,4,0.1339745962155614,1.5,1.4338837391175583,0.09903113209758097,1.8660254037844388,0.5000000000000002,2,1
91950,4.0,1.0,1.0,2.0,1.0,15,3,9,0.29289321881345287,0.2928932188134521,1.4338837391175583,0.09903113209758097,0.0,0.9999999999999998,1,1
61369,1.0,1.0,1.0,1.0,1.0,12,6,5,1.0000000000000002,0.0,0.21816851753197009,1.6234898018587334,1.5,0.1339745962155613,1,1
196375,2.0,3.0,1.0,2.0,1.0,16,7,12,0.13397459621556151,0.49999999999999956,0.9999999999999998,2.0,0.9999999999999998,2.0,1,1
85149,1.0,1.0,1.0,1.0,1.0,11,3,4,1.258819045102521,0.0340741737109318,1.4338837391175583,0.09903113209758097,1.8660254037844388,0.5000000000000002,2,1
59748,1.0,1.0,2.0,1.0,1.0,16,4,5,0.13397459621556151,0.49999999999999956,0.5661162608824419,0.09903113209758085,1.5,0.1339745962155613,1,1
182117,1.0,1.0,3.0,1.0,1.0,15,5,7,0.29289321881345287,0.2928932188134521,0.02507208781817638,0.7774790660436854,0.5000000000000002,0.13397459621556118,2,1
182983,1.0,3.0,1.0,1.0,1.0,20,6,3,0.1339745962155614,1.5,0.21816851753197009,1.6234898018587334,2.0,1.0,1,1
99953,1.0,1.0,3.0,1.0,1.0,13,2,3,0.7411809548974793,0.03407417371093169,1.9749279121818235,0.7774790660436857,2.0,1.0,1,1
157502,1.0,1.0,3.0,1.0,1.0,17,6,8,0.03407417371093169,0.7411809548974794,0.21816851753197009,1.6234898018587334,0.13397459621556151,0.49999999999999956,2,1
114657,1.0,3.0,2.0,1.0,1.0,21,6,10,0.2928932188134523,1.7071067811865475,0.21816851753197009,1.6234898018587334,0.1339745962155614,1.5,1,1
180728,1.0,1.0,1.0,1.0,1.0,15,7,6,0.29289321881345287,0.2928932188134521,0.9999999999999998,2.0,1.0000000000000002,0.0,1,1
14791,1.0,1.0,3.0,1.0,1.0,15,4,5,0.29289321881345287,0.2928932188134521,0.5661162608824419,0.09903113209758085,1.5,0.1339745962155613,2,1
184537,1.0,3.0,3.0,1.0,1.0,3,3,8,1.7071067811865475,1.7071067811865475,1.4338837391175583,0.09903113209758097,0.13397459621556151,0.49999999999999956,2,1
207408,1.0,3.0,3.0,2.0,1.0,16,7,12,0.13397459621556151,0.49999999999999956,0.9999999999999998,2.0,0.9999999999999998,2.0,1,1
160237,1.0,3.0,1.0,1.0,1.0,19,1,12,0.03407417371093158,1.2588190451025203,1.78183148246803,1.6234898018587336,0.9999999999999998,2.0,1,1
39311,1.0,1.0,2.0,1.0,1.0,15,3,3,0.29289321881345287,0.2928932188134521,1.4338837391175583,0.09903113209758097,2.0,1.0,1,1
157899,1.0,4.0,2.0,1.0,1.0,23,6,4,0.7411809548974784,1.9659258262890682,0.21816851753197009,1.6234898018587334,1.8660254037844388,0.5000000000000002,2,1
45396,1.0,1.0,3.0,1.0,1.0,15,1,10,0.29289321881345287,0.2928932188134521,1.78183148246803,1.6234898018587336,0.1339745962155614,1.5,1,1
112969,1.0,1.0,1.0,2.0,1.0,14,1,9,0.5000000000000002,0.13397459621556118,1.78183148246803,1.6234898018587336,0.0,0.9999999999999998,1,1
123125,1.0,3.0,1.0,1.0,1.0,20,7,3,0.1339745962155614,1.5,0.9999999999999998,2.0,2.0,1.0,1,1
29549,3.0,1.0,1.0,3.0,1.0,16,7,1,0.13397459621556151,0.49999999999999956,0.9999999999999998,2.0,1.5,1.8660254037844388,2,1
159639,1.0,1.0,3.0,1.0,1.0,16,5,5,0.13397459621556151,0.49999999999999956,0.02507208781817638,0.7774790660436854,1.5,0.1339745962155613,1,1
163230,1.0,1.0,1.0,1.0,1.0,10,7,6,1.5,0.1339745962155613,0.9999999999999998,2.0,1.0000000000000002,0.0,1,1
4311,3.0,1.0,2.0,2.0,1.0,12,4,12,1.0000000000000002,0.0,0.5661162608824419,0.09903113209758085,0.9999999999999998,2.0,1,1
209104,1.0,1.0,2.0,1.0,1.0,10,7,2,1.5,0.1339745962155613,0.9999999999999998,2.0,1.8660254037844386,1.5,1,1
167557,1.0,4.0,1.0,1.0,1.0,20,7,8,0.1339745962155614,1.5,0.9999999999999998,2.0,0.13397459621556151,0.49999999999999956,2,1
58291,1.0,1.0,2.0,1.0,1.0,9,4,1,1.7071067811865475,0.29289321881345254,0.5661162608824419,0.09903113209758085,1.5,1.8660254037844388,2,1
813,1.0,1.0,1.0,1.0,1.0,11,3,8,1.258819045102521,0.0340741737109318,1.4338837391175583,0.09903113209758097,0.13397459621556151,0.49999999999999956,1,1
208985,1.0,1.0,1.0,1.0,1.0,16,6,5,0.13397459621556151,0.49999999999999956,0.21816851753197009,1.6234898018587334,1.5,0.1339745962155613,2,1
111566,1.0,1.0,2.0,1.0,1.0,18,5,6,0.0,0.9999999999999998,0.02507208781817638,0.7774790660436854,1.0000000000000002,0.0,1,1
162838,1.0,1.0,3.0,1.0,1.0,18,2,7,0.0,0.9999999999999998,1.9749279121818235,0.7774790660436857,0.5000000000000002,0.13397459621556118,2,1
25224,1.0,3.0,1.0,1.0,1.0,18,1,11,0.0,0.9999999999999998,1.78183148246803,1.6234898018587336,0.49999999999999956,1.8660254037844384,2,1
105242,1.0,1.0,3.0,1.0,1.0,12,6,8,1.0000000000000002,0.0,0.21816851753197009,1.6234898018587334,0.13397459621556151,0.49999999999999956,2,1
60987,1.0,3.0,3.0,1.0,1.0,18,6,10,0.0,0.9999999999999998,0.21816851753197009,1.6234898018587334,0.1339745962155614,1.5,2,1
29013,1.0,1.0,1.0,1.0,1.0,13,7,1,0.7411809548974793,0.03407417371093169,0.9999999999999998,2.0,1.5,1.8660254037844388,1,1
97399,1.0,1.0,1.0,1.0,1.0,16,5,2,0.13397459621556151,0.49999999999999956,0.02507208781817638,0.7774790660436854,1.8660254037844386,1.5,2,1
180371,1.0,1.0,1.0,1.0,1.0,10,5,2,1.5,0.1339745962155613,0.02507208781817638,0.7774790660436854,1.8660254037844386,1.5,1,1
181672,1.0,1.0,2.0,1.0,1.0,10,4,12,1.5,0.1339745962155613,0.5661162608824419,0.09903113209758085,0.9999999999999998,2.0,1,1
201841,1.0,3.0,1.0,1.0,1.0,20,1,10,0.1339745962155614,1.5,1.78183148246803,1.6234898018587336,0.1339745962155614,1.5,2,1
164197,1.0,1.0,1.0,1.0,1.0,14,6,9,0.5000000000000002,0.13397459621556118,0.21816851753197009,1.6234898018587334,0.0,0.9999999999999998,1,1
85806,1.0,1.0,2.0,1.0,1.0,15,2,11,0.29289321881345287,0.2928932188134521,1.9749279121818235,0.7774790660436857,0.49999999999999956,1.8660254037844384,1,1
83727,3.0,1.0,1.0,1.0,1.0,15,6,12,0.29289321881345287,0.2928932188134521,0.21816851753197009,1.6234898018587334,0.9999999999999998,2.0,1,1
191627,1.0,1.0,2.0,1.0,1.0,16,1,9,0.13397459621556151,0.49999999999999956,1.78183148246803,1.6234898018587336,0.0,0.9999999999999998,1,1
76807,2.0,3.0,1.0,2.0,1.0,23,7,6,0.7411809548974784,1.9659258262890682,0.9999999999999998,2.0,1.0000000000000002,0.0,1,1
14617,1.0,3.0,3.0,1.0,1.0,5,3,1,1.9659258262890682,1.2588190451025207,1.4338837391175583,0.09903113209758097,1.5,1.8660254037844388,1,1
159803,1.0,2.0,3.0,1.0,1.0,15,3,12,0.29289321881345287,0.2928932188134521,1.4338837391175583,0.09903113209758097,0.9999999999999998,2.0,2,1
205523,1.0,1.0,2.0,1.0,1.0,12,6,11,1.0000000000000002,0.0,0.21816851753197009,1.6234898018587334,0.49999999999999956,1.8660254037844384,2,1
125330,1.0,3.0,1.0,4.0,1.0,21,1,12,0.2928932188134523,1.7071067811865475,1.78183148246803,1.6234898018587336,0.9999999999999998,2.0,2,1
34051,1.0,3.0,3.0,1.0,1.0,19,2,5,0.03407417371093158,1.2588190451025203,1.9749279121818235,0.7774790660436857,1.5,0.1339745962155613,2,1
70832,1.0,1.0,2.0,1.0,1.0,9,4,9,1.7071067811865475,0.29289321881345254,0.5661162608824419,0.09903113209758085,0.0,0.9999999999999998,1,1
96125,1.0,1.0,1.0,1.0,1.0,14,1,2,0.5000000000000002,0.13397459621556118,1.78183148246803,1.6234898018587336,1.8660254037844386,1.5,1,1
18924,1.0,1.0,1.0,1.0,1.0,11,5,10,1.258819045102521,0.0340741737109318,0.02507208781817638,0.7774790660436854,0.1339745962155614,1.5,1,1
15962,1.0,1.0,1.0,1.0,1.0,15,1,9,0.29289321881345287,0.2928932188134521,1.78183148246803,1.6234898018587336,0.0,0.9999999999999998,1,1
61753,1.0,3.0,3.0,1.0,1.0,19,4,10,0.03407417371093158,1.2588190451025203,0.5661162608824419,0.09903113209758085,0.1339745962155614,1.5,1,1
23864,1.0,1.0,1.0,1.0,1.0,15,6,9,0.29289321881345287,0.2928932188134521,0.21816851753197009,1.6234898018587334,0.0,0.9999999999999998,1,1
151943,1.0,1.0,1.0,1.0,1.0,12,1,2,1.0000000000000002,0.0,1.78183148246803,1.6234898018587336,1.8660254037844386,1.5,2,1