Unnamed: 0,weather_condition,lighting_condition,trafficway_type,roadway_surface_cond,road_defect,crash_hour,crash_day_of_week,crash_month,crash_hour_sin,crash_hour_cos,crash_day_sin,crash_day_cos,crash_month_sin,crash_month_cos,crash_type,intersection_related_i
94706,2.0,3.0,1.0,2.0,2.0,3,1,5,1.7071067811865475,1.7071067811865475,1.78183148246803,1.6234898018587336,1.5,0.1339745962155613,2,1
85692,1.0,3.0,1.0,1.0,1.0,3,4,11,1.7071067811865475,1.7071067811865475,0.5661162608824419,0.09903113209758085,0.49999999999999956,1.8660254037844384,2,1
133643,1.0,1.0,1.0,2.0,1.0,16,7,6,0.13397459621556151,0.49999999999999956,0.9999999999999998,2.0,1.0000000000000002,0.0,1,1
97032,1.0,3.0,1.0,1.0,1.0,19,5,6,0.03407417371093158,1.2588190451025203,0.02507208781817638,0.7774790660436854,1.0000000000000002,0.0,1,1
43952,2.0,1.0,2.0,2.0,1.0,13,3,3,0.7411809548974793,0.03407417371093169,1.4338837391175583,0.09903113209758097,2.0,1.0,1,1
10595,1.0,1.0,3.0,1.0,1.0,12,2,7,1.0000000000000002,0.0,1.9749279121818235,0.7774790660436857,0.5000000000000002,0.13397459621556118,1,1
166975,1.0,1.0,1.0,1.0,1.0,11,1,7,1.258819045102521,0.0340741737109318,1.78183148246803,1.6234898018587336,0.5000000000000002,0.13397459621556118,2,1
147750,1.0,1.0,2.0,1.0,1.0,17,5,9,0.03407417371093169,0.7411809548974794,0.02507208781817638,0.7774790660436854,0.0,0.9999999999999998,1,1
40809,1.0,1.0,3.0,1.0,1.0,14,5,8,0.5000000000000002,0.13397459621556118,0.02507208781817638,0.7774790660436854,0.13397459621556151,0.49999999999999956,1,1
146520,1.0,1.0,2.0,1.0,1.0,16,7,4,0.13397459621556151,0.49999999999999956,0.9999999999999998,2.0,1.8660254037844388,0.5000000000000002,1,1
206832,1.0,1.0,1.0,1.0,1.0,7,2,12,1.9659258262890682,0.7411809548974794,1.9749279121818235,0.7774790660436857,0.9999999999999998,2.0,1,0
94203,1.0,3.0,1.0,1.0,1.0,21,6,11,0.2928932188134523,1.7071067811865475,0.21816851753197009,1.6234898018587334,0.49999999999999956,1.8660254037844384,1,1
63985,1.0,1.0,2.0,1.0,1.0,13,6,5,0.7411809548974793,0.03407417371093169,0.21816851753197009,1.6234898018587334,1.5,0.1339745962155613,1,0
23181,1.0,1.0,2.0,3.0,1.0,9,2,1,1.7071067811865475,0.29289321881345254,1.9749279121818235,0.7774790660436857,1.5,1.8660254037844388,1,1
69403,1.0,1.0,2.0,2.0,1.0,8,3,11,1.8660254037844388,0.5000000000000002,1.4338837391175583,0.09903113209758097,0.49999999999999956,1.8660254037844384,2,1
29240,1.0,1.0,3.0,1.0,1.0,10,7,7,1.5,0.1339745962155613,0.9999999999999998,2.0,0.5000000000000002,0.13397459621556118,2,1
73974,1.0,1.0,1.0,1.0,1.0,8,3,8,1.8660254037844388,0.5000000000000002,1.4338837391175583,0.09903113209758097,0.13397459621556151,0.49999999999999956,1,1
208752,1.0,1.0,1.0,2.0,1.0,11,5,1,1.258819045102521,0.0340741737109318,0.02507208781817638,0.7774790660436854,1.5,1.8660254037844388,2,1
1237,1.0,3.0,2.0,1.0,1.0,22,6,7,0.49999999999999956,1.8660254037844384,0.21816851753197009,1.6234898018587334,0.5000000000000002,0.13397459621556118,2,1
70690,3.0,3.0,2.0,3.0,1.0,5,6,2,1.9659258262890682,1.2588190451025207,0.21816851753197009,1.6234898018587334,1.8660254037844386,1.5,2,1
17847,1.0,1.0,3.0,1.0,1.0,12,6,9,1.0000000000000002,0.0,0.21816851753197009,1.6234898018587334,0.0,0.9999999999999998,1,1
115780,2.0,2.0,2.0,2.0,1.0,17,3,11,0.03407417371093169,0.7411809548974794,1.4338837391175583,0.09903113209758097,0.49999999999999956,1.8660254037844384,1,1
17139,1.0,1.0,1.0,1.0,1.0,15,3,7,0.29289321881345287,0.2928932188134521,1.4338837391175583,0.09903113209758097,0.5000000000000002,0.13397459621556118,1,1
200896,1.0,1.0,3.0,1.0,3.0,15,2,9,0.29289321881345287,0.2928932188134521,1.9749279121818235,0.7774790660436857,0.0,0.9999999999999998,1,0
192752,1.0,1.0,3.0,1.0,1.0,11,4,1,1.258819045102521,0.0340741737109318,0.5661162608824419,0.09903113209758085,1.5,1.8660254037844388,1,1
101614,1.0,4.0,3.0,1.0,1.0,22,3,4,0.49999999999999956,1.8660254037844384,1.4338837391175583,0.09903113209758097,1.8660254037844388,0.5000000000000002,1,1
164671,2.0,1.0,1.0,2.0,1.0,13,2,8,0.7411809548974793,0.03407417371093169,1.9749279121818235,0.7774790660436857,0.13397459621556151,0.49999999999999956,1,1
180056,1.0,3.0,2.0,1.0,1.0,19,7,11,0.03407417371093158,1.2588190451025203,0.9999999999999998,2.0,0.49999999999999956,1.8660254037844384,1,1
98191,1.0,1.0,1.0,2.0,1.0,8,5,12,1.8660254037844388,0.5000000000000002,0.02507208781817638,0.7774790660436854,0.9999999999999998,2.0,2,1
99944,2.0,1.0,1.0,2.0,1.0,11,2,10,1.258819045102521,0.0340741737109318,1.9749279121818235,0.7774790660436857,0.1339745962155614,1.5,1,1
24342,1.0,1.0,2.0,1.0,1.0,10,6,4,1.5,0.1339745962155613,0.21816851753197009,1.6234898018587334,1.8660254037844388,0.5000000000000002,1,1
13724,1.0,1.0,2.0,1.0,1.0,15,6,10,0.29289321881345287,0.2928932188134521,0.21816851753197009,1.6234898018587334,0.1339745962155614,1.5,1,1
134983,1.0,4.0,1.0,1.0,1.0,22,5,9,0.49999999999999956,1.8660254037844384,0.02507208781817638,0.7774790660436854,0.0,0.9999999999999998,1,1
114724,2.0,1.0,1.0,1.0,1.0,11,6,6,1.258819045102521,0.0340741737109318,0.21816851753197009,1.6234898018587334,1.0000000000000002,0.0,1,1
15362,1.0,1.0,3.0,1.0,1.0,11,2,10,1.258819045102521,0.0340741737109318,1.9749279121818235,0.7774790660436857,0.1339745962155614,1.5,1,1
13433,1.0,1.0,2.0,1.0,1.0,15,3,10,0.29289321881345287,0.2928932188134521,1.4338837391175583,0.09903113209758097,0.1339745962155614,1.5,2,1
208326,2.0,3.0,3.0,2.0,1.0,17,6,12,0.03407417371093169,0.7411809548974794,0.21816851753197009,1.6234898018587334,0.9999999999999998,2.0,1,1
208706,1.0,3.0,3.0,1.0,1.0,18,4,1,0.0,0.9999999999999998,0.5661162608824419,0.09903113209758085,1.5,1.8660254037844388,2,1
205474,1.0,3.0,2.0,1.0,1.0,21,5,12,0.2928932188134523,1.7071067811865475,0.02507208781817638,0.7774790660436854,0.9999999999999998,2.0,1,1
106959,1.0,3.0,2.0,1.0,1.0,18,3,12,0.0,0.9999999999999998,1.4338837391175583,0.09903113209758097,0.9999999999999998,2.0,2,1
52991,1.0,1.0,2.0,1.0,1.0,16,6,4,0.13397459621556151,0.49999999999999956,0.21816851753197009,1.6234898018587334,1.8660254037844388,0.5000000000000002,1,1
130470,1.0,3.0,3.0,1.0,1.0,18,7,10,0.0,0.9999999999999998,0.9999999999999998,2.0,0.1339745962155614,1.5,2,1
73841,2.0,1.0,1.0,2.0,1.0,8,4,4,1.8660254037844388,0.5000000000000002,0.5661162608824419,0.09903113209758085,1.8660254037844388,0.5000000000000002,2,1
25136,1.0,3.0,1.0,1.0,1.0,22,7,5,0.49999999999999956,1.8660254037844384,0.9999999999999998,2.0,1.5,0.1339745962155613,1,1
3030,1.0,1.0,3.0,1.0,1.0,16,6,8,0.13397459621556151,0.49999999999999956,0.21816851753197009,1.6234898018587334,0.13397459621556151,0.49999999999999956,1,1
79811,1.0,2.0,1.0,1.0,1.0,16,5,11,0.13397459621556151,0.49999999999999956,0.02507208781817638,0.7774790660436854,0.49999999999999956,1.8660254037844384,1,1
18416,1.0,1.0,2.0,1.0,1.0,19,4,8,0.03407417371093158,1.2588190451025203,0.5661162608824419,0.09903113209758085,0.13397459621556151,0.49999999999999956,1,1
103231,2.0,2.0,1.0,2.0,1.0,15,5,10,0.29289321881345287,0.2928932188134521,0.02507208781817638,0.7774790660436854,0.1339745962155614,1.5,1,1
110493,1.0,1.0,1.0,1.0,1.0,14,3,5,0.5000000000000002,0.13397459621556118,1.4338837391175583,0.09903113209758097,1.5,0.1339745962155613,1,1
117458,1.0,3.0,4.0,1.0,1.0,4,2,5,1.8660254037844386,1.5,1.9749279121818235,0.7774790660436857,1.5,0.1339745962155613,2,1
193364,2.0,3.0,1.0,2.0,1.0,21,5,2,0.2928932188134523,1.7071067811865475,0.02507208781817638,0.7774790660436854,1.8660254037844386,1.5,1,1
83936,1.0,3.0,1.0,1.0,1.0,21,5,1,0.2928932188134523,1.7071067811865475,0.02507208781817638,0.7774790660436854,1.5,1.8660254037844388,1,1
162250,1.0,1.0,1.0,1.0,1.0,8,3,11,1.8660254037844388,0.5000000000000002,1.4338837391175583,0.09903113209758097,0.49999999999999956,1.8660254037844384,1,1
114829,1.0,1.0,2.0,1.0,1.0,8,2,11,1.8660254037844388,0.5000000000000002,1.9749279121818235,0.7774790660436857,0.49999999999999956,1.8660254037844384,2,1
166012,1.0,1.0,3.0,1.0,1.0,9,5,3,1.7071067811865475,0.29289321881345254,0.02507208781817638,0.7774790660436854,2.0,1.0,1,1
197441,1.0,3.0,3.0,1.0,1.0,20,5,8,0.1339745962155614,1.5,0.02507208781817638,0.7774790660436854,0.13397459621556151,0.49999999999999956,2,1
145436,1.0,1.0,1.0,1.0,1.0,12,7,4,1.0000000000000002,0.0,0.9999999999999998,2.0,1.8660254037844388,0.5000000000000002,2,1
198033,1.0,1.0,1.0,1.0,1.0,7,3,9,1.9659258262890682,0.7411809548974794,1.4338837391175583,0.09903113209758097,0.0,0.9999999999999998,1,1
102724,2.0,1.0,2.0,2.0,1.0,13,7,4,0.7411809548974793,0.03407417371093169,0.9999999999999998,2.0,1.8660254037844388,0.5000000000000002,1,1
24984,1.0,2.0,2.0,1.0,1.0,18,7,8,0.0,0.9999999999999998,0.9999999999999998,2.0,0.13397459621556151,0.49999999999999956,2,1
57202,1.0,3.0,1.0,1.0,1.0,21,7,4,0.2928932188134523,1.7071067811865475,0.9999999999999998,2.0,1.8660254037844388,0.5000000000000002,1,1
167684,1.0,1.0,3.0,1.0,1.0,12,1,4,1.0000000000000002,0.0,1.78183148246803,1.6234898018587336,1.8660254037844388,0.5000000000000002,1,1
53011,1.0,3.0,1.0,1.0,1.0,6,3,3,2.0,1.0,1.4338837391175583,0.09903113209758097,2.0,1.0,1,1
28095,1.0,1.0,2.0,1.0,1.0,8,6,10,1.8660254037844388,0.5000000000000002,0.21816851753197009,1.6234898018587334,0.1339745962155614,1.5,1,1
80366,1.0,1.0,1.0,1.0,1.0,16,2,5,0.13397459621556151,0.49999999999999956,1.9749279121818235,0.7774790660436857,1.5,0.1339745962155613,1,1
62515,1.0,3.0,1.0,1.0,1.0,22,3,6,0.49999999999999956,1.8660254037844384,1.4338837391175583,0.09903113209758097,1.0000000000000002,0.0,1,1
79874,1.0,1.0,1.0,1.0,1.0,13,1,10,0.7411809548974793,0.03407417371093169,1.78183148246803,1.6234898018587336,0.1339745962155614,1.5,1,1
63950,1.0,1.0,3.0,1.0,1.0,15,1,3,0.29289321881345287,0.2928932188134521,1.78183148246803,1.6234898018587336,2.0,1.0,2,1
103995,1.0,1.0,2.0,1.0,1.0,7,5,10,1.9659258262890682,0.7411809548974794,0.02507208781817638,0.7774790660436854,0.1339745962155614,1.5,2,1
119066,1.0,1.0,3.0,1.0,1.0,16,3,2,0.13397459621556151,0.49999999999999956,1.4338837391175583,0.09903113209758097,1.8660254037844386,1.5,2,1
33712,1.0,1.0,1.0,2.0,1.0,15,7,11,0.29289321881345287,0.2928932188134521,0.9999999999999998,2.0,0.49999999999999956,1.8660254037844384,1,1
24756,1.0,1.0,3.0,1.0,1.0,11,7,11,1.258819045102521,0.0340741737109318,0.9999999999999998,2.0,0.49999999999999956,1.8660254037844384,2,1
160589,2.0,3.0,1.0,2.0,1.0,17,6,1,0.03407417371093169,0.7411809548974794,0.21816851753197009,1.6234898018587334,1.5,1.8660254037844388,1,1
18463,1.0,1.0,1.0,2.0,1.0,12,3,6,1.0000000000000002,0.0,1.4338837391175583,0.09903113209758097,1.0000000000000002,0.0,2,1
178583,1.0,1.0,1.0,1.0,1.0,14,2,10,0.5000000000000002,0.13397459621556118,1.9749279121818235,0.7774790660436857,0.1339745962155614,1.5,2,1
174166,1.0,3.0,1.0,1.0,1.0,22,3,6,0.49999999999999956,1.8660254037844384,1.4338837391175583,0.09903113209758097,1.0000000000000002,0.0,1,1
141789,1.0,3.0,3.0,1.0,1.0,17,1,11,0.03407417371093169,0.7411809548974794,1.78183148246803,1.6234898018587336,0.49999999999999956,1.8660254037844384,2,1
9041,1.0,2.0,1.0,1.0,1.0,18,3,7,0.0,0.9999999999999998,1.4338837391175583,0.09903113209758097,0.5000000000000002,0.13397459621556118,1,1
193919,1.0,1.0,1.0,1.0,1.0,16,6,11,0.13397459621556151,0.49999999999999956,0.21816851753197009,1.6234898018587334,0.49999999999999956,1.8660254037844384,2,1
154078,1.0,3.0,2.0,1.0,1.0,22,6,10,0.49999999999999956,1.8660254037844384,0.21816851753197009,1.6234898018587334,0.1339745962155614,1.5,1,1
30355,1.0,3.0,1.0,1.0,1.0,21,5,3,0.2928932188134523,1.7071067811865475,0.02507208781817638,0.7774790660436854,2.0,1.0,2,1
149095,1.0,1.0,1.0,1.0,1.0,18,7,9,0.0,0.9999999999999998,0.9999999999999998,2.0,0.0,0.9999999999999998,2,1
180781,1.0,1.0,1.0,1.0,1.0,14,7,12,0.5000000000000002,0.13397459621556118,0.9999999999999998,2.0,0.9999999999999998,2.0,1,1
33502,1.0,3.0,1.0,1.0,1.0,19,2,10,0.03407417371093158,1.2588190451025203,1.9749279121818235,0.7774790660436857,0.1339745962155614,1.5,1,1
64549,2.0,1.0,2.0,2.0,1.0,9,6,3,1.7071067811865475,0.29289321881345254,0.21816851753197009,1.6234898018587334,2.0,1.0,2,1
153311,1.0,1.0,1.0,2.0,1.0,14,1,1,0.5000000000000002,0.13397459621556118,1.78183148246803,1.6234898018587336,1.5,1.8660254037844388,1,1
45950,1.0,1.0,2.0,1.0,1.0,15,3,5,0.29289321881345287,0.2928932188134521,1.4338837391175583,0.09903113209758097,1.5,0.1339745962155613,1,1
36832,1.0,3.0,1.0,1.0,1.0,23,4,7,0.7411809548974784,1.9659258262890682,0.5661162608824419,0.09903113209758085,0.5000000000000002,0.13397459621556118,1,1
112390,1.0,1.0,3.0,1.0,1.0,11,4,7,1.258819045102521,0.0340741737109318,0.5661162608824419,0.09903113209758085,0.5000000000000002,0.13397459621556118,2,1
203081,1.0,1.0,3.0,1.0,1.0,8,3,11,1.8660254037844388,0.5000000000000002,1.4338837391175583,0.09903113209758097,0.49999999999999956,1.8660254037844384,1,1
11252,1.0,1.0,1.0,2.0,1.0,8,5,9,1.8660254037844388,0.5000000000000002,0.02507208781817638,0.7774790660436854,0.0,0.9999999999999998,1,0
77567,1.0,3.0,1.0,1.0,1.0,23,7,10,0.7411809548974784,1.9659258262890682,0.9999999999999998,2.0,0.1339745962155614,1.5,2,1
193474,1.0,1.0,1.0,1.0,1.0,12,6,7,1.0000000000000002,0.0,0.21816851753197009,1.6234898018587334,0.5000000000000002,0.13397459621556118,1,1
116236,1.0,3.0,3.0,1.0,1.0,21,2,2,0.2928932188134523,1.7071067811865475,1.9749279121818235,0.7774790660436857,1.8660254037844386,1.5,1,1
70151,1.0,1.0,1.0,1.0,1.0,14,6,12,0.5000000000000002,0.13397459621556118,0.21816851753197009,1.6234898018587334,0.9999999999999998,2.0,1,1
6659,3.0,3.0,1.0,3.0,1.0,19,7,12,0.03407417371093158,1.2588190451025203,0.9999999999999998,2.0,0.9999999999999998,2.0,1,1
22068,1.0,3.0,2.0,1.0,1.0,3,1,8,1.7071067811865475,1.7071067811865475,1.78183148246803,1.6234898018587336,0.13397459621556151,0.49999999999999956,1,1
1826,1.0,1.0,3.0,1.0,1.0,11,2,8,1.258819045102521,0.0340741737109318,1.9749279121818235,0.7774790660436857,0.13397459621556151,0.49999999999999956,1,1
6573,2.0,1.0,1.0,2.0,1.0,13,6,9,0.7411809548974793,0.03407417371093169,0.21816851753197009,1.6234898018587334,0.0,0.9999999999999998,2,1
173736,1.0,1.0,1.0,1.0,1.0,16,4,10,0.13397459621556151,0.49999999999999956,0.5661162608824419,0.09903113209758085,0.1339745962155614,1.5,2,1
200861,1.0,2.0,2.0,1.0,1.0,5,7,10,1.9659258262890682,1.2588190451025207,0.9999999999999998,2.0,0.1339745962155614,1.5,2,1
175333,1.0,1.0,1.0,1.0,1.0,12,4,2,1.0000000000000002,0.0,0.5661162608824419,0.09903113209758085,1.8660254037844386,1.5,2,1
78774,2.0,2.0,3.0,4.0,1.0,5,6,11,1.9659258262890682,1.2588190451025207,0.21816851753197009,1.6234898018587334,0.49999999999999956,1.8660254037844384,2,1
203205,1.0,1.0,1.0,1.0,1.0,16,4,10,0.13397459621556151,0.49999999999999956,0.5661162608824419,0.09903113209758085,0.1339745962155614,1.5,2,1
110201,2.0,1.0,3.0,2.0,1.0,18,4,3,0.0,0.9999999999999998,0.5661162608824419,0.09903113209758085,2.0,1.0,1,1
202229,1.0,3.0,3.0,1.0,1.0,19,6,10,0.03407417371093158,1.2588190451025203,0.21816851753197009,1.6234898018587334,0.1339745962155614,1.5,2,1
121158,2.0,1.0,2.0,2.0,1.0,12,5,2,1.0000000000000002,0.0,0.02507208781817638,0.7774790660436854,1.8660254037844386,1.5,2,1
202911,1.0,2.0,3.0,1.0,1.0,5,1,11,1.9659258262890682,1.2588190451025207,1.78183148246803,1.6234898018587336,0.49999999999999956,1.8660254037844384,2,1
11652,1.0,1.0,2.0,1.0,1.0,17,6,10,0.03407417371093169,0.7411809548974794,0.21816851753197009,1.6234898018587334,0.1339745962155614,1.5,1,1
27575,1.0,1.0,1.0,1.0,1.0,17,7,5,0.03407417371093169,0.7411809548974794,0.9999999999999998,2.0,1.5,0.1339745962155613,1,1
34954,1.0,1.0,1.0,1.0,1.0,14,7,11,0.5000000000000002,0.13397459621556118,0.9999999999999998,2.0,0.49999999999999956,1.8660254037844384,2,1
207036,1.0,1.0,3.0,1.0,1.0,12,3,12,1.0000000000000002,0.0,1.4338837391175583,0.09903113209758097,0.9999999999999998,2.0,2,1
15494,2.0,3.0,1.0,2.0,1.0,4,6,10,1.8660254037844386,1.5,0.21816851753197009,1.6234898018587334,0.1339745962155614,1.5,2,1
35788,1.0,1.0,3.0,1.0,1.0,10,2,9,1.5,0.1339745962155613,1.9749279121818235,0.7774790660436857,0.0,0.9999999999999998,2,1
196703,1.0,1.0,3.0,1.0,1.0,16,3,5,0.13397459621556151,0.49999999999999956,1.4338837391175583,0.09903113209758097,1.5,0.1339745962155613,1,1
21030,1.0,1.0,2.0,1.0,2.0,16,2,8,0.13397459621556151,0.49999999999999956,1.9749279121818235,0.7774790660436857,0.13397459621556151,0.49999999999999956,2,1
51296,1.0,1.0,2.0,1.0,1.0,10,5,7,1.5,0.1339745962155613,0.02507208781817638,0.7774790660436854,0.5000000000000002,0.13397459621556118,1,1
139585,1.0,3.0,3.0,1.0,1.0,18,2,10,0.0,0.9999999999999998,1.9749279121818235,0.7774790660436857,0.1339745962155614,1.5,1,1
55875,1.0,1.0,2.0,1.0,1.0,15,6,5,0.29289321881345287,0.2928932188134521,0.21816851753197009,1.6234898018587334,1.5,0.1339745962155613,2,1
37693,1.0,3.0,1.0,1.0,1.0,18,6,1,0.0,0.9999999999999998,0.21816851753197009,1.6234898018587334,1.5,1.8660254037844388,2,1
44829,1.0,1.0,3.0,1.0,1.0,17,4,5,0.03407417371093169,0.7411809548974794,0.5661162608824419,0.09903113209758085,1.5,0.1339745962155613,1,1
119115,2.0,1.0,1.0,2.0,1.0,7,4,10,1.9659258262890682,0.7411809548974794,0.5661162608824419,0.09903113209758085,0.1339745962155614,1.5,1,1
204289,3.0,1.0,3.0,2.0,1.0,9,5,11,1.7071067811865475,0.29289321881345254,0.02507208781817638,0.7774790660436854,0.49999999999999956,1.8660254037844384,2,1
193116,1.0,1.0,1.0,1.0,1.0,12,3,12,1.0000000000000002,0.0,1.4338837391175583,0.09903113209758097,0.9999999999999998,2.0,1,1
170733,1.0,1.0,1.0,1.0,1.0,7,3,8,1.9659258262890682,0.7411809548974794,1.4338837391175583,0.09903113209758097,0.13397459621556151,0.49999999999999956,2,1
189873,1.0,1.0,1.0,1.0,1.0,6,2,8,2.0,1.0,1.9749279121818235,0.7774790660436857,0.13397459621556151,0.49999999999999956,1,1
170624,1.0,1.0,1.0,1.0,1.0,13,7,3,0.7411809548974793,0.03407417371093169,0.9999999999999998,2.0,2.0,1.0,1,1
13610,3.0,4.0,1.0,3.0,1.0,19,7,1,0.03407417371093158,1.2588190451025203,0.9999999999999998,2.0,1.5,1.8660254037844388,1,0
55725,1.0,1.0,2.0,1.0,1.0,13,4,6,0.7411809548974793,0.03407417371093169,0.5661162608824419,0.09903113209758085,1.0000000000000002,0.0,1,1
149171,1.0,1.0,3.0,1.0,1.0,12,7,3,1.0000000000000002,0.0,0.9999999999999998,2.0,2.0,1.0,1,1
5027,2.0,1.0,1.0,2.0,1.0,6,2,3,2.0,1.0,1.9749279121818235,0.7774790660436857,2.0,1.0,1,1
131575,1.0,1.0,1.0,1.0,1.0,12,5,5,1.0000000000000002,0.0,0.02507208781817638,0.7774790660436854,1.5,0.1339745962155613,2,1
7420,1.0,1.0,1.0,1.0,1.0,9,3,5,1.7071067811865475,0.29289321881345254,1.4338837391175583,0.09903113209758097,1.5,0.1339745962155613,1,1
47764,1.0,2.0,2.0,1.0,1.0,17,1,10,0.03407417371093169,0.7411809548974794,1.78183148246803,1.6234898018587336,0.1339745962155614,1.5,1,1
84348,1.0,1.0,3.0,1.0,1.0,15,4,3,0.29289321881345287,0.2928932188134521,0.5661162608824419,0.09903113209758085,2.0,1.0,1,1
35547,1.0,1.0,2.0,1.0,1.0,18,2,3,0.0,0.9999999999999998,1.9749279121818235,0.7774790660436857,2.0,1.0,2,1
150809,1.0,3.0,2.0,1.0,1.0,18,2,1,0.0,0.9999999999999998,1.9749279121818235,0.7774790660436857,1.5,1.8660254037844388,1,1
174738,1.0,1.0,1.0,1.0,1.0,13,4,3,0.7411809548974793,0.03407417371093169,0.5661162608824419,0.09903113209758085,2.0,1.0,1,0
82334,3.0,1.0,1.0,3.0,1.0,13,5,2,0.7411809548974793,0.03407417371093169,0.02507208781817638,0.7774790660436854,1.8660254037844386,1.5,1,1
99511,1.0,1.0,2.0,1.0,1.0,17,2,7,0.03407417371093169,0.7411809548974794,1.9749279121818235,0.7774790660436857,0.5000000000000002,0.13397459621556118,1,0
69172,1.0,1.0,2.0,1.0,1.0,16,4,1,0.13397459621556151,0.49999999999999956,0.5661162608824419,0.09903113209758085,1.5,1.8660254037844388,1,1
2499,1.0,3.0,1.0,1.0,1.0,22,7,11,0.49999999999999956,1.8660254037844384,0.9999999999999998,2.0,0.49999999999999956,1.8660254037844384,1,1
166269,1.0,1.0,3.0,1.0,1.0,20,4,4,0.1339745962155614,1.5,0.5661162608824419,0.09903113209758085,1.8660254037844388,0.5000000000000002,1,1
104889,1.0,1.0,1.0,1.0,1.0,12,6,8,1.0000000000000002,0.0,0.21816851753197009,1.6234898018587334,0.13397459621556151,0.49999999999999956,1,1
16088,1.0,1.0,1.0,1.0,1.0,10,2,4,1.5,0.1339745962155613,1.9749279121818235,0.7774790660436857,1.8660254037844388,0.5000000000000002,1,0
92421,1.0,1.0,2.0,1.0,1.0,15,6,12,0.29289321881345287,0.2928932188134521,0.21816851753197009,1.6234898018587334,0.9999999999999998,2.0,1,1
39070,1.0,1.0,1.0,1.0,1.0,11,5,9,1.258819045102521,0.0340741737109318,0.02507208781817638,0.7774790660436854,0.0,0.9999999999999998,1,1
109950,1.0,3.0,1.0,2.0,1.0,19,7,12,0.03407417371093158,1.2588190451025203,0.9999999999999998,2.0,0.9999999999999998,2.0,1,1
182858,1.0,1.0,1.0,1.0,1.0,18,7,5,0.0,0.9999999999999998,0.9999999999999998,2.0,1.5,0.1339745962155613,1,1
179439,1.0,3.0,2.0,1.0,1.0,23,1,9,0.7411809548974784,1.9659258262890682,1.78183148246803,1.6234898018587336,0.0,0.9999999999999998,2,1
100760,1.0,1.0,1.0,1.0,1.0,18,2,6,0.0,0.9999999999999998,1.9749279121818235,0.7774790660436857,1.0000000000000002,0.0,1,1
61969,3.0,1.0,2.0,3.0,1.0,16,7,4,0.13397459621556151,0.49999999999999956,0.9999999999999998,2.0,1.8660254037844388,0.5000000000000002,1,1
101451,1.0,1.0,1.0,1.0,1.0,19,4,5,0.03407417371093158,1.2588190451025203,0.5661162608824419,0.09903113209758085,1.5,0.1339745962155613,1,1
7439,1.0,2.0,1.0,1.0,1.0,15,5,12,0.29289321881345287,0.2928932188134521,0.02507208781817638,0.7774790660436854,0.9999999999999998,2.0,2,1
77796,1.0,3.0,2.0,3.0,1.0,17,5,2,0.03407417371093169,0.7411809548974794,0.02507208781817638,0.7774790660436854,1.8660254037844386,1.5,2,1
140899,1.0,1.0,2.0,1.0,1.0,14,3,10,0.5000000000000002,0.13397459621556118,1.4338837391175583,0.09903113209758097,0.1339745962155614,1.5,1,0
3233,1.0,1.0,1.8332037225905151,1.0,1.0,14,5,12,0.5000000000000002,0.13397459621556118,0.02507208781817638,0.7774790660436854,0.9999999999999998,2.0,1,1
15625,2.0,1.0,1.0,2.0,1.0,6,4,7,2.0,1.0,0.5661162608824419,0.09903113209758085,0.5000000000000002,0.13397459621556118,2,1
68158,1.0,1.0,1.0,1.0,3.0,16,1,5,0.13397459621556151,0.49999999999999956,1.78183148246803,1.6234898018587336,1.5,0.1339745962155613,1,1
8926,1.0,1.0,1.0,1.0,1.0,17,6,10,0.03407417371093169,0.7411809548974794,0.21816851753197009,1.6234898018587334,0.1339745962155614,1.5,2,0
187405,1.0,1.0,1.0,3.0,1.0,14,6,2,0.5000000000000002,0.13397459621556118,0.21816851753197009,1.6234898018587334,1.8660254037844386,1.5,1,1
163520,1.0,1.0,1.0,1.0,1.0,13,7,5,0.7411809548974793,0.03407417371093169,0.9999999999999998,2.0,1.5,0.1339745962155613,1,0
20414,1.0,1.0,1.0,1.0,1.0,8,3,10,1.8660254037844388,0.5000000000000002,1.4338837391175583,0.09903113209758097,0.1339745962155614,1.5,1,1
37769,1.0,1.0,1.0,1.0,1.0,13,2,4,0.7411809548974793,0.03407417371093169,1.9749279121818235,0.7774790660436857,1.8660254037844388,0.5000000000000002,1,1
143413,1.0,3.0,1.0,1.0,1.0,23,1,7,0.7411809548974784,1.9659258262890682,1.78183148246803,1.6234898018587336,0.5000000000000002,0.13397459621556118,1,1
204580,1.0,1.0,1.0,1.0,1.0,12,1,11,1.0000000000000002,0.0,1.78183148246803,1.6234898018587336,0.49999999999999956,1.8660254037844384,1,1
12453,1.0,1.0,1.0,1.0,1.0,20,2,8,0.1339745962155614,1.5,1.9749279121818235,0.7774790660436857,0.13397459621556151,0.49999999999999956,1,1
16646,2.0,2.0,1.0,2.0,1.0,6,4,9,2.0,1.0,0.5661162608824419,0.09903113209758085,0.0,0.9999999999999998,2,0
134943,1.0,1.0,3.0,1.0,1.0,14,7,11,0.5000000000000002,0.13397459621556118,0.9999999999999998,2.0,0.49999999999999956,1.8660254037844384,1,1
120052,1.0,2.0,1.0,1.0,1.0,20,4,7,0.1339745962155614,1.5,0.5661162608824419,0.09903113209758085,0.5000000000000002,0.13397459621556118,1,0
48228,1.0,1.0,1.0,1.0,1.0,14,3,4,0.5000000000000002,0.13397459621556118,1.4338837391175583,0.09903113209758097,1.8660254037844388,0.5000000000000002,1,1
188018,1.0,3.0,2.0,1.0,1.0,22,3,11,0.49999999999999956,1.8660254037844384,1.4338837391175583,0.09903113209758097,0.49999999999999956,1.8660254037844384,2,1