Unnamed: 0,weather_condition,lighting_condition,trafficway_type,roadway_surface_cond,road_defect,crash_hour,crash_day_of_week,crash_month,crash_hour_sin,crash_hour_cos,crash_day_sin,crash_day_cos,crash_month_sin,crash_month_cos,crash_type,intersection_related_i
85944,1.0,1.0,1.0,1.0,1.0,8,6,8,1.8660254037844388,0.5000000000000002,0.21816851753197009,1.6234898018587334,0.13397459621556151,0.49999999999999956,1,0
53483,1.0,1.0,1.0,1.0,1.0,6,2,9,2.0,1.0,1.9749279121818235,0.7774790660436857,0.0,0.9999999999999998,1,1
190600,1.0,1.0,1.0,1.0,1.0,17,3,3,0.03407417371093169,0.7411809548974794,1.4338837391175583,0.09903113209758097,2.0,1.0,1,1
28687,1.0,1.0,1.0,2.0,1.0,11,2,2,1.258819045102521,0.0340741737109318,1.9749279121818235,0.7774790660436857,1.8660254037844386,1.5,2,1
80933,1.0,1.0,1.0,1.0,1.0,10,4,7,1.5,0.1339745962155613,0.5661162608824419,0.09903113209758085,0.5000000000000002,0.13397459621556118,1,0
61882,1.0,1.0,2.0,1.0,1.0,12,4,10,1.0000000000000002,0.0,0.5661162608824419,0.09903113209758085,0.1339745962155614,1.5,1,1
61928,1.0,3.0,3.0,1.0,1.0,10,1,11,1.5,0.1339745962155613,1.78183148246803,1.6234898018587336,0.49999999999999956,1.8660254037844384,1,1
165667,1.0,2.0,2.0,1.0,1.0,18,5,2,0.0,0.9999999999999998,0.02507208781817638,0.7774790660436854,1.8660254037844386,1.5,1,1
77446,1.0,1.0,2.0,1.0,1.0,15,7,5,0.29289321881345287,0.2928932188134521,0.9999999999999998,2.0,1.5,0.1339745962155613,1,1
73799,1.0,1.0,1.0,1.0,1.0,13,2,6,0.7411809548974793,0.03407417371093169,1.9749279121818235,0.7774790660436857,1.0000000000000002,0.0,1,1
37132,1.0,1.0,1.0,1.0,1.0,19,3,5,0.03407417371093158,1.2588190451025203,1.4338837391175583,0.09903113209758097,1.5,0.1339745962155613,2,1
14531,1.0,3.0,1.0,1.0,4.0,21,5,9,0.2928932188134523,1.7071067811865475,0.02507208781817638,0.7774790660436854,0.0,0.9999999999999998,2,1
66838,1.0,1.0,2.0,1.0,1.0,15,4,1,0.29289321881345287,0.2928932188134521,0.5661162608824419,0.09903113209758085,1.5,1.8660254037844388,1,1
160254,1.0,1.0,1.0,1.0,1.0,13,3,4,0.7411809548974793,0.03407417371093169,1.4338837391175583,0.09903113209758097,1.8660254037844388,0.5000000000000002,1,1
69271,1.0,1.0,1.0,1.0,1.0,11,7,6,1.258819045102521,0.0340741737109318,0.9999999999999998,2.0,1.0000000000000002,0.0,1,1
134308,1.0,3.0,1.0,1.0,1.0,20,7,11,0.1339745962155614,1.5,0.9999999999999998,2.0,0.49999999999999956,1.8660254037844384,1,1
100565,1.0,3.0,1.0,1.0,1.0,20,7,3,0.1339745962155614,1.5,0.9999999999999998,2.0,2.0,1.0,2,1
137102,1.0,1.0,1.0,1.0,1.0,9,5,6,1.7071067811865475,0.29289321881345254,0.02507208781817638,0.7774790660436854,1.0000000000000002,0.0,1,1
136791,3.0,3.0,3.0,3.0,1.0,20,7,1,0.1339745962155614,1.5,0.9999999999999998,2.0,1.5,1.8660254037844388,2,1
168548,2.0,1.0,3.0,2.0,1.0,10,2,1,1.5,0.1339745962155613,1.9749279121818235,0.7774790660436857,1.5,1.8660254037844388,2,1
43981,1.0,1.0,1.0,1.0,1.0,15,6,2,0.29289321881345287,0.2928932188134521,0.21816851753197009,1.6234898018587334,1.8660254037844386,1.5,1,1
167646,1.0,1.0,3.0,1.0,1.0,11,6,2,1.258819045102521,0.0340741737109318,0.21816851753197009,1.6234898018587334,1.8660254037844386,1.5,2,1
173954,1.0,3.0,1.0,1.0,1.0,21,7,6,0.2928932188134523,1.7071067811865475,0.9999999999999998,2.0,1.0000000000000002,0.0,2,1
13918,1.0,1.0,2.0,1.0,1.0,11,5,3,1.258819045102521,0.0340741737109318,0.02507208781817638,0.7774790660436854,2.0,1.0,1,1
77096,1.0,1.0,1.0,1.0,1.0,17,6,6,0.03407417371093169,0.7411809548974794,0.21816851753197009,1.6234898018587334,1.0000000000000002,0.0,1,1
106316,1.0,1.0,1.0,1.0,1.0,16,3,5,0.13397459621556151,0.49999999999999956,1.4338837391175583,0.09903113209758097,1.5,0.1339745962155613,2,1
127533,3.0,2.0,3.0,2.0,1.0,18,6,3,0.0,0.9999999999999998,0.21816851753197009,1.6234898018587334,2.0,1.0,2,1
63407,1.0,1.0,1.0,1.0,1.0,15,3,10,0.29289321881345287,0.2928932188134521,1.4338837391175583,0.09903113209758097,0.1339745962155614,1.5,1,1
199226,1.0,1.0,1.0,1.0,1.0,7,2,9,1.9659258262890682,0.7411809548974794,1.9749279121818235,0.7774790660436857,0.0,0.9999999999999998,1,1
172114,3.0,1.0,1.0,2.0,1.0,6,6,2,2.0,1.0,0.21816851753197009,1.6234898018587334,1.8660254037844386,1.5,1,1
125529,1.0,1.0,1.0,1.0,1.0,17,7,3,0.03407417371093169,0.7411809548974794,0.9999999999999998,2.0,2.0,1.0,1,1
126768,1.0,1.0,2.0,1.0,1.0,15,7,4,0.29289321881345287,0.2928932188134521,0.9999999999999998,2.0,1.8660254037844388,0.5000000000000002,1,1
167710,1.0,1.0,2.0,1.0,1.0,13,5,3,0.7411809548974793,0.03407417371093169,0.02507208781817638,0.7774790660436854,2.0,1.0,1,1
166483,1.0,1.0,2.0,1.0,1.0,11,2,11,1.258819045102521,0.0340741737109318,1.9749279121818235,0.7774790660436857,0.49999999999999956,1.8660254037844384,2,1
126994,1.0,1.0,2.0,1.0,1.0,14,6,9,0.5000000000000002,0.13397459621556118,0.21816851753197009,1.6234898018587334,0.0,0.9999999999999998,1,1
180080,4.0,4.0,1.0,2.0,1.0,19,7,12,0.03407417371093158,1.2588190451025203,0.9999999999999998,2.0,0.9999999999999998,2.0,1,1
2340,1.0,1.0,2.0,1.0,1.0,13,5,9,0.7411809548974793,0.03407417371093169,0.02507208781817638,0.7774790660436854,0.0,0.9999999999999998,1,1
152842,1.0,1.0,1.0,1.0,1.0,15,5,11,0.29289321881345287,0.2928932188134521,0.02507208781817638,0.7774790660436854,0.49999999999999956,1.8660254037844384,2,1
75658,1.0,1.0,1.0,1.0,1.0,11,2,7,1.258819045102521,0.0340741737109318,1.9749279121818235,0.7774790660436857,0.5000000000000002,0.13397459621556118,1,1
205608,1.0,1.0,3.0,1.0,1.0,15,7,11,0.29289321881345287,0.2928932188134521,0.9999999999999998,2.0,0.49999999999999956,1.8660254037844384,1,1
157380,3.0,1.0,3.0,3.0,1.0,12,5,2,1.0000000000000002,0.0,0.02507208781817638,0.7774790660436854,1.8660254037844386,1.5,2,1
59852,1.0,1.0,2.0,1.0,3.0,16,5,6,0.13397459621556151,0.49999999999999956,0.02507208781817638,0.7774790660436854,1.0000000000000002,0.0,1,1
62449,1.0,3.0,3.0,2.0,1.0,18,2,1,0.0,0.9999999999999998,1.9749279121818235,0.7774790660436857,1.5,1.8660254037844388,2,1
207109,2.0,4.0,3.0,2.0,1.0,23,6,12,0.7411809548974784,1.9659258262890682,0.21816851753197009,1.6234898018587334,0.9999999999999998,2.0,1,1
81470,1.0,1.0,1.0,3.0,1.0,8,6,2,1.8660254037844388,0.5000000000000002,0.21816851753197009,1.6234898018587334,1.8660254037844386,1.5,1,1
31440,1.0,2.0,1.0,1.0,1.0,18,6,9,0.0,0.9999999999999998,0.21816851753197009,1.6234898018587334,0.0,0.9999999999999998,1,1
127353,1.0,1.0,3.0,4.0,1.0,13,2,1,0.7411809548974793,0.03407417371093169,1.9749279121818235,0.7774790660436857,1.5,1.8660254037844388,2,1
49425,1.0,1.0,3.0,1.0,1.0,15,6,7,0.29289321881345287,0.2928932188134521,0.21816851753197009,1.6234898018587334,0.5000000000000002,0.13397459621556118,2,1
134292,1.0,1.0,3.0,1.0,1.0,7,2,11,1.9659258262890682,0.7411809548974794,1.9749279121818235,0.7774790660436857,0.49999999999999956,1.8660254037844384,2,1
206739,1.0,1.0,3.0,1.0,1.0,6,4,12,2.0,1.0,0.5661162608824419,0.09903113209758085,0.9999999999999998,2.0,1,1
101304,1.0,1.0,2.0,1.0,1.0,16,5,5,0.13397459621556151,0.49999999999999956,0.02507208781817638,0.7774790660436854,1.5,0.1339745962155613,2,1
167409,1.0,1.0,3.0,1.0,1.0,7,2,4,1.9659258262890682,0.7411809548974794,1.9749279121818235,0.7774790660436857,1.8660254037844388,0.5000000000000002,1,1
193514,1.0,3.0,1.0,1.0,1.0,23,7,4,0.7411809548974784,1.9659258262890682,0.9999999999999998,2.0,1.8660254037844388,0.5000000000000002,1,1
113556,1.0,3.0,1.0,1.0,1.0,21,7,9,0.2928932188134523,1.7071067811865475,0.9999999999999998,2.0,0.0,0.9999999999999998,1,1
61026,1.0,1.0,2.0,1.0,1.0,15,1,6,0.29289321881345287,0.2928932188134521,1.78183148246803,1.6234898018587336,1.0000000000000002,0.0,1,1
159885,1.0,3.0,3.0,1.0,1.0,22,3,7,0.49999999999999956,1.8660254037844384,1.4338837391175583,0.09903113209758097,0.5000000000000002,0.13397459621556118,2,1
92761,2.0,2.0,1.0,2.0,1.0,7,2,4,1.9659258262890682,0.7411809548974794,1.9749279121818235,0.7774790660436857,1.8660254037844388,0.5000000000000002,1,1
169467,1.0,1.0,1.8332037225905151,1.0,1.0,19,7,4,0.03407417371093158,1.2588190451025203,0.9999999999999998,2.0,1.8660254037844388,0.5000000000000002,2,0
32830,2.0,4.0,3.0,2.0,1.0,20,4,2,0.1339745962155614,1.5,0.5661162608824419,0.09903113209758085,1.8660254037844386,1.5,2,1
82229,1.0,1.0,2.0,1.0,1.0,9,1,3,1.7071067811865475,0.29289321881345254,1.78183148246803,1.6234898018587336,2.0,1.0,1,1
144487,1.0,1.0,1.0,1.0,1.0,8,2,3,1.8660254037844388,0.5000000000000002,1.9749279121818235,0.7774790660436857,2.0,1.0,1,1
39052,1.0,2.0,2.0,1.0,1.0,17,6,3,0.03407417371093169,0.7411809548974794,0.21816851753197009,1.6234898018587334,2.0,1.0,2,1
142794,1.0,1.0,3.0,1.0,1.0,13,6,3,0.7411809548974793,0.03407417371093169,0.21816851753197009,1.6234898018587334,2.0,1.0,2,1
41827,1.0,1.0,3.0,1.0,1.0,7,4,3,1.9659258262890682,0.7411809548974794,0.5661162608824419,0.09903113209758085,2.0,1.0,2,1
69426,1.0,1.0,3.0,1.0,1.0,15,6,1,0.29289321881345287,0.2928932188134521,0.21816851753197009,1.6234898018587334,1.5,1.8660254037844388,2,1
120448,1.0,1.0,2.0,1.0,1.0,8,7,11,1.8660254037844388,0.5000000000000002,0.9999999999999998,2.0,0.49999999999999956,1.8660254037844384,1,1
144164,1.0,1.0,3.0,1.0,1.0,15,6,8,0.29289321881345287,0.2928932188134521,0.21816851753197009,1.6234898018587334,0.13397459621556151,0.49999999999999956,1,1
124045,1.0,1.0,2.0,1.0,1.0,13,1,10,0.7411809548974793,0.03407417371093169,1.78183148246803,1.6234898018587336,0.1339745962155614,1.5,2,1
112481,3.0,1.0,1.0,2.0,1.0,11,5,11,1.258819045102521,0.0340741737109318,0.02507208781817638,0.7774790660436854,0.49999999999999956,1.8660254037844384,2,1
35383,1.0,3.0,3.0,2.0,1.0,21,1,7,0.2928932188134523,1.7071067811865475,1.78183148246803,1.6234898018587336,0.5000000000000002,0.13397459621556118,1,1
155073,1.0,2.0,2.0,1.0,1.0,18,4,12,0.0,0.9999999999999998,0.5661162608824419,0.09903113209758085,0.9999999999999998,2.0,2,1
126702,1.0,1.0,1.0,1.0,1.0,11,7,2,1.258819045102521,0.0340741737109318,0.9999999999999998,2.0,1.8660254037844386,1.5,1,1
185075,1.0,1.0,1.0,1.0,1.0,13,5,12,0.7411809548974793,0.03407417371093169,0.02507208781817638,0.7774790660436854,0.9999999999999998,2.0,1,1
98604,1.0,1.0,3.0,1.0,1.0,23,3,12,0.7411809548974784,1.9659258262890682,1.4338837391175583,0.09903113209758097,0.9999999999999998,2.0,2,1
145996,1.0,1.0,1.0,1.0,1.0,7,6,11,1.9659258262890682,0.7411809548974794,0.21816851753197009,1.6234898018587334,0.49999999999999956,1.8660254037844384,1,1
13230,2.0,1.0,3.0,2.0,1.0,16,5,10,0.13397459621556151,0.49999999999999956,0.02507208781817638,0.7774790660436854,0.1339745962155614,1.5,2,1
14351,2.0,1.0,3.0,2.0,1.0,7,2,12,1.9659258262890682,0.7411809548974794,1.9749279121818235,0.7774790660436857,0.9999999999999998,2.0,1,1
35192,1.0,1.0,3.0,1.0,1.0,12,7,12,1.0000000000000002,0.0,0.9999999999999998,2.0,0.9999999999999998,2.0,1,1
134245,1.0,1.0,4.0,1.0,1.0,12,7,8,1.0000000000000002,0.0,0.9999999999999998,2.0,0.13397459621556151,0.49999999999999956,2,1
53272,1.0,1.0,1.0,1.0,1.0,12,2,8,1.0000000000000002,0.0,1.9749279121818235,0.7774790660436857,0.13397459621556151,0.49999999999999956,1,0
158613,1.0,3.0,3.0,1.0,1.0,17,6,3,0.03407417371093169,0.7411809548974794,0.21816851753197009,1.6234898018587334,2.0,1.0,1,1
29960,3.0,1.0,1.0,3.0,1.0,16,5,2,0.13397459621556151,0.49999999999999956,0.02507208781817638,0.7774790660436854,1.8660254037844386,1.5,1,0
16839,1.0,3.0,2.0,1.0,1.0,16,3,11,0.13397459621556151,0.49999999999999956,1.4338837391175583,0.09903113209758097,0.49999999999999956,1.8660254037844384,1,1
245,2.0,3.0,2.0,2.0,1.0,23,7,10,0.7411809548974784,1.9659258262890682,0.9999999999999998,2.0,0.1339745962155614,1.5,1,1
39890,2.0,1.0,3.0,2.0,1.0,9,5,3,1.7071067811865475,0.29289321881345254,0.02507208781817638,0.7774790660436854,2.0,1.0,2,1
103448,2.0,1.0,3.0,2.0,1.0,19,1,8,0.03407417371093158,1.2588190451025203,1.78183148246803,1.6234898018587336,0.13397459621556151,0.49999999999999956,1,1
136338,1.0,1.0,1.0,1.0,1.0,14,4,8,0.5000000000000002,0.13397459621556118,0.5661162608824419,0.09903113209758085,0.13397459621556151,0.49999999999999956,1,1
124673,1.0,3.0,2.0,1.0,1.0,19,6,9,0.03407417371093158,1.2588190451025203,0.21816851753197009,1.6234898018587334,0.0,0.9999999999999998,1,1
131963,1.0,1.0,2.0,1.0,1.0,7,7,10,1.9659258262890682,0.7411809548974794,0.9999999999999998,2.0,0.1339745962155614,1.5,1,1
194388,1.0,1.0,3.0,1.0,1.0,17,6,7,0.03407417371093169,0.7411809548974794,0.21816851753197009,1.6234898018587334,0.5000000000000002,0.13397459621556118,1,1
18439,1.0,1.0,2.0,1.0,1.0,13,5,5,0.7411809548974793,0.03407417371093169,0.02507208781817638,0.7774790660436854,1.5,0.1339745962155613,1,1
183962,2.0,1.0,3.0,2.0,1.0,8,4,10,1.8660254037844388,0.5000000000000002,0.5661162608824419,0.09903113209758085,0.1339745962155614,1.5,2,1
110218,1.0,2.0,1.0,1.0,1.0,6,3,11,2.0,1.0,1.4338837391175583,0.09903113209758097,0.49999999999999956,1.8660254037844384,1,1
126426,2.0,1.0,2.0,2.0,1.0,17,7,10,0.03407417371093169,0.7411809548974794,0.9999999999999998,2.0,0.1339745962155614,1.5,1,1
145274,1.0,1.0,1.0,2.0,1.0,18,3,8,0.0,0.9999999999999998,1.4338837391175583,0.09903113209758097,0.13397459621556151,0.49999999999999956,2,1
186611,1.0,1.0,1.0,1.0,1.0,7,2,9,1.9659258262890682,0.7411809548974794,1.9749279121818235,0.7774790660436857,0.0,0.9999999999999998,1,1
1323,1.0,1.0,1.0,1.0,1.0,13,6,11,0.7411809548974793,0.03407417371093169,0.21816851753197009,1.6234898018587334,0.49999999999999956,1.8660254037844384,1,1
93124,1.0,3.0,1.0,1.0,1.0,5,1,9,1.9659258262890682,1.2588190451025207,1.78183148246803,1.6234898018587336,0.0,0.9999999999999998,1,1
180543,2.0,3.0,2.0,2.0,1.0,20,1,4,0.1339745962155614,1.5,1.78183148246803,1.6234898018587336,1.8660254037844388,0.5000000000000002,1,1
201892,1.0,1.0,3.0,1.0,1.0,11,3,10,1.258819045102521,0.0340741737109318,1.4338837391175583,0.09903113209758097,0.1339745962155614,1.5,1,1
47924,1.0,1.0,3.0,1.0,1.0,8,7,5,1.8660254037844388,0.5000000000000002,0.9999999999999998,2.0,1.5,0.1339745962155613,1,1
153252,1.0,1.0,1.0,1.0,1.0,14,6,5,0.5000000000000002,0.13397459621556118,0.21816851753197009,1.6234898018587334,1.5,0.1339745962155613,2,1
196367,1.0,3.0,3.0,1.0,1.0,18,2,10,0.0,0.9999999999999998,1.9749279121818235,0.7774790660436857,0.1339745962155614,1.5,1,1
2896,2.0,3.0,2.0,2.0,1.0,21,3,4,0.2928932188134523,1.7071067811865475,1.4338837391175583,0.09903113209758097,1.8660254037844388,0.5000000000000002,1,1
59988,1.0,1.0,3.0,1.0,1.0,14,7,6,0.5000000000000002,0.13397459621556118,0.9999999999999998,2.0,1.0000000000000002,0.0,1,1
161051,1.0,3.0,1.0,1.0,1.0,18,4,11,0.0,0.9999999999999998,0.5661162608824419,0.09903113209758085,0.49999999999999956,1.8660254037844384,2,1
156938,1.0,1.0,2.0,1.0,1.0,6,5,8,2.0,1.0,0.02507208781817638,0.7774790660436854,0.13397459621556151,0.49999999999999956,2,1
204759,1.0,1.0,3.0,1.0,1.0,11,4,11,1.258819045102521,0.0340741737109318,0.5661162608824419,0.09903113209758085,0.49999999999999956,1.8660254037844384,1,1
183692,3.0,1.0,1.0,3.0,1.0,14,2,2,0.5000000000000002,0.13397459621556118,1.9749279121818235,0.7774790660436857,1.8660254037844386,1.5,1,1
88230,1.0,1.0,1.0,1.0,1.0,9,1,8,1.7071067811865475,0.29289321881345254,1.78183148246803,1.6234898018587336,0.13397459621556151,0.49999999999999956,2,1
188807,1.0,1.0,1.0,1.0,1.0,13,6,10,0.7411809548974793,0.03407417371093169,0.21816851753197009,1.6234898018587334,0.1339745962155614,1.5,1,1
90464,1.0,3.0,1.0,1.0,1.0,21,1,10,0.2928932188134523,1.7071067811865475,1.78183148246803,1.6234898018587336,0.1339745962155614,1.5,2,1
194400,1.0,1.0,1.0,1.0,1.0,17,1,4,0.03407417371093169,0.7411809548974794,1.78183148246803,1.6234898018587336,1.8660254037844388,0.5000000000000002,1,0
25257,1.0,1.0,2.0,1.0,1.0,8,5,9,1.8660254037844388,0.5000000000000002,0.02507208781817638,0.7774790660436854,0.0,0.9999999999999998,2,1
147434,1.0,1.0,3.0,1.0,1.0,10,5,10,1.5,0.1339745962155613,0.02507208781817638,0.7774790660436854,0.1339745962155614,1.5,1,1
58086,1.0,3.0,3.0,1.0,1.0,20,2,7,0.1339745962155614,1.5,1.9749279121818235,0.7774790660436857,0.5000000000000002,0.13397459621556118,1,1
96282,1.0,1.0,2.0,1.0,1.0,15,3,10,0.29289321881345287,0.2928932188134521,1.4338837391175583,0.09903113209758097,0.1339745962155614,1.5,1,1
119455,1.0,1.0,1.0,1.0,1.0,17,5,5,0.03407417371093169,0.7411809548974794,0.02507208781817638,0.7774790660436854,1.5,0.1339745962155613,1,1
159995,1.0,1.0,2.0,1.0,1.0,11,3,11,1.258819045102521,0.0340741737109318,1.4338837391175583,0.09903113209758097,0.49999999999999956,1.8660254037844384,2,1
21686,1.0,1.0,3.0,1.0,1.0,15,7,3,0.29289321881345287,0.2928932188134521,0.9999999999999998,2.0,2.0,1.0,1,1
76020,1.0,1.0,1.0,1.0,1.0,14,5,11,0.5000000000000002,0.13397459621556118,0.02507208781817638,0.7774790660436854,0.49999999999999956,1.8660254037844384,1,1
96894,1.0,1.0,1.0,1.0,1.0,16,4,7,0.13397459621556151,0.49999999999999956,0.5661162608824419,0.09903113209758085,0.5000000000000002,0.13397459621556118,1,1
78831,1.0,1.0,3.0,1.0,1.0,9,3,4,1.7071067811865475,0.29289321881345254,1.4338837391175583,0.09903113209758097,1.8660254037844388,0.5000000000000002,2,1
137279,2.0,1.0,1.0,2.0,1.0,14,5,6,0.5000000000000002,0.13397459621556118,0.02507208781817638,0.7774790660436854,1.0000000000000002,0.0,1,1
159710,1.0,4.0,3.0,1.0,1.0,18,3,3,0.0,0.9999999999999998,1.4338837391175583,0.09903113209758097,2.0,1.0,1,0
115009,1.0,1.0,1.0,1.0,1.0,4,1,6,1.8660254037844386,1.5,1.78183148246803,1.6234898018587336,1.0000000000000002,0.0,1,1
51289,1.0,1.0,1.0,1.0,1.0,15,4,7,0.29289321881345287,0.2928932188134521,0.5661162608824419,0.09903113209758085,0.5000000000000002,0.13397459621556118,1,1
7451,2.0,1.0,2.0,2.0,1.0,7,5,8,1.9659258262890682,0.7411809548974794,0.02507208781817638,0.7774790660436854,0.13397459621556151,0.49999999999999956,2,1
13252,1.0,1.0,3.0,1.0,1.0,9,3,3,1.7071067811865475,0.29289321881345254,1.4338837391175583,0.09903113209758097,2.0,1.0,2,1
204951,1.0,1.0,1.0,1.0,1.0,8,6,11,1.8660254037844388,0.5000000000000002,0.21816851753197009,1.6234898018587334,0.49999999999999956,1.8660254037844384,2,1
153357,1.0,2.0,2.0,1.0,1.0,18,6,4,0.0,0.9999999999999998,0.21816851753197009,1.6234898018587334,1.8660254037844388,0.5000000000000002,1,1
108441,1.0,1.0,1.0,1.0,1.0,8,7,3,1.8660254037844388,0.5000000000000002,0.9999999999999998,2.0,2.0,1.0,2,1
49542,1.0,1.0,1.0,1.0,1.0,14,4,10,0.5000000000000002,0.13397459621556118,0.5661162608824419,0.09903113209758085,0.1339745962155614,1.5,1,1
64681,1.0,1.0,3.0,1.0,1.0,6,4,4,2.0,1.0,0.5661162608824419,0.09903113209758085,1.8660254037844388,0.5000000000000002,2,1
29114,2.0,1.0,2.0,2.0,1.0,7,1,7,1.9659258262890682,0.7411809548974794,1.78183148246803,1.6234898018587336,0.5000000000000002,0.13397459621556118,2,1
110016,2.0,3.0,3.0,2.0,1.0,17,3,11,0.03407417371093169,0.7411809548974794,1.4338837391175583,0.09903113209758097,0.49999999999999956,1.8660254037844384,1,1
206365,2.0,3.0,3.0,2.0,1.0,6,1,12,2.0,1.0,1.78183148246803,1.6234898018587336,0.9999999999999998,2.0,1,1
86549,1.0,1.0,1.0,1.0,1.0,17,4,10,0.03407417371093169,0.7411809548974794,0.5661162608824419,0.09903113209758085,0.1339745962155614,1.5,1,1
113786,1.0,3.0,1.0,1.0,1.0,19,6,12,0.03407417371093158,1.2588190451025203,0.21816851753197009,1.6234898018587334,0.9999999999999998,2.0,1,1
197289,1.0,1.0,2.0,1.0,1.0,19,3,8,0.03407417371093158,1.2588190451025203,1.4338837391175583,0.09903113209758097,0.13397459621556151,0.49999999999999956,1,1
175350,1.0,2.0,3.0,2.0,1.0,15,5,11,0.29289321881345287,0.2928932188134521,0.02507208781817638,0.7774790660436854,0.49999999999999956,1.8660254037844384,2,1
146388,1.0,1.0,3.0,1.0,1.0,15,5,6,0.29289321881345287,0.2928932188134521,0.02507208781817638,0.7774790660436854,1.0000000000000002,0.0,1,1
195129,1.0,3.0,1.0,2.0,1.0,22,3,3,0.49999999999999956,1.8660254037844384,1.4338837391175583,0.09903113209758097,2.0,1.0,1,1
161660,1.0,2.0,2.0,1.0,1.0,6,6,12,2.0,1.0,0.21816851753197009,1.6234898018587334,0.9999999999999998,2.0,1,1
59184,1.0,4.0,1.0,1.0,1.0,21,7,1,0.2928932188134523,1.7071067811865475,0.9999999999999998,2.0,1.5,1.8660254037844388,1,1
190870,1.0,1.0,1.0,1.0,1.0,9,5,12,1.7071067811865475,0.29289321881345254,0.02507208781817638,0.7774790660436854,0.9999999999999998,2.0,2,1
77291,1.0,3.0,2.0,1.0,1.0,21,1,9,0.2928932188134523,1.7071067811865475,1.78183148246803,1.6234898018587336,0.0,0.9999999999999998,1,1
202565,1.0,1.0,2.0,2.0,1.0,15,3,10,0.29289321881345287,0.2928932188134521,1.4338837391175583,0.09903113209758097,0.1339745962155614,1.5,1,1
54179,1.0,1.0,3.0,1.0,1.0,18,2,7,0.0,0.9999999999999998,1.9749279121818235,0.7774790660436857,0.5000000000000002,0.13397459621556118,2,1
147000,1.0,1.0,1.0,1.0,1.0,9,1,12,1.7071067811865475,0.29289321881345254,1.78183148246803,1.6234898018587336,0.9999999999999998,2.0,2,1
48625,1.0,1.0,3.0,1.0,1.0,12,2,4,1.0000000000000002,0.0,1.9749279121818235,0.7774790660436857,1.8660254037844388,0.5000000000000002,1,1
12790,1.0,1.0,2.0,1.0,1.0,10,3,8,1.5,0.1339745962155613,1.4338837391175583,0.09903113209758097,0.13397459621556151,0.49999999999999956,1,1
158135,1.0,1.0,2.0,1.0,1.0,7,2,11,1.9659258262890682,0.7411809548974794,1.9749279121818235,0.7774790660436857,0.49999999999999956,1.8660254037844384,2,1
9991,1.0,1.0,2.0,1.0,1.0,21,6,8,0.2928932188134523,1.7071067811865475,0.21816851753197009,1.6234898018587334,0.13397459621556151,0.49999999999999956,1,1
184472,2.0,4.0,1.0,2.0,1.0,20,6,9,0.1339745962155614,1.5,0.21816851753197009,1.6234898018587334,0.0,0.9999999999999998,1,1
65413,1.0,1.0,1.0,1.0,1.0,21,2,1,0.2928932188134523,1.7071067811865475,1.9749279121818235,0.7774790660436857,1.5,1.8660254037844388,1,1
151489,1.0,1.0,2.0,1.0,1.0,10,2,11,1.5,0.1339745962155613,1.9749279121818235,0.7774790660436857,0.49999999999999956,1.8660254037844384,1,1
171913,1.0,1.0,2.0,1.0,1.0,10,4,2,1.5,0.1339745962155613,0.5661162608824419,0.09903113209758085,1.8660254037844386,1.5,1,1
196868,1.0,1.0,2.0,1.0,1.0,18,6,4,0.0,0.9999999999999998,0.21816851753197009,1.6234898018587334,1.8660254037844388,0.5000000000000002,1,1
157371,2.0,1.0,1.0,2.0,1.0,21,6,12,0.2928932188134523,1.7071067811865475,0.21816851753197009,1.6234898018587334,0.9999999999999998,2.0,1,1
129656,1.0,1.0,2.0,1.0,1.0,10,7,3,1.5,0.1339745962155613,0.9999999999999998,2.0,2.0,1.0,1,1
90722,1.0,1.0,2.0,1.0,1.0,8,3,7,1.8660254037844388,0.5000000000000002,1.4338837391175583,0.09903113209758097,0.5000000000000002,0.13397459621556118,1,1
14721,1.0,1.0,1.0,1.0,1.0,10,1,11,1.5,0.1339745962155613,1.78183148246803,1.6234898018587336,0.49999999999999956,1.8660254037844384,2,1
9503,1.0,1.0,1.0,1.0,1.0,10,4,5,1.5,0.1339745962155613,0.5661162608824419,0.09903113209758085,1.5,0.1339745962155613,1,1
153739,1.0,1.0,1.0,1.0,1.0,7,5,3,1.9659258262890682,0.7411809548974794,0.02507208781817638,0.7774790660436854,2.0,1.0,1,1
49076,1.0,3.0,1.0,1.0,1.0,19,2,5,0.03407417371093158,1.2588190451025203,1.9749279121818235,0.7774790660436857,1.5,0.1339745962155613,2,1
95675,1.0,4.0,2.0,1.0,1.0,23,2,7,0.7411809548974784,1.9659258262890682,1.9749279121818235,0.7774790660436857,0.5000000000000002,0.13397459621556118,1,1
45777,1.0,3.0,2.0,1.0,1.0,5,2,2,1.9659258262890682,1.2588190451025207,1.9749279121818235,0.7774790660436857,1.8660254037844386,1.5,1,1
208753,3.0,3.0,3.0,3.0,1.0,23,4,1,0.7411809548974784,1.9659258262890682,0.5661162608824419,0.09903113209758085,1.5,1.8660254037844388,1,1
94994,1.0,1.0,3.0,1.0,1.0,15,5,3,0.29289321881345287,0.2928932188134521,0.02507208781817638,0.7774790660436854,2.0,1.0,1,1
69016,1.0,1.0,1.0,1.0,1.0,15,7,5,0.29289321881345287,0.2928932188134521,0.9999999999999998,2.0,1.5,0.1339745962155613,1,1
60908,1.0,1.0,3.0,1.0,1.0,13,4,9,0.7411809548974793,0.03407417371093169,0.5661162608824419,0.09903113209758085,0.0,0.9999999999999998,1,1
196274,1.0,3.0,2.0,1.0,1.0,20,1,9,0.1339745962155614,1.5,1.78183148246803,1.6234898018587336,0.0,0.9999999999999998,2,1
158571,1.0,1.0,3.0,1.0,1.0,16,3,5,0.13397459621556151,0.49999999999999956,1.4338837391175583,0.09903113209758097,1.5,0.1339745962155613,2,1