Unnamed: 0,weather_condition,lighting_condition,trafficway_type,roadway_surface_cond,road_defect,crash_hour,crash_day_of_week,crash_month,crash_hour_sin,crash_hour_cos,crash_day_sin,crash_day_cos,crash_month_sin,crash_month_cos,crash_type,intersection_related_i
198520,1.0,3.0,3.0,1.0,1.0,19,2,9,0.03407417371093158,1.2588190451025203,1.9749279121818235,0.7774790660436857,0.0,0.9999999999999998,1,1
34621,1.0,1.0,3.0,1.0,1.0,7,2,3,1.9659258262890682,0.7411809548974794,1.9749279121818235,0.7774790660436857,2.0,1.0,1,1
165360,1.0,1.0,1.0,1.0,1.0,20,1,7,0.1339745962155614,1.5,1.78183148246803,1.6234898018587336,0.5000000000000002,0.13397459621556118,1,1
34659,1.0,1.0,3.0,1.0,1.0,19,7,6,0.03407417371093158,1.2588190451025203,0.9999999999999998,2.0,1.0000000000000002,0.0,1,1
84255,1.0,1.0,1.0,1.0,1.0,18,6,3,0.0,0.9999999999999998,0.21816851753197009,1.6234898018587334,2.0,1.0,1,1
52149,1.0,1.0,2.0,1.0,1.0,14,4,3,0.5000000000000002,0.13397459621556118,0.5661162608824419,0.09903113209758085,2.0,1.0,1,1
163073,1.0,1.0,1.0,1.0,1.0,8,6,11,1.8660254037844388,0.5000000000000002,0.21816851753197009,1.6234898018587334,0.49999999999999956,1.8660254037844384,2,1
14690,1.0,1.0,1.0,1.0,1.0,17,4,5,0.03407417371093169,0.7411809548974794,0.5661162608824419,0.09903113209758085,1.5,0.1339745962155613,1,1
85188,2.0,1.0,1.0,2.0,1.0,8,7,7,1.8660254037844388,0.5000000000000002,0.9999999999999998,2.0,0.5000000000000002,0.13397459621556118,1,1
138480,1.0,1.0,1.0,1.0,1.0,11,3,2,1.258819045102521,0.0340741737109318,1.4338837391175583,0.09903113209758097,1.8660254037844386,1.5,2,1
182840,1.0,3.0,3.0,1.0,1.0,18,3,1,0.0,0.9999999999999998,1.4338837391175583,0.09903113209758097,1.5,1.8660254037844388,1,1
149320,1.0,1.0,2.0,1.0,1.0,6,2,8,2.0,1.0,1.9749279121818235,0.7774790660436857,0.13397459621556151,0.49999999999999956,1,1
193894,1.0,3.0,1.0,1.0,1.0,19,4,4,0.03407417371093158,1.2588190451025203,0.5661162608824419,0.09903113209758085,1.8660254037844388,0.5000000000000002,1,1
50388,1.0,4.0,1.0,1.0,1.0,18,5,12,0.0,0.9999999999999998,0.02507208781817638,0.7774790660436854,0.9999999999999998,2.0,1,1
188273,1.0,3.0,2.0,1.0,1.0,20,2,12,0.1339745962155614,1.5,1.9749279121818235,0.7774790660436857,0.9999999999999998,2.0,1,1
82164,1.0,1.0,1.0,1.0,1.0,15,4,7,0.29289321881345287,0.2928932188134521,0.5661162608824419,0.09903113209758085,0.5000000000000002,0.13397459621556118,2,1
74675,1.0,1.0,1.0,1.0,1.0,19,5,6,0.03407417371093158,1.2588190451025203,0.02507208781817638,0.7774790660436854,1.0000000000000002,0.0,2,1
196366,1.0,1.0,3.0,1.0,1.0,17,3,8,0.03407417371093169,0.7411809548974794,1.4338837391175583,0.09903113209758097,0.13397459621556151,0.49999999999999956,2,1
96494,1.0,1.0,3.0,1.0,1.0,8,7,9,1.8660254037844388,0.5000000000000002,0.9999999999999998,2.0,0.0,0.9999999999999998,1,1
93534,1.0,3.0,2.0,1.0,1.0,18,4,2,0.0,0.9999999999999998,0.5661162608824419,0.09903113209758085,1.8660254037844386,1.5,1,1
182766,2.0,1.0,1.0,1.0,1.0,13,5,7,0.7411809548974793,0.03407417371093169,0.02507208781817638,0.7774790660436854,0.5000000000000002,0.13397459621556118,1,1
118807,1.0,1.0,1.8332037225905151,2.0,1.0,12,2,8,1.0000000000000002,0.0,1.9749279121818235,0.7774790660436857,0.13397459621556151,0.49999999999999956,1,0
49453,1.0,3.0,2.0,1.0,1.0,6,3,10,2.0,1.0,1.4338837391175583,0.09903113209758097,0.1339745962155614,1.5,1,1
122949,1.0,1.0,3.0,1.0,1.0,19,5,7,0.03407417371093158,1.2588190451025203,0.02507208781817638,0.7774790660436854,0.5000000000000002,0.13397459621556118,2,1
37401,1.0,1.0,2.0,1.0,1.0,9,6,10,1.7071067811865475,0.29289321881345254,0.21816851753197009,1.6234898018587334,0.1339745962155614,1.5,1,1
194942,1.0,1.0,3.0,1.0,1.0,10,4,3,1.5,0.1339745962155613,0.5661162608824419,0.09903113209758085,2.0,1.0,2,1
97352,1.0,3.0,1.0,1.0,1.0,23,5,4,0.7411809548974784,1.9659258262890682,0.02507208781817638,0.7774790660436854,1.8660254037844388,0.5000000000000002,2,1
15006,1.0,1.0,1.0,1.0,1.0,13,2,10,0.7411809548974793,0.03407417371093169,1.9749279121818235,0.7774790660436857,0.1339745962155614,1.5,1,1
188793,1.0,1.0,1.0,1.0,1.0,15,7,9,0.29289321881345287,0.2928932188134521,0.9999999999999998,2.0,0.0,0.9999999999999998,2,1
109900,1.0,1.0,1.0,1.0,1.0,10,5,6,1.5,0.1339745962155613,0.02507208781817638,0.7774790660436854,1.0000000000000002,0.0,1,1
52075,1.0,1.0,3.0,1.0,1.0,13,5,3,0.7411809548974793,0.03407417371093169,0.02507208781817638,0.7774790660436854,2.0,1.0,1,1
203912,1.0,3.0,3.0,1.0,1.0,22,6,11,0.49999999999999956,1.8660254037844384,0.21816851753197009,1.6234898018587334,0.49999999999999956,1.8660254037844384,1,1
182202,1.0,1.0,2.0,1.0,1.0,15,3,7,0.29289321881345287,0.2928932188134521,1.4338837391175583,0.09903113209758097,0.5000000000000002,0.13397459621556118,1,1
183561,1.0,1.0,1.0,1.0,1.0,14,1,7,0.5000000000000002,0.13397459621556118,1.78183148246803,1.6234898018587336,0.5000000000000002,0.13397459621556118,2,1
92801,1.0,1.0,3.0,1.0,1.0,16,2,10,0.13397459621556151,0.49999999999999956,1.9749279121818235,0.7774790660436857,0.1339745962155614,1.5,1,1
8810,2.0,1.0,3.0,2.0,1.0,18,7,4,0.0,0.9999999999999998,0.9999999999999998,2.0,1.8660254037844388,0.5000000000000002,2,1
17063,1.0,1.0,2.0,1.0,1.0,19,7,11,0.03407417371093158,1.2588190451025203,0.9999999999999998,2.0,0.49999999999999956,1.8660254037844384,1,1
106396,1.0,1.0,1.0,1.0,1.0,7,6,7,1.9659258262890682,0.7411809548974794,0.21816851753197009,1.6234898018587334,0.5000000000000002,0.13397459621556118,2,1
85261,2.0,3.0,4.0,2.0,1.0,17,6,12,0.03407417371093169,0.7411809548974794,0.21816851753197009,1.6234898018587334,0.9999999999999998,2.0,1,1
25470,1.0,1.0,1.0,1.0,1.0,15,4,7,0.29289321881345287,0.2928932188134521,0.5661162608824419,0.09903113209758085,0.5000000000000002,0.13397459621556118,1,1
54057,1.0,3.0,3.0,1.0,1.0,20,1,4,0.1339745962155614,1.5,1.78183148246803,1.6234898018587336,1.8660254037844388,0.5000000000000002,2,1
81372,1.0,1.0,2.0,1.0,1.0,9,3,3,1.7071067811865475,0.29289321881345254,1.4338837391175583,0.09903113209758097,2.0,1.0,1,1
89905,1.0,1.0,1.0,1.0,1.0,10,2,12,1.5,0.1339745962155613,1.9749279121818235,0.7774790660436857,0.9999999999999998,2.0,2,1
91650,1.0,3.0,1.0,1.0,1.0,21,3,5,0.2928932188134523,1.7071067811865475,1.4338837391175583,0.09903113209758097,1.5,0.1339745962155613,2,1
668,1.0,1.0,3.0,1.0,1.0,17,7,11,0.03407417371093169,0.7411809548974794,0.9999999999999998,2.0,0.49999999999999956,1.8660254037844384,2,1
47033,3.0,3.0,2.0,2.0,1.0,5,5,3,1.9659258262890682,1.2588190451025207,0.02507208781817638,0.7774790660436854,2.0,1.0,1,1
146236,1.0,1.0,3.0,1.0,1.0,18,5,7,0.0,0.9999999999999998,0.02507208781817638,0.7774790660436854,0.5000000000000002,0.13397459621556118,1,1
113394,1.0,1.0,1.0,1.0,1.0,15,7,12,0.29289321881345287,0.2928932188134521,0.9999999999999998,2.0,0.9999999999999998,2.0,1,1
187788,2.0,3.0,2.0,2.0,1.0,5,7,11,1.9659258262890682,1.2588190451025207,0.9999999999999998,2.0,0.49999999999999956,1.8660254037844384,2,1
81860,2.0,1.0,2.0,1.0,1.0,14,4,10,0.5000000000000002,0.13397459621556118,0.5661162608824419,0.09903113209758085,0.1339745962155614,1.5,1,1
139364,1.0,1.0,1.0,1.0,1.0,9,6,7,1.7071067811865475,0.29289321881345254,0.21816851753197009,1.6234898018587334,0.5000000000000002,0.13397459621556118,1,1
88714,1.0,1.0,2.0,1.0,1.0,12,1,3,1.0000000000000002,0.0,1.78183148246803,1.6234898018587336,2.0,1.0,1,1
5522,2.0,1.0,1.0,2.0,1.0,12,7,6,1.0000000000000002,0.0,0.9999999999999998,2.0,1.0000000000000002,0.0,1,1
6943,1.0,1.0,1.0,1.0,1.0,16,3,3,0.13397459621556151,0.49999999999999956,1.4338837391175583,0.09903113209758097,2.0,1.0,1,1
150759,1.0,1.0,3.0,1.0,1.0,9,4,3,1.7071067811865475,0.29289321881345254,0.5661162608824419,0.09903113209758085,2.0,1.0,1,1
98167,1.0,1.0,3.0,1.0,1.0,17,3,8,0.03407417371093169,0.7411809548974794,1.4338837391175583,0.09903113209758097,0.13397459621556151,0.49999999999999956,1,1
6788,1.0,1.0,3.0,1.0,1.0,15,2,8,0.29289321881345287,0.2928932188134521,1.9749279121818235,0.7774790660436857,0.13397459621556151,0.49999999999999956,1,1
59344,1.0,1.0,1.0,1.0,1.0,18,2,4,0.0,0.9999999999999998,1.9749279121818235,0.7774790660436857,1.8660254037844388,0.5000000000000002,2,1
9565,1.0,3.0,3.0,1.0,1.0,20,6,7,0.1339745962155614,1.5,0.21816851753197009,1.6234898018587334,0.5000000000000002,0.13397459621556118,2,1
179026,1.0,3.0,2.0,2.0,1.0,17,2,1,0.03407417371093169,0.7411809548974794,1.9749279121818235,0.7774790660436857,1.5,1.8660254037844388,2,1
162721,1.0,3.0,1.0,1.0,1.0,19,7,1,0.03407417371093158,1.2588190451025203,0.9999999999999998,2.0,1.5,1.8660254037844388,1,1
130943,1.0,1.0,2.0,1.0,1.0,7,4,8,1.9659258262890682,0.7411809548974794,0.5661162608824419,0.09903113209758085,0.13397459621556151,0.49999999999999956,2,1
209062,1.0,3.0,1.0,1.0,1.0,20,4,8,0.1339745962155614,1.5,0.5661162608824419,0.09903113209758085,0.13397459621556151,0.49999999999999956,1,0
53981,2.0,1.0,1.0,2.0,1.0,11,6,10,1.258819045102521,0.0340741737109318,0.21816851753197009,1.6234898018587334,0.1339745962155614,1.5,2,1
25747,1.0,1.0,3.0,1.0,1.0,14,3,7,0.5000000000000002,0.13397459621556118,1.4338837391175583,0.09903113209758097,0.5000000000000002,0.13397459621556118,2,1
16505,1.0,1.0,1.0,1.0,1.0,18,7,6,0.0,0.9999999999999998,0.9999999999999998,2.0,1.0000000000000002,0.0,1,1
204744,1.0,3.0,3.0,1.0,1.0,19,3,11,0.03407417371093158,1.2588190451025203,1.4338837391175583,0.09903113209758097,0.49999999999999956,1.8660254037844384,2,1
191797,1.0,1.0,1.0,1.0,1.0,15,5,4,0.29289321881345287,0.2928932188134521,0.02507208781817638,0.7774790660436854,1.8660254037844388,0.5000000000000002,2,1
39143,1.0,3.0,1.0,1.0,1.0,18,5,1,0.0,0.9999999999999998,0.02507208781817638,0.7774790660436854,1.5,1.8660254037844388,2,1
96373,1.0,1.0,1.0,1.0,1.0,17,5,5,0.03407417371093169,0.7411809548974794,0.02507208781817638,0.7774790660436854,1.5,0.1339745962155613,1,1
55292,1.0,1.0,1.0,3.0,1.0,8,7,2,1.8660254037844388,0.5000000000000002,0.9999999999999998,2.0,1.8660254037844386,1.5,1,1
88761,1.0,1.0,3.0,1.0,1.0,8,3,4,1.8660254037844388,0.5000000000000002,1.4338837391175583,0.09903113209758097,1.8660254037844388,0.5000000000000002,2,1
130737,1.0,1.0,3.0,1.0,1.0,19,1,6,0.03407417371093158,1.2588190451025203,1.78183148246803,1.6234898018587336,1.0000000000000002,0.0,1,1
117482,1.0,1.0,1.0,2.0,1.0,8,4,5,1.8660254037844388,0.5000000000000002,0.5661162608824419,0.09903113209758085,1.5,0.1339745962155613,1,1
138918,1.0,1.0,1.0,1.0,1.0,12,6,6,1.0000000000000002,0.0,0.21816851753197009,1.6234898018587334,1.0000000000000002,0.0,1,1
8323,1.0,2.0,2.0,1.0,1.0,19,4,7,0.03407417371093158,1.2588190451025203,0.5661162608824419,0.09903113209758085,0.5000000000000002,0.13397459621556118,1,1
131416,1.0,3.0,1.0,1.0,1.0,21,1,7,0.2928932188134523,1.7071067811865475,1.78183148246803,1.6234898018587336,0.5000000000000002,0.13397459621556118,1,1
138236,1.0,1.0,1.0,2.0,1.0,7,3,8,1.9659258262890682,0.7411809548974794,1.4338837391175583,0.09903113209758097,0.13397459621556151,0.49999999999999956,2,1
29886,1.0,1.0,3.0,1.0,1.0,13,3,8,0.7411809548974793,0.03407417371093169,1.4338837391175583,0.09903113209758097,0.13397459621556151,0.49999999999999956,1,1
105311,1.0,1.0,1.0,1.0,1.0,12,7,5,1.0000000000000002,0.0,0.9999999999999998,2.0,1.5,0.1339745962155613,2,1
39259,3.0,1.0,3.0,2.0,1.0,10,4,10,1.5,0.1339745962155613,0.5661162608824419,0.09903113209758085,0.1339745962155614,1.5,2,1
19349,1.0,1.0,2.0,1.0,1.0,19,2,6,0.03407417371093158,1.2588190451025203,1.9749279121818235,0.7774790660436857,1.0000000000000002,0.0,2,1
3981,1.0,3.0,1.0,1.0,1.0,19,6,2,0.03407417371093158,1.2588190451025203,0.21816851753197009,1.6234898018587334,1.8660254037844386,1.5,2,1
58720,1.0,2.0,3.0,1.0,1.0,19,7,7,0.03407417371093158,1.2588190451025203,0.9999999999999998,2.0,0.5000000000000002,0.13397459621556118,1,1
207029,1.0,1.0,3.0,1.0,1.0,12,7,12,1.0000000000000002,0.0,0.9999999999999998,2.0,0.9999999999999998,2.0,1,1
33337,1.0,1.0,2.0,1.0,1.0,8,4,12,1.8660254037844388,0.5000000000000002,0.5661162608824419,0.09903113209758085,0.9999999999999998,2.0,1,1
24355,1.0,1.0,2.0,1.0,1.0,17,3,7,0.03407417371093169,0.7411809548974794,1.4338837391175583,0.09903113209758097,0.5000000000000002,0.13397459621556118,1,0
64182,1.0,1.0,1.0,1.0,1.0,13,6,8,0.7411809548974793,0.03407417371093169,0.21816851753197009,1.6234898018587334,0.13397459621556151,0.49999999999999956,1,1
122366,1.0,4.0,1.0,1.0,1.0,17,7,1,0.03407417371093169,0.7411809548974794,0.9999999999999998,2.0,1.5,1.8660254037844388,2,1
85594,1.0,1.0,2.0,1.0,1.0,15,7,12,0.29289321881345287,0.2928932188134521,0.9999999999999998,2.0,0.9999999999999998,2.0,1,1
34079,1.0,2.0,2.0,1.0,1.0,16,4,2,0.13397459621556151,0.49999999999999956,0.5661162608824419,0.09903113209758085,1.8660254037844386,1.5,1,1
66875,1.0,1.0,2.0,1.0,1.0,15,5,10,0.29289321881345287,0.2928932188134521,0.02507208781817638,0.7774790660436854,0.1339745962155614,1.5,1,1
46023,1.0,1.0,3.0,3.0,1.0,15,3,1,0.29289321881345287,0.2928932188134521,1.4338837391175583,0.09903113209758097,1.5,1.8660254037844388,1,1
95678,1.0,1.0,2.0,1.0,1.0,16,3,4,0.13397459621556151,0.49999999999999956,1.4338837391175583,0.09903113209758097,1.8660254037844388,0.5000000000000002,1,1
88258,1.0,3.0,3.0,1.0,1.0,19,1,2,0.03407417371093158,1.2588190451025203,1.78183148246803,1.6234898018587336,1.8660254037844386,1.5,2,1
93989,1.0,3.0,2.0,1.0,1.0,20,5,10,0.1339745962155614,1.5,0.02507208781817638,0.7774790660436854,0.1339745962155614,1.5,1,1
63685,1.0,1.0,3.0,1.0,1.0,15,4,9,0.29289321881345287,0.2928932188134521,0.5661162608824419,0.09903113209758085,0.0,0.9999999999999998,1,1
65134,1.0,1.0,3.0,1.0,1.0,15,6,5,0.29289321881345287,0.2928932188134521,0.21816851753197009,1.6234898018587334,1.5,0.1339745962155613,1,1
60069,1.0,3.0,3.0,1.0,1.0,23,5,12,0.7411809548974784,1.9659258262890682,0.02507208781817638,0.7774790660436854,0.9999999999999998,2.0,2,1
49865,1.0,1.0,3.0,1.0,1.0,13,2,7,0.7411809548974793,0.03407417371093169,1.9749279121818235,0.7774790660436857,0.5000000000000002,0.13397459621556118,2,1
8525,1.0,3.0,3.0,1.0,1.0,17,1,12,0.03407417371093169,0.7411809548974794,1.78183148246803,1.6234898018587336,0.9999999999999998,2.0,1,1
33573,1.0,1.0,3.0,1.0,1.0,14,2,7,0.5000000000000002,0.13397459621556118,1.9749279121818235,0.7774790660436857,0.5000000000000002,0.13397459621556118,2,1
102825,2.0,1.0,1.0,2.0,1.0,7,7,3,1.9659258262890682,0.7411809548974794,0.9999999999999998,2.0,2.0,1.0,2,1
197517,1.0,1.0,1.0,2.0,1.0,10,6,8,1.5,0.1339745962155613,0.21816851753197009,1.6234898018587334,0.13397459621556151,0.49999999999999956,1,1
199784,1.0,4.0,1.0,1.0,1.0,23,1,9,0.7411809548974784,1.9659258262890682,1.78183148246803,1.6234898018587336,0.0,0.9999999999999998,1,1
117231,1.0,1.0,1.0,1.0,1.0,10,4,8,1.5,0.1339745962155613,0.5661162608824419,0.09903113209758085,0.13397459621556151,0.49999999999999956,1,1
109470,1.0,3.0,1.0,1.0,1.0,23,7,5,0.7411809548974784,1.9659258262890682,0.9999999999999998,2.0,1.5,0.1339745962155613,1,1
27438,1.0,1.0,1.0,1.0,1.0,13,7,2,0.7411809548974793,0.03407417371093169,0.9999999999999998,2.0,1.8660254037844386,1.5,1,1
12993,3.0,1.0,1.0,3.0,1.0,7,4,2,1.9659258262890682,0.7411809548974794,0.5661162608824419,0.09903113209758085,1.8660254037844386,1.5,1,1
104994,1.0,1.0,3.0,2.0,1.0,9,1,11,1.7071067811865475,0.29289321881345254,1.78183148246803,1.6234898018587336,0.49999999999999956,1.8660254037844384,1,1
122181,1.0,2.0,1.0,1.0,1.0,16,3,1,0.13397459621556151,0.49999999999999956,1.4338837391175583,0.09903113209758097,1.5,1.8660254037844388,1,1
74378,1.0,1.0,1.0,1.0,1.0,16,6,5,0.13397459621556151,0.49999999999999956,0.21816851753197009,1.6234898018587334,1.5,0.1339745962155613,1,1
57013,1.0,1.0,1.0,1.0,1.0,13,2,5,0.7411809548974793,0.03407417371093169,1.9749279121818235,0.7774790660436857,1.5,0.1339745962155613,1,1
72107,1.0,1.0,3.0,1.0,1.0,14,4,12,0.5000000000000002,0.13397459621556118,0.5661162608824419,0.09903113209758085,0.9999999999999998,2.0,1,1
63263,1.0,1.0,2.0,1.0,1.0,9,2,3,1.7071067811865475,0.29289321881345254,1.9749279121818235,0.7774790660436857,2.0,1.0,1,1
156596,1.0,1.0,1.0,1.0,1.0,15,3,1,0.29289321881345287,0.2928932188134521,1.4338837391175583,0.09903113209758097,1.5,1.8660254037844388,2,1
129000,2.0,1.0,2.0,2.0,1.0,11,3,10,1.258819045102521,0.0340741737109318,1.4338837391175583,0.09903113209758097,0.1339745962155614,1.5,1,1
127700,1.0,1.0,2.0,1.0,1.0,10,2,12,1.5,0.1339745962155613,1.9749279121818235,0.7774790660436857,0.9999999999999998,2.0,2,1
151997,1.0,4.0,1.0,1.0,1.0,19,4,11,0.03407417371093158,1.2588190451025203,0.5661162608824419,0.09903113209758085,0.49999999999999956,1.8660254037844384,2,1
132779,1.0,1.0,1.0,1.0,1.0,14,2,9,0.5000000000000002,0.13397459621556118,1.9749279121818235,0.7774790660436857,0.0,0.9999999999999998,1,1
187931,1.0,3.0,2.0,1.0,1.0,19,3,12,0.03407417371093158,1.2588190451025203,1.4338837391175583,0.09903113209758097,0.9999999999999998,2.0,1,1
106333,1.0,1.0,3.0,2.0,1.0,16,3,5,0.13397459621556151,0.49999999999999956,1.4338837391175583,0.09903113209758097,1.5,0.1339745962155613,2,1
49449,1.0,1.0,1.0,3.0,1.0,8,2,2,1.8660254037844388,0.5000000000000002,1.9749279121818235,0.7774790660436857,1.8660254037844386,1.5,1,1
196918,1.0,2.0,1.0,1.0,1.0,6,4,12,2.0,1.0,0.5661162608824419,0.09903113209758085,0.9999999999999998,2.0,2,1
109592,1.0,3.0,1.0,1.0,1.0,22,7,9,0.49999999999999956,1.8660254037844384,0.9999999999999998,2.0,0.0,0.9999999999999998,1,0
28263,1.0,1.0,3.0,1.0,1.0,7,4,2,1.9659258262890682,0.7411809548974794,0.5661162608824419,0.09903113209758085,1.8660254037844386,1.5,1,1
13597,1.0,3.0,1.0,2.0,1.0,20,2,1,0.1339745962155614,1.5,1.9749279121818235,0.7774790660436857,1.5,1.8660254037844388,2,1
88256,2.0,1.0,2.0,2.0,1.0,7,4,6,1.9659258262890682,0.7411809548974794,0.5661162608824419,0.09903113209758085,1.0000000000000002,0.0,1,1
81838,1.0,1.0,2.0,1.0,1.0,10,6,5,1.5,0.1339745962155613,0.21816851753197009,1.6234898018587334,1.5,0.1339745962155613,1,1
57591,1.0,3.0,1.0,1.0,1.0,17,4,12,0.03407417371093169,0.7411809548974794,0.5661162608824419,0.09903113209758085,0.9999999999999998,2.0,1,1
159875,1.0,1.0,2.0,1.0,1.0,11,4,2,1.258819045102521,0.0340741737109318,0.5661162608824419,0.09903113209758085,1.8660254037844386,1.5,1,1
190164,1.0,1.0,1.0,1.0,1.0,16,4,6,0.13397459621556151,0.49999999999999956,0.5661162608824419,0.09903113209758085,1.0000000000000002,0.0,1,1
207736,1.0,3.0,1.0,1.0,1.0,22,6,1,0.49999999999999956,1.8660254037844384,0.21816851753197009,1.6234898018587334,1.5,1.8660254037844388,2,1
38599,1.0,1.0,1.0,1.0,1.0,8,4,3,1.8660254037844388,0.5000000000000002,0.5661162608824419,0.09903113209758085,2.0,1.0,1,1
31231,1.0,1.0,3.0,1.0,1.0,9,2,6,1.7071067811865475,0.29289321881345254,1.9749279121818235,0.7774790660436857,1.0000000000000002,0.0,2,1
158881,1.0,1.0,1.0,1.0,1.0,17,5,9,0.03407417371093169,0.7411809548974794,0.02507208781817638,0.7774790660436854,0.0,0.9999999999999998,2,1
152595,1.0,1.0,1.0,1.0,1.0,9,1,2,1.7071067811865475,0.29289321881345254,1.78183148246803,1.6234898018587336,1.8660254037844386,1.5,1,1
152261,1.0,3.0,1.0,1.0,1.0,21,4,3,0.2928932188134523,1.7071067811865475,0.5661162608824419,0.09903113209758085,2.0,1.0,1,1
146460,1.0,1.0,1.0,1.0,1.0,11,3,10,1.258819045102521,0.0340741737109318,1.4338837391175583,0.09903113209758097,0.1339745962155614,1.5,1,1
175067,1.0,1.0,1.0,2.0,1.0,14,4,1,0.5000000000000002,0.13397459621556118,0.5661162608824419,0.09903113209758085,1.5,1.8660254037844388,2,1
191021,1.0,1.0,3.0,1.0,1.0,16,5,5,0.13397459621556151,0.49999999999999956,0.02507208781817638,0.7774790660436854,1.5,0.1339745962155613,1,1
172229,1.0,1.0,1.0,1.0,1.0,18,6,5,0.0,0.9999999999999998,0.21816851753197009,1.6234898018587334,1.5,0.1339745962155613,2,1
171331,1.0,1.0,1.0,2.0,1.0,7,4,9,1.9659258262890682,0.7411809548974794,0.5661162608824419,0.09903113209758085,0.0,0.9999999999999998,1,1
157853,1.0,4.0,1.0,1.0,1.0,23,3,10,0.7411809548974784,1.9659258262890682,1.4338837391175583,0.09903113209758097,0.1339745962155614,1.5,2,1
12271,1.0,1.0,1.0,1.0,1.0,11,3,6,1.258819045102521,0.0340741737109318,1.4338837391175583,0.09903113209758097,1.0000000000000002,0.0,1,1
95888,1.0,1.0,1.0,1.0,1.0,16,1,9,0.13397459621556151,0.49999999999999956,1.78183148246803,1.6234898018587336,0.0,0.9999999999999998,1,1
166178,1.0,1.0,1.0,1.0,1.0,15,1,5,0.29289321881345287,0.2928932188134521,1.78183148246803,1.6234898018587336,1.5,0.1339745962155613,1,1
27059,1.0,1.0,1.0,1.0,1.0,15,7,8,0.29289321881345287,0.2928932188134521,0.9999999999999998,2.0,0.13397459621556151,0.49999999999999956,1,1
67899,1.0,1.0,3.0,1.0,1.0,13,6,1,0.7411809548974793,0.03407417371093169,0.21816851753197009,1.6234898018587334,1.5,1.8660254037844388,1,1
198349,1.0,1.0,3.0,1.0,4.0,16,5,8,0.13397459621556151,0.49999999999999956,0.02507208781817638,0.7774790660436854,0.13397459621556151,0.49999999999999956,2,1
124023,1.0,1.0,3.0,1.0,1.0,7,1,6,1.9659258262890682,0.7411809548974794,1.78183148246803,1.6234898018587336,1.0000000000000002,0.0,2,1
46614,1.0,1.0,1.0,1.0,1.0,15,1,9,0.29289321881345287,0.2928932188134521,1.78183148246803,1.6234898018587336,0.0,0.9999999999999998,1,1
32054,1.0,1.0,1.0,1.0,1.0,11,1,11,1.258819045102521,0.0340741737109318,1.78183148246803,1.6234898018587336,0.49999999999999956,1.8660254037844384,2,1
68594,1.0,1.0,1.0,1.0,1.0,7,3,4,1.9659258262890682,0.7411809548974794,1.4338837391175583,0.09903113209758097,1.8660254037844388,0.5000000000000002,1,1
129677,1.0,3.0,2.0,1.0,1.0,20,7,7,0.1339745962155614,1.5,0.9999999999999998,2.0,0.5000000000000002,0.13397459621556118,1,1
197989,1.0,1.0,3.0,1.0,1.0,11,3,8,1.258819045102521,0.0340741737109318,1.4338837391175583,0.09903113209758097,0.13397459621556151,0.49999999999999956,2,1
51959,1.0,1.0,1.0,1.0,1.0,13,3,2,0.7411809548974793,0.03407417371093169,1.4338837391175583,0.09903113209758097,1.8660254037844386,1.5,1,1
122663,1.0,1.0,2.0,1.0,1.0,8,2,10,1.8660254037844388,0.5000000000000002,1.9749279121818235,0.7774790660436857,0.1339745962155614,1.5,1,1
43682,2.0,1.0,3.0,2.0,1.0,10,4,10,1.5,0.1339745962155613,0.5661162608824419,0.09903113209758085,0.1339745962155614,1.5,2,1
36623,1.0,1.0,3.0,1.0,1.0,14,7,4,0.5000000000000002,0.13397459621556118,0.9999999999999998,2.0,1.8660254037844388,0.5000000000000002,1,1
24173,1.0,1.0,1.0,1.0,1.0,15,2,2,0.29289321881345287,0.2928932188134521,1.9749279121818235,0.7774790660436857,1.8660254037844386,1.5,2,1
22986,1.0,1.0,1.0,1.0,1.0,14,7,4,0.5000000000000002,0.13397459621556118,0.9999999999999998,2.0,1.8660254037844388,0.5000000000000002,2,1
80804,1.0,1.0,1.0,1.0,1.0,10,2,10,1.5,0.1339745962155613,1.9749279121818235,0.7774790660436857,0.1339745962155614,1.5,1,1
73903,1.0,1.0,2.0,1.0,1.0,11,2,11,1.258819045102521,0.0340741737109318,1.9749279121818235,0.7774790660436857,0.49999999999999956,1.8660254037844384,1,1
150580,1.0,1.0,2.0,1.0,1.0,9,3,12,1.7071067811865475,0.29289321881345254,1.4338837391175583,0.09903113209758097,0.9999999999999998,2.0,1,1
43895,1.0,1.0,3.0,1.0,1.0,16,7,9,0.13397459621556151,0.49999999999999956,0.9999999999999998,2.0,0.0,0.9999999999999998,1,1
31594,1.0,1.0,1.0,1.0,1.0,7,4,2,1.9659258262890682,0.7411809548974794,0.5661162608824419,0.09903113209758085,1.8660254037844386,1.5,1,1
93219,1.0,1.0,1.0,1.0,1.0,16,3,5,0.13397459621556151,0.49999999999999956,1.4338837391175583,0.09903113209758097,1.5,0.1339745962155613,1,1
107884,1.0,1.0,2.0,1.0,1.0,17,3,11,0.03407417371093169,0.7411809548974794,1.4338837391175583,0.09903113209758097,0.49999999999999956,1.8660254037844384,1,1
143283,1.0,1.0,3.0,1.0,1.0,13,4,11,0.7411809548974793,0.03407417371093169,0.5661162608824419,0.09903113209758085,0.49999999999999956,1.8660254037844384,1,1
28870,1.0,1.0,3.0,1.0,1.0,14,3,8,0.5000000000000002,0.13397459621556118,1.4338837391175583,0.09903113209758097,0.13397459621556151,0.49999999999999956,1,1
191826,2.0,2.0,1.0,1.0,1.0,22,5,5,0.49999999999999956,1.8660254037844384,0.02507208781817638,0.7774790660436854,1.5,0.1339745962155613,1,1