Unnamed: 0,weather_condition,lighting_condition,trafficway_type,roadway_surface_cond,road_defect,crash_hour,crash_day_of_week,crash_month,crash_hour_sin,crash_hour_cos,crash_day_sin,crash_day_cos,crash_month_sin,crash_month_cos,crash_type,intersection_related_i
15421,2.0,3.0,3.0,2.0,1.0,21,3,7,0.2928932188134523,1.7071067811865475,1.4338837391175583,0.09903113209758097,0.5000000000000002,0.13397459621556118,2,1
166769,1.0,2.0,3.0,1.0,1.0,6,2,12,2.0,1.0,1.9749279121818235,0.7774790660436857,0.9999999999999998,2.0,1,1
103226,1.0,1.0,2.0,1.0,1.0,15,2,8,0.29289321881345287,0.2928932188134521,1.9749279121818235,0.7774790660436857,0.13397459621556151,0.49999999999999956,2,1
88689,1.0,1.0,1.0,1.0,1.0,15,2,10,0.29289321881345287,0.2928932188134521,1.9749279121818235,0.7774790660436857,0.1339745962155614,1.5,1,1
147575,1.0,1.0,1.0,1.0,1.0,9,6,5,1.7071067811865475,0.29289321881345254,0.21816851753197009,1.6234898018587334,1.5,0.1339745962155613,2,1
153189,2.0,1.0,3.0,2.0,1.0,14,6,3,0.5000000000000002,0.13397459621556118,0.21816851753197009,1.6234898018587334,2.0,1.0,1,1
66239,1.0,1.0,1.0,1.0,1.0,15,4,11,0.29289321881345287,0.2928932188134521,0.5661162608824419,0.09903113209758085,0.49999999999999956,1.8660254037844384,1,1
120465,1.0,3.0,1.0,1.0,1.0,21,6,8,0.2928932188134523,1.7071067811865475,0.21816851753197009,1.6234898018587334,0.13397459621556151,0.49999999999999956,2,1
102388,1.0,3.0,1.0,1.0,1.0,20,6,4,0.1339745962155614,1.5,0.21816851753197009,1.6234898018587334,1.8660254037844388,0.5000000000000002,1,1
98224,1.0,1.0,1.0,1.0,1.0,12,1,8,1.0000000000000002,0.0,1.78183148246803,1.6234898018587336,0.13397459621556151,0.49999999999999956,2,1
127115,2.0,3.0,1.0,2.0,1.0,5,4,10,1.9659258262890682,1.2588190451025207,0.5661162608824419,0.09903113209758085,0.1339745962155614,1.5,2,1
156412,2.0,1.0,2.0,1.0,1.0,16,3,3,0.13397459621556151,0.49999999999999956,1.4338837391175583,0.09903113209758097,2.0,1.0,1,1
189499,1.0,1.0,4.0,1.0,1.0,17,7,8,0.03407417371093169,0.7411809548974794,0.9999999999999998,2.0,0.13397459621556151,0.49999999999999956,2,1
6668,1.0,1.0,1.0,1.0,1.0,6,4,8,2.0,1.0,0.5661162608824419,0.09903113209758085,0.13397459621556151,0.49999999999999956,1,1
141234,1.0,1.0,1.0,1.0,1.0,15,6,4,0.29289321881345287,0.2928932188134521,0.21816851753197009,1.6234898018587334,1.8660254037844388,0.5000000000000002,2,1
78441,1.0,1.0,1.0,1.0,1.0,14,6,8,0.5000000000000002,0.13397459621556118,0.21816851753197009,1.6234898018587334,0.13397459621556151,0.49999999999999956,2,1
38996,1.0,1.0,3.0,1.0,1.0,8,3,6,1.8660254037844388,0.5000000000000002,1.4338837391175583,0.09903113209758097,1.0000000000000002,0.0,1,1
154369,1.0,1.0,2.0,1.0,1.0,12,7,11,1.0000000000000002,0.0,0.9999999999999998,2.0,0.49999999999999956,1.8660254037844384,1,1
47515,1.0,1.0,2.0,1.0,1.0,17,5,8,0.03407417371093169,0.7411809548974794,0.02507208781817638,0.7774790660436854,0.13397459621556151,0.49999999999999956,2,1
69136,1.0,1.0,3.0,1.0,1.0,12,2,6,1.0000000000000002,0.0,1.9749279121818235,0.7774790660436857,1.0000000000000002,0.0,2,1
177349,1.0,1.0,1.0,1.0,1.0,15,1,7,0.29289321881345287,0.2928932188134521,1.78183148246803,1.6234898018587336,0.5000000000000002,0.13397459621556118,1,1
50287,1.0,1.0,1.0,1.0,1.0,15,3,8,0.29289321881345287,0.2928932188134521,1.4338837391175583,0.09903113209758097,0.13397459621556151,0.49999999999999956,1,1
159543,1.0,1.0,1.0,1.0,1.0,19,5,5,0.03407417371093158,1.2588190451025203,0.02507208781817638,0.7774790660436854,1.5,0.1339745962155613,2,1
141604,1.0,1.0,2.0,1.0,1.0,16,6,8,0.13397459621556151,0.49999999999999956,0.21816851753197009,1.6234898018587334,0.13397459621556151,0.49999999999999956,2,1
101254,3.0,4.0,1.0,2.0,1.0,6,6,12,2.0,1.0,0.21816851753197009,1.6234898018587334,0.9999999999999998,2.0,1,1
158700,3.0,1.0,2.0,3.0,1.0,10,6,12,1.5,0.1339745962155613,0.21816851753197009,1.6234898018587334,0.9999999999999998,2.0,1,1
33355,1.0,3.0,1.0,1.0,1.0,22,6,12,0.49999999999999956,1.8660254037844384,0.21816851753197009,1.6234898018587334,0.9999999999999998,2.0,2,1
167187,1.0,1.0,1.0,4.0,1.0,9,3,11,1.7071067811865475,0.29289321881345254,1.4338837391175583,0.09903113209758097,0.49999999999999956,1.8660254037844384,1,1
164199,1.0,1.0,1.0,1.0,1.0,15,6,12,0.29289321881345287,0.2928932188134521,0.21816851753197009,1.6234898018587334,0.9999999999999998,2.0,1,1
19772,1.0,1.0,3.0,2.0,1.0,6,7,4,2.0,1.0,0.9999999999999998,2.0,1.8660254037844388,0.5000000000000002,2,1
114488,1.0,1.0,2.0,1.0,1.0,13,4,10,0.7411809548974793,0.03407417371093169,0.5661162608824419,0.09903113209758085,0.1339745962155614,1.5,1,1
58754,1.0,1.0,1.0,1.0,1.0,18,5,8,0.0,0.9999999999999998,0.02507208781817638,0.7774790660436854,0.13397459621556151,0.49999999999999956,2,1
132082,1.0,1.0,2.0,1.0,1.0,13,6,1,0.7411809548974793,0.03407417371093169,0.21816851753197009,1.6234898018587334,1.5,1.8660254037844388,2,1
175208,1.0,1.0,1.0,1.0,1.0,8,3,5,1.8660254037844388,0.5000000000000002,1.4338837391175583,0.09903113209758097,1.5,0.1339745962155613,2,1
20062,1.0,1.0,3.0,1.0,1.0,14,3,8,0.5000000000000002,0.13397459621556118,1.4338837391175583,0.09903113209758097,0.13397459621556151,0.49999999999999956,2,1
164376,1.0,1.0,3.0,1.0,1.0,15,2,3,0.29289321881345287,0.2928932188134521,1.9749279121818235,0.7774790660436857,2.0,1.0,1,1
98158,1.0,1.0,2.0,1.0,1.0,12,1,2,1.0000000000000002,0.0,1.78183148246803,1.6234898018587336,1.8660254037844386,1.5,1,1
204244,1.0,1.0,3.0,1.0,1.0,11,4,11,1.258819045102521,0.0340741737109318,0.5661162608824419,0.09903113209758085,0.49999999999999956,1.8660254037844384,1,1
177448,1.0,1.0,1.0,1.0,1.0,13,4,11,0.7411809548974793,0.03407417371093169,0.5661162608824419,0.09903113209758085,0.49999999999999956,1.8660254037844384,1,1
61648,1.0,1.0,1.0,2.0,1.0,13,3,3,0.7411809548974793,0.03407417371093169,1.4338837391175583,0.09903113209758097,2.0,1.0,1,0
16597,1.0,1.0,1.0,1.0,1.0,14,6,7,0.5000000000000002,0.13397459621556118,0.21816851753197009,1.6234898018587334,0.5000000000000002,0.13397459621556118,1,1
202756,1.0,1.0,3.0,1.0,1.0,14,6,11,0.5000000000000002,0.13397459621556118,0.21816851753197009,1.6234898018587334,0.49999999999999956,1.8660254037844384,1,1
97691,1.0,1.0,4.0,1.0,1.0,13,5,4,0.7411809548974793,0.03407417371093169,0.02507208781817638,0.7774790660436854,1.8660254037844388,0.5000000000000002,1,1
47244,1.0,3.0,1.0,1.0,1.0,23,1,7,0.7411809548974784,1.9659258262890682,1.78183148246803,1.6234898018587336,0.5000000000000002,0.13397459621556118,1,1
75276,1.0,3.0,1.0,1.0,1.0,23,3,8,0.7411809548974784,1.9659258262890682,1.4338837391175583,0.09903113209758097,0.13397459621556151,0.49999999999999956,2,1
52196,1.0,1.0,1.0,1.0,1.0,11,7,4,1.258819045102521,0.0340741737109318,0.9999999999999998,2.0,1.8660254037844388,0.5000000000000002,1,0
190050,1.0,1.0,1.0,1.0,1.0,10,4,6,1.5,0.1339745962155613,0.5661162608824419,0.09903113209758085,1.0000000000000002,0.0,1,1
14734,1.0,1.0,1.0,1.0,1.0,17,4,3,0.03407417371093169,0.7411809548974794,0.5661162608824419,0.09903113209758085,2.0,1.0,2,1
10334,1.0,1.0,1.0,1.0,1.0,15,7,12,0.29289321881345287,0.2928932188134521,0.9999999999999998,2.0,0.9999999999999998,2.0,1,1
58850,1.0,1.0,1.0,1.0,1.0,16,5,12,0.13397459621556151,0.49999999999999956,0.02507208781817638,0.7774790660436854,0.9999999999999998,2.0,1,1
15534,1.0,1.0,2.0,1.0,1.0,12,6,2,1.0000000000000002,0.0,0.21816851753197009,1.6234898018587334,1.8660254037844386,1.5,1,1
17412,1.0,1.0,3.0,1.0,1.0,9,2,7,1.7071067811865475,0.29289321881345254,1.9749279121818235,0.7774790660436857,0.5000000000000002,0.13397459621556118,1,1
106577,1.0,3.0,1.0,1.0,1.0,23,1,10,0.7411809548974784,1.9659258262890682,1.78183148246803,1.6234898018587336,0.1339745962155614,1.5,1,1
176079,1.0,1.0,1.0,1.0,1.0,7,6,9,1.9659258262890682,0.7411809548974794,0.21816851753197009,1.6234898018587334,0.0,0.9999999999999998,2,1
127916,1.0,2.0,2.0,1.0,1.0,16,2,11,0.13397459621556151,0.49999999999999956,1.9749279121818235,0.7774790660436857,0.49999999999999956,1.8660254037844384,1,1
198345,1.0,1.0,3.0,1.0,1.0,12,6,9,1.0000000000000002,0.0,0.21816851753197009,1.6234898018587334,0.0,0.9999999999999998,2,1
117651,1.0,1.0,1.0,1.0,1.0,15,6,5,0.29289321881345287,0.2928932188134521,0.21816851753197009,1.6234898018587334,1.5,0.1339745962155613,1,1
61982,1.0,4.0,1.0,1.0,1.0,5,7,12,1.9659258262890682,1.2588190451025207,0.9999999999999998,2.0,0.9999999999999998,2.0,2,1
165578,1.0,1.0,3.0,1.0,1.0,14,5,5,0.5000000000000002,0.13397459621556118,0.02507208781817638,0.7774790660436854,1.5,0.1339745962155613,2,1
190633,2.0,2.0,1.0,2.0,1.0,15,6,4,0.29289321881345287,0.2928932188134521,0.21816851753197009,1.6234898018587334,1.8660254037844388,0.5000000000000002,1,1
88793,1.0,1.0,1.0,1.0,1.0,11,3,6,1.258819045102521,0.0340741737109318,1.4338837391175583,0.09903113209758097,1.0000000000000002,0.0,1,1
5699,3.0,1.0,1.0,2.0,1.0,8,5,1,1.8660254037844388,0.5000000000000002,0.02507208781817638,0.7774790660436854,1.5,1.8660254037844388,1,1
90701,1.0,1.0,1.0,1.0,1.0,16,3,10,0.13397459621556151,0.49999999999999956,1.4338837391175583,0.09903113209758097,0.1339745962155614,1.5,1,1
80056,1.0,3.0,1.0,2.0,1.0,21,6,9,0.2928932188134523,1.7071067811865475,0.21816851753197009,1.6234898018587334,0.0,0.9999999999999998,2,1
147141,2.0,1.0,1.0,1.0,1.0,9,7,9,1.7071067811865475,0.29289321881345254,0.9999999999999998,2.0,0.0,0.9999999999999998,1,1
123459,1.0,3.0,3.0,1.0,1.0,23,7,6,0.7411809548974784,1.9659258262890682,0.9999999999999998,2.0,1.0000000000000002,0.0,1,1
8480,1.0,1.0,1.0,1.0,1.0,17,6,8,0.03407417371093169,0.7411809548974794,0.21816851753197009,1.6234898018587334,0.13397459621556151,0.49999999999999956,1,1
85430,1.0,1.0,3.0,1.0,1.0,18,6,8,0.0,0.9999999999999998,0.21816851753197009,1.6234898018587334,0.13397459621556151,0.49999999999999956,2,1
157767,1.0,1.0,1.0,1.0,1.0,8,1,11,1.8660254037844388,0.5000000000000002,1.78183148246803,1.6234898018587336,0.49999999999999956,1.8660254037844384,1,1
10892,1.0,1.0,1.0,1.0,1.0,18,2,6,0.0,0.9999999999999998,1.9749279121818235,0.7774790660436857,1.0000000000000002,0.0,2,1
185569,1.0,1.0,1.0,1.0,1.0,19,2,7,0.03407417371093158,1.2588190451025203,1.9749279121818235,0.7774790660436857,0.5000000000000002,0.13397459621556118,1,1
50218,1.0,1.0,1.8332037225905151,1.0,1.0,16,2,9,0.13397459621556151,0.49999999999999956,1.9749279121818235,0.7774790660436857,0.0,0.9999999999999998,1,1
37182,1.0,3.0,2.0,1.0,1.0,19,4,4,0.03407417371093158,1.2588190451025203,0.5661162608824419,0.09903113209758085,1.8660254037844388,0.5000000000000002,2,0
140162,1.0,1.0,1.0,1.0,1.0,17,4,6,0.03407417371093169,0.7411809548974794,0.5661162608824419,0.09903113209758085,1.0000000000000002,0.0,2,1
175384,1.0,4.0,1.0,1.0,1.0,20,3,2,0.1339745962155614,1.5,1.4338837391175583,0.09903113209758097,1.8660254037844386,1.5,1,1
54280,1.0,1.0,1.0,1.0,1.0,8,6,10,1.8660254037844388,0.5000000000000002,0.21816851753197009,1.6234898018587334,0.1339745962155614,1.5,1,1
133221,1.0,1.0,3.0,1.0,1.0,11,7,7,1.258819045102521,0.0340741737109318,0.9999999999999998,2.0,0.5000000000000002,0.13397459621556118,2,1
81854,1.0,3.0,1.0,1.0,1.0,20,6,9,0.1339745962155614,1.5,0.21816851753197009,1.6234898018587334,0.0,0.9999999999999998,1,1
167224,1.0,1.0,1.0,1.0,1.0,16,3,4,0.13397459621556151,0.49999999999999956,1.4338837391175583,0.09903113209758097,1.8660254037844388,0.5000000000000002,1,1
83366,1.0,2.0,2.0,1.0,1.0,5,6,4,1.9659258262890682,1.2588190451025207,0.21816851753197009,1.6234898018587334,1.8660254037844388,0.5000000000000002,1,1
131754,2.0,1.0,1.0,2.0,1.0,11,3,10,1.258819045102521,0.0340741737109318,1.4338837391175583,0.09903113209758097,0.1339745962155614,1.5,2,1
155387,1.0,1.0,2.0,1.0,1.0,9,5,5,1.7071067811865475,0.29289321881345254,0.02507208781817638,0.7774790660436854,1.5,0.1339745962155613,1,1
48574,2.0,1.0,2.0,2.0,1.0,8,3,9,1.8660254037844388,0.5000000000000002,1.4338837391175583,0.09903113209758097,0.0,0.9999999999999998,1,1
14375,1.0,4.0,3.0,1.0,1.0,3,1,7,1.7071067811865475,1.7071067811865475,1.78183148246803,1.6234898018587336,0.5000000000000002,0.13397459621556118,2,1
76958,1.0,3.0,1.0,1.0,1.0,17,2,12,0.03407417371093169,0.7411809548974794,1.9749279121818235,0.7774790660436857,0.9999999999999998,2.0,2,1
167922,1.0,1.0,1.0,1.0,1.0,8,4,5,1.8660254037844388,0.5000000000000002,0.5661162608824419,0.09903113209758085,1.5,0.1339745962155613,1,1
130270,1.0,1.0,1.0,1.0,1.0,7,5,9,1.9659258262890682,0.7411809548974794,0.02507208781817638,0.7774790660436854,0.0,0.9999999999999998,1,1
25891,2.0,2.0,1.0,2.0,1.0,6,6,4,2.0,1.0,0.21816851753197009,1.6234898018587334,1.8660254037844388,0.5000000000000002,2,1
117047,1.0,1.0,1.0,1.0,1.0,19,2,4,0.03407417371093158,1.2588190451025203,1.9749279121818235,0.7774790660436857,1.8660254037844388,0.5000000000000002,1,1
173464,1.0,3.0,3.0,2.0,1.0,23,7,3,0.7411809548974784,1.9659258262890682,0.9999999999999998,2.0,2.0,1.0,1,1
92086,1.0,3.0,1.0,1.0,1.0,20,5,9,0.1339745962155614,1.5,0.02507208781817638,0.7774790660436854,0.0,0.9999999999999998,1,1
18378,1.0,3.0,3.0,1.0,1.0,4,4,4,1.8660254037844386,1.5,0.5661162608824419,0.09903113209758085,1.8660254037844388,0.5000000000000002,2,1
196379,1.0,1.0,1.8332037225905151,1.0,1.0,13,5,2,0.7411809548974793,0.03407417371093169,0.02507208781817638,0.7774790660436854,1.8660254037844386,1.5,1,1
1999,1.0,4.0,1.0,2.0,1.0,20,2,1,0.1339745962155614,1.5,1.9749279121818235,0.7774790660436857,1.5,1.8660254037844388,2,1
75355,1.0,1.0,1.0,1.0,1.0,15,3,10,0.29289321881345287,0.2928932188134521,1.4338837391175583,0.09903113209758097,0.1339745962155614,1.5,1,0
27043,1.0,1.0,1.0,1.0,1.0,10,5,2,1.5,0.1339745962155613,0.02507208781817638,0.7774790660436854,1.8660254037844386,1.5,1,1
135854,1.0,1.0,1.0,1.0,1.0,8,2,3,1.8660254037844388,0.5000000000000002,1.9749279121818235,0.7774790660436857,2.0,1.0,1,1
37579,1.0,1.0,3.0,1.0,1.0,13,4,5,0.7411809548974793,0.03407417371093169,0.5661162608824419,0.09903113209758085,1.5,0.1339745962155613,1,1
180571,1.0,3.0,1.0,1.0,1.0,19,6,1,0.03407417371093158,1.2588190451025203,0.21816851753197009,1.6234898018587334,1.5,1.8660254037844388,2,1
189552,1.0,1.0,1.0,1.0,1.0,12,6,9,1.0000000000000002,0.0,0.21816851753197009,1.6234898018587334,0.0,0.9999999999999998,1,1
209053,1.0,1.0,2.0,1.0,1.0,8,2,3,1.8660254037844388,0.5000000000000002,1.9749279121818235,0.7774790660436857,2.0,1.0,1,0
31298,1.0,3.0,2.0,1.0,1.0,23,1,10,0.7411809548974784,1.9659258262890682,1.78183148246803,1.6234898018587336,0.1339745962155614,1.5,1,1
101045,1.0,1.0,1.0,1.0,1.0,13,5,1,0.7411809548974793,0.03407417371093169,0.02507208781817638,0.7774790660436854,1.5,1.8660254037844388,1,1
111268,1.0,3.0,3.0,1.0,1.0,17,3,12,0.03407417371093169,0.7411809548974794,1.4338837391175583,0.09903113209758097,0.9999999999999998,2.0,1,1
160369,1.0,4.0,2.0,1.0,1.0,18,5,3,0.0,0.9999999999999998,0.02507208781817638,0.7774790660436854,2.0,1.0,1,1
86540,1.0,1.0,2.0,2.0,1.0,10,5,11,1.5,0.1339745962155613,0.02507208781817638,0.7774790660436854,0.49999999999999956,1.8660254037844384,1,1
166263,1.0,1.0,1.0,1.0,1.0,15,5,8,0.29289321881345287,0.2928932188134521,0.02507208781817638,0.7774790660436854,0.13397459621556151,0.49999999999999956,2,1
41667,1.0,1.0,3.0,2.0,1.0,13,5,5,0.7411809548974793,0.03407417371093169,0.02507208781817638,0.7774790660436854,1.5,0.1339745962155613,2,1
174420,1.0,2.0,1.0,1.0,1.0,18,5,12,0.0,0.9999999999999998,0.02507208781817638,0.7774790660436854,0.9999999999999998,2.0,1,1
117847,2.0,1.0,2.0,2.0,1.0,11,6,6,1.258819045102521,0.0340741737109318,0.21816851753197009,1.6234898018587334,1.0000000000000002,0.0,2,1
60639,1.0,1.0,1.0,1.0,1.0,17,2,8,0.03407417371093169,0.7411809548974794,1.9749279121818235,0.7774790660436857,0.13397459621556151,0.49999999999999956,2,1
92468,1.0,1.0,1.0,1.0,1.0,16,5,8,0.13397459621556151,0.49999999999999956,0.02507208781817638,0.7774790660436854,0.13397459621556151,0.49999999999999956,2,1
6246,1.0,1.0,2.0,1.0,1.0,18,7,6,0.0,0.9999999999999998,0.9999999999999998,2.0,1.0000000000000002,0.0,2,1
113393,1.0,1.0,1.0,1.0,1.0,13,6,6,0.7411809548974793,0.03407417371093169,0.21816851753197009,1.6234898018587334,1.0000000000000002,0.0,1,1
4606,1.0,1.0,3.0,1.0,1.0,13,4,2,0.7411809548974793,0.03407417371093169,0.5661162608824419,0.09903113209758085,1.8660254037844386,1.5,1,1
84934,1.0,3.0,2.0,2.0,1.0,22,6,1,0.49999999999999956,1.8660254037844384,0.21816851753197009,1.6234898018587334,1.5,1.8660254037844388,1,1
147271,1.0,1.0,3.0,1.0,1.0,17,2,5,0.03407417371093169,0.7411809548974794,1.9749279121818235,0.7774790660436857,1.5,0.1339745962155613,1,1
49854,1.0,1.0,3.0,1.0,1.0,7,2,2,1.9659258262890682,0.7411809548974794,1.9749279121818235,0.7774790660436857,1.8660254037844386,1.5,1,1
107117,1.0,1.0,2.0,1.0,1.0,18,1,9,0.0,0.9999999999999998,1.78183148246803,1.6234898018587336,0.0,0.9999999999999998,2,1
136760,1.0,1.0,1.0,1.0,1.0,15,4,7,0.29289321881345287,0.2928932188134521,0.5661162608824419,0.09903113209758085,0.5000000000000002,0.13397459621556118,1,1
124483,1.0,1.0,1.0,1.0,3.0,9,7,9,1.7071067811865475,0.29289321881345254,0.9999999999999998,2.0,0.0,0.9999999999999998,1,1
177742,1.0,1.0,1.0,1.0,1.0,17,3,3,0.03407417371093169,0.7411809548974794,1.4338837391175583,0.09903113209758097,2.0,1.0,1,1
71606,1.0,1.0,1.0,1.0,1.0,10,4,1,1.5,0.1339745962155613,0.5661162608824419,0.09903113209758085,1.5,1.8660254037844388,1,1
156898,1.0,1.0,2.0,1.0,1.0,16,3,9,0.13397459621556151,0.49999999999999956,1.4338837391175583,0.09903113209758097,0.0,0.9999999999999998,1,1
165879,1.0,1.0,1.0,1.0,1.0,16,2,4,0.13397459621556151,0.49999999999999956,1.9749279121818235,0.7774790660436857,1.8660254037844388,0.5000000000000002,1,1
29296,1.0,1.0,3.0,1.0,1.0,10,5,5,1.5,0.1339745962155613,0.02507208781817638,0.7774790660436854,1.5,0.1339745962155613,2,1
47058,1.0,2.0,1.0,1.0,1.0,18,4,5,0.0,0.9999999999999998,0.5661162608824419,0.09903113209758085,1.5,0.1339745962155613,1,1
9890,1.0,1.0,3.0,1.0,1.0,15,4,4,0.29289321881345287,0.2928932188134521,0.5661162608824419,0.09903113209758085,1.8660254037844388,0.5000000000000002,1,1
202080,1.0,1.0,1.0,1.0,1.0,14,4,10,0.5000000000000002,0.13397459621556118,0.5661162608824419,0.09903113209758085,0.1339745962155614,1.5,1,1
200926,1.0,1.0,3.0,1.0,1.0,13,3,10,0.7411809548974793,0.03407417371093169,1.4338837391175583,0.09903113209758097,0.1339745962155614,1.5,1,1
125942,1.0,1.0,1.0,1.0,1.0,13,3,7,0.7411809548974793,0.03407417371093169,1.4338837391175583,0.09903113209758097,0.5000000000000002,0.13397459621556118,1,1
1979,1.0,1.0,2.0,1.0,1.0,9,4,1,1.7071067811865475,0.29289321881345254,0.5661162608824419,0.09903113209758085,1.5,1.8660254037844388,1,1
38047,2.0,3.0,1.0,2.0,1.0,4,4,5,1.8660254037844386,1.5,0.5661162608824419,0.09903113209758085,1.5,0.1339745962155613,1,1
4843,1.0,1.0,3.0,2.0,1.0,16,5,2,0.13397459621556151,0.49999999999999956,0.02507208781817638,0.7774790660436854,1.8660254037844386,1.5,2,1
208074,1.0,1.0,1.0,2.0,1.0,11,3,12,1.258819045102521,0.0340741737109318,1.4338837391175583,0.09903113209758097,0.9999999999999998,2.0,1,1
5250,1.0,1.0,1.0,1.0,1.0,12,1,8,1.0000000000000002,0.0,1.78183148246803,1.6234898018587336,0.13397459621556151,0.49999999999999956,1,1
100923,1.0,1.0,2.0,1.0,1.0,12,6,7,1.0000000000000002,0.0,0.21816851753197009,1.6234898018587334,0.5000000000000002,0.13397459621556118,1,1
21713,1.0,3.0,1.0,1.0,1.0,23,1,9,0.7411809548974784,1.9659258262890682,1.78183148246803,1.6234898018587336,0.0,0.9999999999999998,1,1
20275,1.0,1.0,3.0,1.0,1.0,7,2,11,1.9659258262890682,0.7411809548974794,1.9749279121818235,0.7774790660436857,0.49999999999999956,1.8660254037844384,1,1
203326,1.0,1.0,3.0,1.0,3.0,16,6,11,0.13397459621556151,0.49999999999999956,0.21816851753197009,1.6234898018587334,0.49999999999999956,1.8660254037844384,1,1
131255,1.0,1.0,3.0,1.0,1.0,18,4,7,0.0,0.9999999999999998,0.5661162608824419,0.09903113209758085,0.5000000000000002,0.13397459621556118,2,1
92662,3.0,3.0,3.0,2.0,1.0,18,3,1,0.0,0.9999999999999998,1.4338837391175583,0.09903113209758097,1.5,1.8660254037844388,2,1
103605,1.0,1.0,2.0,1.0,1.0,12,2,5,1.0000000000000002,0.0,1.9749279121818235,0.7774790660436857,1.5,0.1339745962155613,2,1
127356,1.0,1.0,2.0,1.0,1.0,9,6,9,1.7071067811865475,0.29289321881345254,0.21816851753197009,1.6234898018587334,0.0,0.9999999999999998,1,1
48427,1.0,1.0,1.0,1.0,1.0,19,5,6,0.03407417371093158,1.2588190451025203,0.02507208781817638,0.7774790660436854,1.0000000000000002,0.0,2,1
3762,1.0,1.0,1.0,1.0,1.0,9,6,10,1.7071067811865475,0.29289321881345254,0.21816851753197009,1.6234898018587334,0.1339745962155614,1.5,1,1
147241,1.0,1.0,1.0,2.0,1.0,16,3,9,0.13397459621556151,0.49999999999999956,1.4338837391175583,0.09903113209758097,0.0,0.9999999999999998,1,1
178276,1.0,1.0,1.0,1.0,1.0,13,1,3,0.7411809548974793,0.03407417371093169,1.78183148246803,1.6234898018587336,2.0,1.0,1,0
76508,1.0,1.0,2.0,1.0,1.0,7,5,3,1.9659258262890682,0.7411809548974794,0.02507208781817638,0.7774790660436854,2.0,1.0,1,1
45373,1.0,1.0,1.0,1.0,1.0,10,3,8,1.5,0.1339745962155613,1.4338837391175583,0.09903113209758097,0.13397459621556151,0.49999999999999956,1,1
85840,1.0,1.0,1.0,1.0,1.0,8,4,10,1.8660254037844388,0.5000000000000002,0.5661162608824419,0.09903113209758085,0.1339745962155614,1.5,2,1
176439,1.0,3.0,3.0,1.0,1.0,23,7,3,0.7411809548974784,1.9659258262890682,0.9999999999999998,2.0,2.0,1.0,2,1
173185,1.0,1.0,3.0,1.0,1.0,17,5,6,0.03407417371093169,0.7411809548974794,0.02507208781817638,0.7774790660436854,1.0000000000000002,0.0,1,1
24528,2.0,1.0,1.0,1.0,1.0,15,7,9,0.29289321881345287,0.2928932188134521,0.9999999999999998,2.0,0.0,0.9999999999999998,1,1
10442,1.0,1.0,3.0,1.0,1.0,8,4,2,1.8660254037844388,0.5000000000000002,0.5661162608824419,0.09903113209758085,1.8660254037844386,1.5,1,1
74499,1.0,1.0,2.0,1.0,3.0,12,6,4,1.0000000000000002,0.0,0.21816851753197009,1.6234898018587334,1.8660254037844388,0.5000000000000002,1,1
202132,1.0,3.0,2.0,1.0,1.0,18,5,10,0.0,0.9999999999999998,0.02507208781817638,0.7774790660436854,0.1339745962155614,1.5,2,1
175061,1.0,1.0,1.0,1.0,1.0,13,2,12,0.7411809548974793,0.03407417371093169,1.9749279121818235,0.7774790660436857,0.9999999999999998,2.0,1,1
33615,1.0,1.0,1.0,1.0,1.0,18,3,11,0.0,0.9999999999999998,1.4338837391175583,0.09903113209758097,0.49999999999999956,1.8660254037844384,1,1
140950,1.0,1.0,2.0,1.0,1.0,13,1,7,0.7411809548974793,0.03407417371093169,1.78183148246803,1.6234898018587336,0.5000000000000002,0.13397459621556118,2,1
197408,1.0,1.0,2.0,1.0,1.0,7,5,8,1.9659258262890682,0.7411809548974794,0.02507208781817638,0.7774790660436854,0.13397459621556151,0.49999999999999956,1,1
185865,2.0,1.0,2.0,2.0,1.0,11,7,11,1.258819045102521,0.0340741737109318,0.9999999999999998,2.0,0.49999999999999956,1.8660254037844384,1,1
4248,1.0,1.0,3.0,1.0,1.0,13,7,5,0.7411809548974793,0.03407417371093169,0.9999999999999998,2.0,1.5,0.1339745962155613,2,1
26950,1.0,1.0,3.0,1.0,1.0,17,4,8,0.03407417371093169,0.7411809548974794,0.5661162608824419,0.09903113209758085,0.13397459621556151,0.49999999999999956,1,1
115617,1.0,1.0,3.0,1.0,1.0,9,1,2,1.7071067811865475,0.29289321881345254,1.78183148246803,1.6234898018587336,1.8660254037844386,1.5,1,1
70364,1.0,1.0,1.0,1.0,1.0,12,1,6,1.0000000000000002,0.0,1.78183148246803,1.6234898018587336,1.0000000000000002,0.0,1,1
174376,1.0,1.0,3.0,1.0,1.0,6,5,12,2.0,1.0,0.02507208781817638,0.7774790660436854,0.9999999999999998,2.0,2,1
179132,1.0,1.0,3.0,1.0,1.0,16,5,5,0.13397459621556151,0.49999999999999956,0.02507208781817638,0.7774790660436854,1.5,0.1339745962155613,1,1
27013,1.0,1.0,1.0,1.0,1.0,12,4,2,1.0000000000000002,0.0,0.5661162608824419,0.09903113209758085,1.8660254037844386,1.5,1,1
57987,1.0,1.0,3.0,1.0,1.0,13,4,12,0.7411809548974793,0.03407417371093169,0.5661162608824419,0.09903113209758085,0.9999999999999998,2.0,1,1
194017,1.0,1.0,1.0,1.0,1.0,14,6,8,0.5000000000000002,0.13397459621556118,0.21816851753197009,1.6234898018587334,0.13397459621556151,0.49999999999999956,2,1
195458,2.0,1.0,1.0,2.0,1.0,9,5,2,1.7071067811865475,0.29289321881345254,0.02507208781817638,0.7774790660436854,1.8660254037844386,1.5,1,1