Unnamed: 0,weather_condition,lighting_condition,trafficway_type,roadway_surface_cond,road_defect,crash_hour,crash_day_of_week,crash_month,crash_hour_sin,crash_hour_cos,crash_day_sin,crash_day_cos,crash_month_sin,crash_month_cos,crash_type,intersection_related_i
40619,1.0,1.0,3.0,1.0,1.0,9,6,9,1.7071067811865475,0.29289321881345254,0.21816851753197009,1.6234898018587334,0.0,0.9999999999999998,1,1
50941,2.0,1.0,2.0,2.0,1.0,11,6,9,1.258819045102521,0.0340741737109318,0.21816851753197009,1.6234898018587334,0.0,0.9999999999999998,2,1
183596,2.0,1.0,1.0,2.0,1.0,6,5,8,2.0,1.0,0.02507208781817638,0.7774790660436854,0.13397459621556151,0.49999999999999956,2,0
36940,1.0,1.0,3.0,1.0,1.0,17,5,9,0.03407417371093169,0.7411809548974794,0.02507208781817638,0.7774790660436854,0.0,0.9999999999999998,1,1
17791,2.0,3.0,3.0,2.0,1.0,18,5,1,0.0,0.9999999999999998,0.02507208781817638,0.7774790660436854,1.5,1.8660254037844388,2,1
66118,1.0,1.0,1.0,1.0,1.0,13,7,6,0.7411809548974793,0.03407417371093169,0.9999999999999998,2.0,1.0000000000000002,0.0,1,1
18387,1.0,1.0,3.0,1.0,1.0,15,4,11,0.29289321881345287,0.2928932188134521,0.5661162608824419,0.09903113209758085,0.49999999999999956,1.8660254037844384,1,1
147058,1.0,2.0,2.0,1.0,1.0,18,3,5,0.0,0.9999999999999998,1.4338837391175583,0.09903113209758097,1.5,0.1339745962155613,1,1
115668,1.0,1.0,2.0,1.0,1.0,11,2,9,1.258819045102521,0.0340741737109318,1.9749279121818235,0.7774790660436857,0.0,0.9999999999999998,2,1
147245,1.0,1.0,3.0,1.0,1.0,13,2,7,0.7411809548974793,0.03407417371093169,1.9749279121818235,0.7774790660436857,0.5000000000000002,0.13397459621556118,1,1
120065,1.0,4.0,2.0,1.0,1.0,3,6,11,1.7071067811865475,1.7071067811865475,0.21816851753197009,1.6234898018587334,0.49999999999999956,1.8660254037844384,1,1
81252,1.0,1.0,3.0,1.0,1.0,16,2,4,0.13397459621556151,0.49999999999999956,1.9749279121818235,0.7774790660436857,1.8660254037844388,0.5000000000000002,1,1
6941,1.0,3.0,3.0,1.0,1.0,22,3,8,0.49999999999999956,1.8660254037844384,1.4338837391175583,0.09903113209758097,0.13397459621556151,0.49999999999999956,1,1
110162,1.0,1.0,2.0,1.0,1.0,22,7,7,0.49999999999999956,1.8660254037844384,0.9999999999999998,2.0,0.5000000000000002,0.13397459621556118,2,1
200028,1.0,1.0,3.0,1.0,1.0,8,5,9,1.8660254037844388,0.5000000000000002,0.02507208781817638,0.7774790660436854,0.0,0.9999999999999998,2,1
135701,1.0,1.0,1.0,1.0,1.0,13,4,6,0.7411809548974793,0.03407417371093169,0.5661162608824419,0.09903113209758085,1.0000000000000002,0.0,1,1
44293,1.0,1.0,1.0,1.0,1.0,16,6,10,0.13397459621556151,0.49999999999999956,0.21816851753197009,1.6234898018587334,0.1339745962155614,1.5,1,1
193435,2.0,1.0,1.0,2.0,1.0,7,7,6,1.9659258262890682,0.7411809548974794,0.9999999999999998,2.0,1.0000000000000002,0.0,2,1
157780,2.0,3.0,2.0,1.0,1.0,5,4,9,1.9659258262890682,1.2588190451025207,0.5661162608824419,0.09903113209758085,0.0,0.9999999999999998,2,1
108851,1.0,1.0,3.0,2.0,1.0,15,6,3,0.29289321881345287,0.2928932188134521,0.21816851753197009,1.6234898018587334,2.0,1.0,2,1
109364,2.0,1.0,1.0,2.0,1.0,13,5,3,0.7411809548974793,0.03407417371093169,0.02507208781817638,0.7774790660436854,2.0,1.0,1,1
77427,1.0,2.0,1.0,1.0,1.0,6,2,10,2.0,1.0,1.9749279121818235,0.7774790660436857,0.1339745962155614,1.5,2,1
160992,1.0,1.0,3.0,1.0,1.0,15,5,8,0.29289321881345287,0.2928932188134521,0.02507208781817638,0.7774790660436854,0.13397459621556151,0.49999999999999956,1,1
50251,1.0,1.0,1.0,1.0,1.0,17,5,1,0.03407417371093169,0.7411809548974794,0.02507208781817638,0.7774790660436854,1.5,1.8660254037844388,1,1
38266,2.0,3.0,1.0,2.0,1.0,19,4,4,0.03407417371093158,1.2588190451025203,0.5661162608824419,0.09903113209758085,1.8660254037844388,0.5000000000000002,1,1
153482,1.0,1.0,3.0,1.0,1.0,15,3,6,0.29289321881345287,0.2928932188134521,1.4338837391175583,0.09903113209758097,1.0000000000000002,0.0,1,1
117253,1.0,1.0,1.0,1.0,1.0,15,5,9,0.29289321881345287,0.2928932188134521,0.02507208781817638,0.7774790660436854,0.0,0.9999999999999998,2,1
130758,2.0,3.0,1.0,2.0,1.0,3,1,9,1.7071067811865475,1.7071067811865475,1.78183148246803,1.6234898018587336,0.0,0.9999999999999998,1,1
81459,1.0,1.0,2.0,1.0,1.0,7,6,4,1.9659258262890682,0.7411809548974794,0.21816851753197009,1.6234898018587334,1.8660254037844388,0.5000000000000002,2,1
35089,1.0,3.0,1.0,2.0,1.0,18,3,1,0.0,0.9999999999999998,1.4338837391175583,0.09903113209758097,1.5,1.8660254037844388,1,1
195413,1.0,1.0,1.0,2.0,1.0,15,5,10,0.29289321881345287,0.2928932188134521,0.02507208781817638,0.7774790660436854,0.1339745962155614,1.5,1,1
11273,2.0,3.0,1.0,2.0,1.0,17,3,12,0.03407417371093169,0.7411809548974794,1.4338837391175583,0.09903113209758097,0.9999999999999998,2.0,1,1
138360,1.0,3.0,2.0,1.0,1.0,19,7,11,0.03407417371093158,1.2588190451025203,0.9999999999999998,2.0,0.49999999999999956,1.8660254037844384,2,1
7947,1.0,1.0,2.0,1.0,1.0,13,3,11,0.7411809548974793,0.03407417371093169,1.4338837391175583,0.09903113209758097,0.49999999999999956,1.8660254037844384,1,1
112292,1.0,1.0,2.0,2.0,1.0,17,4,4,0.03407417371093169,0.7411809548974794,0.5661162608824419,0.09903113209758085,1.8660254037844388,0.5000000000000002,2,1
190603,1.0,1.0,2.0,1.0,1.0,10,4,3,1.5,0.1339745962155613,0.5661162608824419,0.09903113209758085,2.0,1.0,2,1
156767,1.0,3.0,2.0,1.0,1.0,21,7,3,0.2928932188134523,1.7071067811865475,0.9999999999999998,2.0,2.0,1.0,1,1
161599,1.0,2.0,3.0,1.0,1.0,18,3,3,0.0,0.9999999999999998,1.4338837391175583,0.09903113209758097,2.0,1.0,1,1
37756,1.0,1.0,1.0,1.0,1.0,10,2,2,1.5,0.1339745962155613,1.9749279121818235,0.7774790660436857,1.8660254037844386,1.5,1,1
178366,2.0,1.0,1.0,2.0,1.0,16,2,9,0.13397459621556151,0.49999999999999956,1.9749279121818235,0.7774790660436857,0.0,0.9999999999999998,1,1
187610,1.0,3.0,2.0,1.0,1.0,17,3,12,0.03407417371093169,0.7411809548974794,1.4338837391175583,0.09903113209758097,0.9999999999999998,2.0,2,1
18756,1.0,1.0,3.0,1.0,1.0,15,6,3,0.29289321881345287,0.2928932188134521,0.21816851753197009,1.6234898018587334,2.0,1.0,2,1
39815,1.0,3.0,3.0,2.0,1.0,16,5,1,0.13397459621556151,0.49999999999999956,0.02507208781817638,0.7774790660436854,1.5,1.8660254037844388,2,1
170423,2.0,3.0,1.0,2.0,1.0,23,4,8,0.7411809548974784,1.9659258262890682,0.5661162608824419,0.09903113209758085,0.13397459621556151,0.49999999999999956,2,1
69118,2.0,1.0,3.0,2.0,1.0,11,2,10,1.258819045102521,0.0340741737109318,1.9749279121818235,0.7774790660436857,0.1339745962155614,1.5,2,1
150322,1.0,1.0,1.0,1.0,1.0,16,5,4,0.13397459621556151,0.49999999999999956,0.02507208781817638,0.7774790660436854,1.8660254037844388,0.5000000000000002,2,1
19778,1.0,1.0,2.0,1.0,1.0,17,1,9,0.03407417371093169,0.7411809548974794,1.78183148246803,1.6234898018587336,0.0,0.9999999999999998,1,1
88959,1.0,1.0,1.0,1.0,1.0,18,7,7,0.0,0.9999999999999998,0.9999999999999998,2.0,0.5000000000000002,0.13397459621556118,2,1
56993,1.0,3.0,1.0,1.0,1.0,22,6,5,0.49999999999999956,1.8660254037844384,0.21816851753197009,1.6234898018587334,1.5,0.1339745962155613,2,1
33938,1.0,1.0,3.0,1.0,1.0,16,6,3,0.13397459621556151,0.49999999999999956,0.21816851753197009,1.6234898018587334,2.0,1.0,1,1
180776,1.0,1.0,1.0,2.0,1.0,17,7,5,0.03407417371093169,0.7411809548974794,0.9999999999999998,2.0,1.5,0.1339745962155613,1,1
205649,1.0,1.0,3.0,1.0,1.0,9,6,12,1.7071067811865475,0.29289321881345254,0.21816851753197009,1.6234898018587334,0.9999999999999998,2.0,2,1
82848,1.0,1.0,1.0,1.0,1.0,12,1,4,1.0000000000000002,0.0,1.78183148246803,1.6234898018587336,1.8660254037844388,0.5000000000000002,1,1
195996,1.0,3.0,1.0,1.0,1.0,21,2,10,0.2928932188134523,1.7071067811865475,1.9749279121818235,0.7774790660436857,0.1339745962155614,1.5,2,1
153788,1.0,1.0,2.0,1.0,1.0,11,5,1,1.258819045102521,0.0340741737109318,0.02507208781817638,0.7774790660436854,1.5,1.8660254037844388,1,1
36407,1.0,1.0,1.0,1.0,1.0,12,7,11,1.0000000000000002,0.0,0.9999999999999998,2.0,0.49999999999999956,1.8660254037844384,1,0
139474,1.0,1.0,2.0,1.0,1.0,13,6,6,0.7411809548974793,0.03407417371093169,0.21816851753197009,1.6234898018587334,1.0000000000000002,0.0,2,1
127299,3.0,2.0,1.0,3.0,1.0,6,2,1,2.0,1.0,1.9749279121818235,0.7774790660436857,1.5,1.8660254037844388,1,1
4711,4.0,3.0,3.0,3.0,1.0,21,7,4,0.2928932188134523,1.7071067811865475,0.9999999999999998,2.0,1.8660254037844388,0.5000000000000002,2,1
71491,1.0,2.0,1.0,1.0,1.0,18,6,10,0.0,0.9999999999999998,0.21816851753197009,1.6234898018587334,0.1339745962155614,1.5,1,1
72628,1.0,1.0,1.0,1.0,1.0,18,1,6,0.0,0.9999999999999998,1.78183148246803,1.6234898018587336,1.0000000000000002,0.0,1,1
12986,1.0,1.0,3.0,1.0,1.0,16,3,8,0.13397459621556151,0.49999999999999956,1.4338837391175583,0.09903113209758097,0.13397459621556151,0.49999999999999956,2,1
100726,1.0,3.0,1.0,1.0,1.0,20,5,6,0.1339745962155614,1.5,0.02507208781817638,0.7774790660436854,1.0000000000000002,0.0,1,0
205369,1.0,1.0,3.0,1.0,1.0,14,7,11,0.5000000000000002,0.13397459621556118,0.9999999999999998,2.0,0.49999999999999956,1.8660254037844384,1,1
29669,1.0,4.0,1.0,1.0,1.0,23,5,7,0.7411809548974784,1.9659258262890682,0.02507208781817638,0.7774790660436854,0.5000000000000002,0.13397459621556118,2,1
60024,2.0,1.0,2.0,2.0,1.0,18,1,6,0.0,0.9999999999999998,1.78183148246803,1.6234898018587336,1.0000000000000002,0.0,1,1
118117,1.0,1.0,1.0,1.0,1.0,9,3,11,1.7071067811865475,0.29289321881345254,1.4338837391175583,0.09903113209758097,0.49999999999999956,1.8660254037844384,1,1
94019,1.0,3.0,1.0,1.0,1.0,19,1,1,0.03407417371093158,1.2588190451025203,1.78183148246803,1.6234898018587336,1.5,1.8660254037844388,1,1
81514,2.0,1.0,1.0,2.0,1.0,10,2,10,1.5,0.1339745962155613,1.9749279121818235,0.7774790660436857,0.1339745962155614,1.5,2,1
64084,1.0,1.0,2.0,1.0,1.0,16,3,11,0.13397459621556151,0.49999999999999956,1.4338837391175583,0.09903113209758097,0.49999999999999956,1.8660254037844384,1,1
199317,1.0,1.0,3.0,1.0,1.0,12,2,9,1.0000000000000002,0.0,1.9749279121818235,0.7774790660436857,0.0,0.9999999999999998,2,1
98383,1.0,1.0,3.0,1.0,1.0,10,4,7,1.5,0.1339745962155613,0.5661162608824419,0.09903113209758085,0.5000000000000002,0.13397459621556118,2,1
25116,1.0,1.0,2.0,1.0,1.0,11,2,12,1.258819045102521,0.0340741737109318,1.9749279121818235,0.7774790660436857,0.9999999999999998,2.0,1,1
203918,1.0,1.0,3.0,1.0,1.0,19,6,11,0.03407417371093158,1.2588190451025203,0.21816851753197009,1.6234898018587334,0.49999999999999956,1.8660254037844384,1,1
6899,1.0,1.0,1.0,1.0,1.0,8,5,10,1.8660254037844388,0.5000000000000002,0.02507208781817638,0.7774790660436854,0.1339745962155614,1.5,1,1
147936,3.0,3.0,2.0,3.0,1.0,17,3,12,0.03407417371093169,0.7411809548974794,1.4338837391175583,0.09903113209758097,0.9999999999999998,2.0,1,1
107465,3.0,3.0,2.0,3.0,1.0,21,3,2,0.2928932188134523,1.7071067811865475,1.4338837391175583,0.09903113209758097,1.8660254037844386,1.5,2,1
80045,1.0,3.0,2.0,1.0,1.0,21,3,2,0.2928932188134523,1.7071067811865475,1.4338837391175583,0.09903113209758097,1.8660254037844386,1.5,1,1
55232,1.0,1.0,3.0,1.0,1.0,11,4,9,1.258819045102521,0.0340741737109318,0.5661162608824419,0.09903113209758085,0.0,0.9999999999999998,1,1
134275,1.0,1.0,2.0,1.0,1.0,15,5,7,0.29289321881345287,0.2928932188134521,0.02507208781817638,0.7774790660436854,0.5000000000000002,0.13397459621556118,1,1
113625,1.0,1.0,1.0,1.0,1.0,13,5,3,0.7411809548974793,0.03407417371093169,0.02507208781817638,0.7774790660436854,2.0,1.0,1,1
46094,1.0,3.0,1.0,1.0,1.0,19,1,9,0.03407417371093158,1.2588190451025203,1.78183148246803,1.6234898018587336,0.0,0.9999999999999998,2,1
150942,1.0,2.0,1.0,1.0,1.0,20,2,7,0.1339745962155614,1.5,1.9749279121818235,0.7774790660436857,0.5000000000000002,0.13397459621556118,1,1
78658,1.0,1.0,1.0,1.0,1.0,10,5,9,1.5,0.1339745962155613,0.02507208781817638,0.7774790660436854,0.0,0.9999999999999998,2,1
129186,1.0,3.0,1.0,2.0,1.0,6,7,1,2.0,1.0,0.9999999999999998,2.0,1.5,1.8660254037844388,1,1
52762,1.0,1.0,1.0,1.0,1.0,11,7,8,1.258819045102521,0.0340741737109318,0.9999999999999998,2.0,0.13397459621556151,0.49999999999999956,1,1
177624,1.0,1.0,3.0,1.0,1.0,14,3,3,0.5000000000000002,0.13397459621556118,1.4338837391175583,0.09903113209758097,2.0,1.0,2,1
70531,1.0,1.0,1.0,1.0,1.0,7,6,4,1.9659258262890682,0.7411809548974794,0.21816851753197009,1.6234898018587334,1.8660254037844388,0.5000000000000002,1,1
189106,1.0,1.0,3.0,1.0,1.0,17,3,3,0.03407417371093169,0.7411809548974794,1.4338837391175583,0.09903113209758097,2.0,1.0,2,1
21405,1.0,3.0,1.0,1.0,1.0,17,2,1,0.03407417371093169,0.7411809548974794,1.9749279121818235,0.7774790660436857,1.5,1.8660254037844388,1,1
66959,1.0,1.0,2.0,3.0,1.0,7,3,11,1.9659258262890682,0.7411809548974794,1.4338837391175583,0.09903113209758097,0.49999999999999956,1.8660254037844384,2,1
91961,2.0,3.0,1.0,2.0,1.0,21,6,4,0.2928932188134523,1.7071067811865475,0.21816851753197009,1.6234898018587334,1.8660254037844388,0.5000000000000002,1,1
26019,1.0,2.0,3.0,1.0,1.0,21,2,7,0.2928932188134523,1.7071067811865475,1.9749279121818235,0.7774790660436857,0.5000000000000002,0.13397459621556118,1,1
191892,1.0,1.0,1.0,1.0,1.0,16,6,3,0.13397459621556151,0.49999999999999956,0.21816851753197009,1.6234898018587334,2.0,1.0,2,1
32350,1.0,1.0,2.0,1.0,1.0,17,2,4,0.03407417371093169,0.7411809548974794,1.9749279121818235,0.7774790660436857,1.8660254037844388,0.5000000000000002,1,1
146712,2.0,1.0,2.0,2.0,1.0,15,6,10,0.29289321881345287,0.2928932188134521,0.21816851753197009,1.6234898018587334,0.1339745962155614,1.5,2,1
189959,1.0,2.0,1.0,1.0,1.0,18,5,11,0.0,0.9999999999999998,0.02507208781817638,0.7774790660436854,0.49999999999999956,1.8660254037844384,1,1
173038,3.0,1.0,1.8332037225905151,1.0,1.0,17,5,1,0.03407417371093169,0.7411809548974794,0.02507208781817638,0.7774790660436854,1.5,1.8660254037844388,1,1
129294,2.0,1.0,1.0,1.0,1.0,11,4,3,1.258819045102521,0.0340741737109318,0.5661162608824419,0.09903113209758085,2.0,1.0,1,1
118111,2.0,1.0,2.0,2.0,1.0,8,5,4,1.8660254037844388,0.5000000000000002,0.02507208781817638,0.7774790660436854,1.8660254037844388,0.5000000000000002,1,1
8519,2.0,3.0,1.0,2.0,1.0,21,6,12,0.2928932188134523,1.7071067811865475,0.21816851753197009,1.6234898018587334,0.9999999999999998,2.0,2,1
20470,1.0,3.0,3.0,1.0,1.0,19,7,12,0.03407417371093158,1.2588190451025203,0.9999999999999998,2.0,0.9999999999999998,2.0,2,1
140553,1.0,3.0,1.0,1.0,1.0,6,3,10,2.0,1.0,1.4338837391175583,0.09903113209758097,0.1339745962155614,1.5,1,1
179219,1.0,3.0,2.0,1.0,2.0,20,6,9,0.1339745962155614,1.5,0.21816851753197009,1.6234898018587334,0.0,0.9999999999999998,2,1
161556,1.0,3.0,2.0,1.0,1.0,18,3,12,0.0,0.9999999999999998,1.4338837391175583,0.09903113209758097,0.9999999999999998,2.0,1,1
183512,1.0,1.0,3.0,1.0,1.0,14,2,7,0.5000000000000002,0.13397459621556118,1.9749279121818235,0.7774790660436857,0.5000000000000002,0.13397459621556118,2,1
90618,1.0,3.0,1.0,1.0,1.0,17,3,11,0.03407417371093169,0.7411809548974794,1.4338837391175583,0.09903113209758097,0.49999999999999956,1.8660254037844384,1,1
112385,1.0,1.0,3.0,1.0,1.0,11,6,4,1.258819045102521,0.0340741737109318,0.21816851753197009,1.6234898018587334,1.8660254037844388,0.5000000000000002,2,1
8268,1.0,1.0,1.0,1.0,1.0,15,2,7,0.29289321881345287,0.2928932188134521,1.9749279121818235,0.7774790660436857,0.5000000000000002,0.13397459621556118,1,1
191240,1.0,1.0,2.0,2.0,1.0,13,4,6,0.7411809548974793,0.03407417371093169,0.5661162608824419,0.09903113209758085,1.0000000000000002,0.0,2,1
121421,1.0,1.0,1.0,1.0,1.0,15,5,9,0.29289321881345287,0.2928932188134521,0.02507208781817638,0.7774790660436854,0.0,0.9999999999999998,1,1
31667,2.0,1.0,1.0,2.0,1.0,17,3,10,0.03407417371093169,0.7411809548974794,1.4338837391175583,0.09903113209758097,0.1339745962155614,1.5,1,1
20619,1.0,1.0,3.0,1.0,1.0,18,1,4,0.0,0.9999999999999998,1.78183148246803,1.6234898018587336,1.8660254037844388,0.5000000000000002,1,1
109008,1.0,1.0,1.0,1.0,1.0,8,3,2,1.8660254037844388,0.5000000000000002,1.4338837391175583,0.09903113209758097,1.8660254037844386,1.5,1,1
77475,1.0,1.0,1.0,1.0,1.0,15,3,1,0.29289321881345287,0.2928932188134521,1.4338837391175583,0.09903113209758097,1.5,1.8660254037844388,1,1
25539,2.0,1.0,1.0,2.0,1.0,6,4,10,2.0,1.0,0.5661162608824419,0.09903113209758085,0.1339745962155614,1.5,1,1
34013,3.0,2.0,1.0,3.0,1.0,5,6,1,1.9659258262890682,1.2588190451025207,0.21816851753197009,1.6234898018587334,1.5,1.8660254037844388,1,1
203573,1.0,3.0,3.0,1.0,1.0,19,5,11,0.03407417371093158,1.2588190451025203,0.02507208781817638,0.7774790660436854,0.49999999999999956,1.8660254037844384,1,1
56996,1.0,1.0,2.0,1.0,1.0,7,5,5,1.9659258262890682,0.7411809548974794,0.02507208781817638,0.7774790660436854,1.5,0.1339745962155613,1,1
28848,1.0,1.0,1.0,1.0,1.0,12,2,8,1.0000000000000002,0.0,1.9749279121818235,0.7774790660436857,0.13397459621556151,0.49999999999999956,1,0
130290,1.0,1.0,1.0,1.0,1.0,16,5,9,0.13397459621556151,0.49999999999999956,0.02507208781817638,0.7774790660436854,0.0,0.9999999999999998,2,1
123601,1.0,1.0,2.0,1.0,1.0,12,4,11,1.0000000000000002,0.0,0.5661162608824419,0.09903113209758085,0.49999999999999956,1.8660254037844384,2,1
51936,1.0,1.0,3.0,1.0,1.0,7,4,8,1.9659258262890682,0.7411809548974794,0.5661162608824419,0.09903113209758085,0.13397459621556151,0.49999999999999956,2,1
129153,1.0,3.0,2.0,1.0,1.0,18,5,12,0.0,0.9999999999999998,0.02507208781817638,0.7774790660436854,0.9999999999999998,2.0,1,1
7368,1.0,3.0,1.0,1.0,1.0,18,2,10,0.0,0.9999999999999998,1.9749279121818235,0.7774790660436857,0.1339745962155614,1.5,1,1
67519,1.0,1.0,1.0,1.0,1.0,15,3,10,0.29289321881345287,0.2928932188134521,1.4338837391175583,0.09903113209758097,0.1339745962155614,1.5,2,1
87542,1.0,3.0,1.0,1.0,1.0,20,5,9,0.1339745962155614,1.5,0.02507208781817638,0.7774790660436854,0.0,0.9999999999999998,2,1
78254,1.0,1.0,1.0,2.0,1.0,16,3,10,0.13397459621556151,0.49999999999999956,1.4338837391175583,0.09903113209758097,0.1339745962155614,1.5,1,1
7158,2.0,3.0,2.0,2.0,1.0,4,5,9,1.8660254037844386,1.5,0.02507208781817638,0.7774790660436854,0.0,0.9999999999999998,2,1
143720,1.0,3.0,2.0,1.0,1.0,16,5,2,0.13397459621556151,0.49999999999999956,0.02507208781817638,0.7774790660436854,1.8660254037844386,1.5,2,1
82502,1.0,3.0,3.0,2.0,1.0,4,6,4,1.8660254037844386,1.5,0.21816851753197009,1.6234898018587334,1.8660254037844388,0.5000000000000002,1,1
97335,3.0,3.0,2.0,2.0,1.0,19,6,2,0.03407417371093158,1.2588190451025203,0.21816851753197009,1.6234898018587334,1.8660254037844386,1.5,2,1
11463,1.0,2.0,1.0,1.0,1.0,20,5,8,0.1339745962155614,1.5,0.02507208781817638,0.7774790660436854,0.13397459621556151,0.49999999999999956,1,1
72175,1.0,1.0,2.0,1.0,1.0,15,3,8,0.29289321881345287,0.2928932188134521,1.4338837391175583,0.09903113209758097,0.13397459621556151,0.49999999999999956,2,1
186344,1.0,3.0,1.0,1.0,1.0,23,5,6,0.7411809548974784,1.9659258262890682,0.02507208781817638,0.7774790660436854,1.0000000000000002,0.0,2,1
26786,1.0,1.0,1.0,1.0,1.0,14,3,4,0.5000000000000002,0.13397459621556118,1.4338837391175583,0.09903113209758097,1.8660254037844388,0.5000000000000002,1,1
140405,2.0,1.0,1.0,2.0,1.0,17,1,7,0.03407417371093169,0.7411809548974794,1.78183148246803,1.6234898018587336,0.5000000000000002,0.13397459621556118,1,1
194448,1.0,1.0,2.0,1.0,1.0,8,6,12,1.8660254037844388,0.5000000000000002,0.21816851753197009,1.6234898018587334,0.9999999999999998,2.0,2,1
61286,1.0,1.0,1.0,1.0,1.0,13,4,7,0.7411809548974793,0.03407417371093169,0.5661162608824419,0.09903113209758085,0.5000000000000002,0.13397459621556118,1,1
195537,1.0,2.0,3.0,2.0,1.0,7,6,5,1.9659258262890682,0.7411809548974794,0.21816851753197009,1.6234898018587334,1.5,0.1339745962155613,1,1
126488,1.0,4.0,1.0,1.0,1.0,20,6,1,0.1339745962155614,1.5,0.21816851753197009,1.6234898018587334,1.5,1.8660254037844388,1,1
172205,1.0,1.0,2.0,1.0,1.0,8,2,4,1.8660254037844388,0.5000000000000002,1.9749279121818235,0.7774790660436857,1.8660254037844388,0.5000000000000002,1,1
53547,1.0,3.0,3.0,1.0,1.0,18,6,2,0.0,0.9999999999999998,0.21816851753197009,1.6234898018587334,1.8660254037844386,1.5,2,1
206789,1.0,4.0,3.0,1.0,1.0,21,1,12,0.2928932188134523,1.7071067811865475,1.78183148246803,1.6234898018587336,0.9999999999999998,2.0,1,1
128676,1.0,1.0,1.0,1.0,1.0,17,6,2,0.03407417371093169,0.7411809548974794,0.21816851753197009,1.6234898018587334,1.8660254037844386,1.5,1,1
159967,3.0,1.0,3.0,3.0,1.0,7,2,11,1.9659258262890682,0.7411809548974794,1.9749279121818235,0.7774790660436857,0.49999999999999956,1.8660254037844384,1,1
109055,1.0,2.0,1.0,1.0,1.0,19,7,6,0.03407417371093158,1.2588190451025203,0.9999999999999998,2.0,1.0000000000000002,0.0,1,1
44373,2.0,1.0,1.0,2.0,1.0,15,7,8,0.29289321881345287,0.2928932188134521,0.9999999999999998,2.0,0.13397459621556151,0.49999999999999956,1,1
198021,1.0,1.0,3.0,1.0,1.0,16,4,9,0.13397459621556151,0.49999999999999956,0.5661162608824419,0.09903113209758085,0.0,0.9999999999999998,1,1
80075,2.0,1.0,3.0,2.0,1.0,18,6,6,0.0,0.9999999999999998,0.21816851753197009,1.6234898018587334,1.0000000000000002,0.0,1,1
25892,1.0,1.0,1.0,1.0,1.0,22,6,2,0.49999999999999956,1.8660254037844384,0.21816851753197009,1.6234898018587334,1.8660254037844386,1.5,1,1
32579,1.0,1.0,2.0,1.0,1.0,8,4,7,1.8660254037844388,0.5000000000000002,0.5661162608824419,0.09903113209758085,0.5000000000000002,0.13397459621556118,1,1
36056,1.0,3.0,3.0,1.0,1.0,21,1,7,0.2928932188134523,1.7071067811865475,1.78183148246803,1.6234898018587336,0.5000000000000002,0.13397459621556118,2,1
183688,1.0,1.0,1.0,1.0,1.0,12,7,1,1.0000000000000002,0.0,0.9999999999999998,2.0,1.5,1.8660254037844388,2,1
47903,1.0,1.0,1.0,1.0,1.0,15,3,10,0.29289321881345287,0.2928932188134521,1.4338837391175583,0.09903113209758097,0.1339745962155614,1.5,1,1
173827,1.0,1.0,3.0,1.0,1.0,9,7,9,1.7071067811865475,0.29289321881345254,0.9999999999999998,2.0,0.0,0.9999999999999998,1,1
50605,2.0,1.0,1.0,2.0,1.0,14,2,5,0.5000000000000002,0.13397459621556118,1.9749279121818235,0.7774790660436857,1.5,0.1339745962155613,2,1
171540,3.0,1.0,3.0,2.0,1.0,8,5,1,1.8660254037844388,0.5000000000000002,0.02507208781817638,0.7774790660436854,1.5,1.8660254037844388,1,1
35858,1.0,3.0,3.0,1.0,1.0,22,1,9,0.49999999999999956,1.8660254037844384,1.78183148246803,1.6234898018587336,0.0,0.9999999999999998,1,1
120305,1.0,2.0,2.0,1.0,1.0,17,1,2,0.03407417371093169,0.7411809548974794,1.78183148246803,1.6234898018587336,1.8660254037844386,1.5,2,1
176010,2.0,1.0,1.0,2.0,1.0,9,1,8,1.7071067811865475,0.29289321881345254,1.78183148246803,1.6234898018587336,0.13397459621556151,0.49999999999999956,2,0
140315,1.0,1.0,1.0,1.0,1.0,13,5,11,0.7411809548974793,0.03407417371093169,0.02507208781817638,0.7774790660436854,0.49999999999999956,1.8660254037844384,1,1
32704,1.0,1.0,3.0,1.0,1.0,12,4,3,1.0000000000000002,0.0,0.5661162608824419,0.09903113209758085,2.0,1.0,2,1
12526,3.0,1.0,2.0,3.0,1.0,9,4,12,1.7071067811865475,0.29289321881345254,0.5661162608824419,0.09903113209758085,0.9999999999999998,2.0,1,1
140083,1.0,1.0,3.0,1.0,1.0,11,7,8,1.258819045102521,0.0340741737109318,0.9999999999999998,2.0,0.13397459621556151,0.49999999999999956,1,1
17354,1.0,1.0,1.0,3.0,1.0,8,2,3,1.8660254037844388,0.5000000000000002,1.9749279121818235,0.7774790660436857,2.0,1.0,1,1
148523,1.0,1.0,3.0,1.0,1.0,16,7,1,0.13397459621556151,0.49999999999999956,0.9999999999999998,2.0,1.5,1.8660254037844388,1,1
19646,1.0,1.0,3.0,1.0,1.0,12,4,12,1.0000000000000002,0.0,0.5661162608824419,0.09903113209758085,0.9999999999999998,2.0,1,1
10578,1.0,1.0,2.0,1.0,1.0,13,4,8,0.7411809548974793,0.03407417371093169,0.5661162608824419,0.09903113209758085,0.13397459621556151,0.49999999999999956,1,1
100270,1.0,1.0,1.0,1.0,1.0,11,7,11,1.258819045102521,0.0340741737109318,0.9999999999999998,2.0,0.49999999999999956,1.8660254037844384,1,1
93855,1.0,1.0,3.0,1.0,1.0,15,6,8,0.29289321881345287,0.2928932188134521,0.21816851753197009,1.6234898018587334,0.13397459621556151,0.49999999999999956,1,1