Unnamed: 0,weather_condition,lighting_condition,trafficway_type,roadway_surface_cond,road_defect,crash_hour,crash_day_of_week,crash_month,crash_hour_sin,crash_hour_cos,crash_day_sin,crash_day_cos,crash_month_sin,crash_month_cos,crash_type,intersection_related_i
99283,1.0,1.0,1.0,1.0,1.0,16,7,3,0.13397459621556151,0.49999999999999956,0.9999999999999998,2.0,2.0,1.0,1,1
58794,1.0,1.0,2.0,1.0,1.0,7,4,12,1.9659258262890682,0.7411809548974794,0.5661162608824419,0.09903113209758085,0.9999999999999998,2.0,1,1
4792,1.0,3.0,2.0,1.0,1.0,21,5,11,0.2928932188134523,1.7071067811865475,0.02507208781817638,0.7774790660436854,0.49999999999999956,1.8660254037844384,2,1
114069,1.0,1.0,2.0,1.0,1.0,22,3,8,0.49999999999999956,1.8660254037844384,1.4338837391175583,0.09903113209758097,0.13397459621556151,0.49999999999999956,1,1
114242,1.0,1.0,1.0,1.0,1.0,10,3,3,1.5,0.1339745962155613,1.4338837391175583,0.09903113209758097,2.0,1.0,1,1
205792,1.0,1.0,3.0,1.0,1.0,14,4,11,0.5000000000000002,0.13397459621556118,0.5661162608824419,0.09903113209758085,0.49999999999999956,1.8660254037844384,2,1
69830,1.0,1.0,2.0,1.0,1.0,19,5,10,0.03407417371093158,1.2588190451025203,0.02507208781817638,0.7774790660436854,0.1339745962155614,1.5,1,1
113039,1.0,1.0,1.0,1.0,1.0,10,3,6,1.5,0.1339745962155613,1.4338837391175583,0.09903113209758097,1.0000000000000002,0.0,1,1
163121,1.0,1.0,2.0,1.0,1.0,14,3,11,0.5000000000000002,0.13397459621556118,1.4338837391175583,0.09903113209758097,0.49999999999999956,1.8660254037844384,1,1
15351,1.0,1.0,2.0,1.0,1.0,10,6,7,1.5,0.1339745962155613,0.21816851753197009,1.6234898018587334,0.5000000000000002,0.13397459621556118,1,1
40353,1.0,1.0,1.0,1.0,1.0,15,1,8,0.29289321881345287,0.2928932188134521,1.78183148246803,1.6234898018587336,0.13397459621556151,0.49999999999999956,1,1
139428,3.0,1.0,1.0,2.0,1.0,11,4,12,1.258819045102521,0.0340741737109318,0.5661162608824419,0.09903113209758085,0.9999999999999998,2.0,2,1
52881,1.0,1.0,1.0,1.0,1.0,11,7,12,1.258819045102521,0.0340741737109318,0.9999999999999998,2.0,0.9999999999999998,2.0,1,1
176570,2.0,3.0,2.0,2.0,1.0,17,3,2,0.03407417371093169,0.7411809548974794,1.4338837391175583,0.09903113209758097,1.8660254037844386,1.5,1,1
167200,1.0,3.0,1.0,1.0,1.0,23,3,3,0.7411809548974784,1.9659258262890682,1.4338837391175583,0.09903113209758097,2.0,1.0,2,1
144526,1.0,3.0,2.0,1.0,1.0,20,7,9,0.1339745962155614,1.5,0.9999999999999998,2.0,0.0,0.9999999999999998,2,1
138885,1.0,1.0,3.0,1.0,1.0,8,3,5,1.8660254037844388,0.5000000000000002,1.4338837391175583,0.09903113209758097,1.5,0.1339745962155613,1,1
23502,1.0,1.0,1.0,1.0,1.0,12,4,12,1.0000000000000002,0.0,0.5661162608824419,0.09903113209758085,0.9999999999999998,2.0,1,0
157711,1.0,1.0,1.0,1.0,1.0,18,6,5,0.0,0.9999999999999998,0.21816851753197009,1.6234898018587334,1.5,0.1339745962155613,1,1
20945,1.0,3.0,1.0,1.0,1.0,20,7,10,0.1339745962155614,1.5,0.9999999999999998,2.0,0.1339745962155614,1.5,1,1
14326,2.0,1.0,2.0,2.0,1.0,15,5,6,0.29289321881345287,0.2928932188134521,0.02507208781817638,0.7774790660436854,1.0000000000000002,0.0,1,1
18011,1.0,1.0,2.0,1.0,1.0,20,5,6,0.1339745962155614,1.5,0.02507208781817638,0.7774790660436854,1.0000000000000002,0.0,1,1
87840,1.0,1.0,3.0,1.0,1.0,10,2,7,1.5,0.1339745962155613,1.9749279121818235,0.7774790660436857,0.5000000000000002,0.13397459621556118,2,1
116688,1.0,3.0,3.0,1.0,1.0,18,2,3,0.0,0.9999999999999998,1.9749279121818235,0.7774790660436857,2.0,1.0,1,1
69940,1.0,1.0,1.0,1.0,1.0,15,4,10,0.29289321881345287,0.2928932188134521,0.5661162608824419,0.09903113209758085,0.1339745962155614,1.5,2,1
194236,1.0,3.0,2.0,3.0,1.0,22,3,1,0.49999999999999956,1.8660254037844384,1.4338837391175583,0.09903113209758097,1.5,1.8660254037844388,2,1
203340,2.0,3.0,1.0,2.0,1.0,17,3,11,0.03407417371093169,0.7411809548974794,1.4338837391175583,0.09903113209758097,0.49999999999999956,1.8660254037844384,1,1
142875,1.0,3.0,2.0,1.0,1.0,22,5,7,0.49999999999999956,1.8660254037844384,0.02507208781817638,0.7774790660436854,0.5000000000000002,0.13397459621556118,1,1
205820,1.0,1.0,3.0,1.0,1.0,13,4,11,0.7411809548974793,0.03407417371093169,0.5661162608824419,0.09903113209758085,0.49999999999999956,1.8660254037844384,1,1
208482,1.0,4.0,3.0,1.0,1.0,17,2,1,0.03407417371093169,0.7411809548974794,1.9749279121818235,0.7774790660436857,1.5,1.8660254037844388,1,1
24343,1.0,3.0,2.0,1.0,1.0,21,7,10,0.2928932188134523,1.7071067811865475,0.9999999999999998,2.0,0.1339745962155614,1.5,1,1
41877,1.0,1.0,1.0,1.0,1.0,15,5,10,0.29289321881345287,0.2928932188134521,0.02507208781817638,0.7774790660436854,0.1339745962155614,1.5,1,0
167162,1.0,1.0,1.0,1.0,1.0,9,4,4,1.7071067811865475,0.29289321881345254,0.5661162608824419,0.09903113209758085,1.8660254037844388,0.5000000000000002,2,1
2134,3.0,3.0,1.0,3.0,1.0,19,3,12,0.03407417371093158,1.2588190451025203,1.4338837391175583,0.09903113209758097,0.9999999999999998,2.0,2,1
190735,1.0,1.0,1.0,1.0,1.0,18,6,5,0.0,0.9999999999999998,0.21816851753197009,1.6234898018587334,1.5,0.1339745962155613,2,1
148102,1.0,1.0,2.0,1.0,1.0,15,3,10,0.29289321881345287,0.2928932188134521,1.4338837391175583,0.09903113209758097,0.1339745962155614,1.5,2,1
124712,1.0,1.0,3.0,1.0,1.0,14,5,11,0.5000000000000002,0.13397459621556118,0.02507208781817638,0.7774790660436854,0.49999999999999956,1.8660254037844384,1,1
197853,1.0,1.0,3.0,1.0,1.0,14,2,9,0.5000000000000002,0.13397459621556118,1.9749279121818235,0.7774790660436857,0.0,0.9999999999999998,2,1
67647,1.0,1.0,3.0,1.0,1.0,16,4,6,0.13397459621556151,0.49999999999999956,0.5661162608824419,0.09903113209758085,1.0000000000000002,0.0,1,1
204102,1.0,1.0,1.0,1.0,1.0,13,2,11,0.7411809548974793,0.03407417371093169,1.9749279121818235,0.7774790660436857,0.49999999999999956,1.8660254037844384,1,1
36997,1.0,1.0,2.0,1.0,1.0,10,6,3,1.5,0.1339745962155613,0.21816851753197009,1.6234898018587334,2.0,1.0,2,1
16025,1.0,1.0,1.0,1.0,1.0,16,4,3,0.13397459621556151,0.49999999999999956,0.5661162608824419,0.09903113209758085,2.0,1.0,1,1
96700,1.0,1.0,1.0,1.0,1.0,7,6,10,1.9659258262890682,0.7411809548974794,0.21816851753197009,1.6234898018587334,0.1339745962155614,1.5,1,1
32597,1.0,1.0,2.0,1.0,1.0,8,6,1,1.8660254037844388,0.5000000000000002,0.21816851753197009,1.6234898018587334,1.5,1.8660254037844388,2,1
194534,2.0,3.0,1.0,2.0,1.0,23,4,8,0.7411809548974784,1.9659258262890682,0.5661162608824419,0.09903113209758085,0.13397459621556151,0.49999999999999956,1,1
201762,1.0,1.0,1.0,1.0,1.0,14,7,10,0.5000000000000002,0.13397459621556118,0.9999999999999998,2.0,0.1339745962155614,1.5,1,1
42518,1.0,1.0,2.0,1.0,1.0,10,4,4,1.5,0.1339745962155613,0.5661162608824419,0.09903113209758085,1.8660254037844388,0.5000000000000002,1,1
10266,1.0,1.0,3.0,1.0,1.0,4,4,9,1.8660254037844386,1.5,0.5661162608824419,0.09903113209758085,0.0,0.9999999999999998,1,1
169645,1.0,1.0,3.0,1.0,1.0,18,7,5,0.0,0.9999999999999998,0.9999999999999998,2.0,1.5,0.1339745962155613,1,1
143681,1.0,1.0,3.0,1.0,1.0,20,2,11,0.1339745962155614,1.5,1.9749279121818235,0.7774790660436857,0.49999999999999956,1.8660254037844384,2,1
34424,1.0,1.0,3.0,1.0,1.0,16,3,6,0.13397459621556151,0.49999999999999956,1.4338837391175583,0.09903113209758097,1.0000000000000002,0.0,1,1
75757,1.0,1.0,2.0,1.0,1.0,13,5,8,0.7411809548974793,0.03407417371093169,0.02507208781817638,0.7774790660436854,0.13397459621556151,0.49999999999999956,1,1
88306,1.0,3.0,1.0,1.0,1.0,18,7,2,0.0,0.9999999999999998,0.9999999999999998,2.0,1.8660254037844386,1.5,1,1
194694,1.0,3.0,1.0,1.0,1.0,20,2,5,0.1339745962155614,1.5,1.9749279121818235,0.7774790660436857,1.5,0.1339745962155613,1,1
12582,2.0,1.0,1.0,2.0,1.0,9,2,8,1.7071067811865475,0.29289321881345254,1.9749279121818235,0.7774790660436857,0.13397459621556151,0.49999999999999956,1,0
182227,1.0,1.0,2.0,1.0,1.0,16,5,5,0.13397459621556151,0.49999999999999956,0.02507208781817638,0.7774790660436854,1.5,0.1339745962155613,1,1
143266,1.0,1.0,3.0,1.0,1.0,15,2,6,0.29289321881345287,0.2928932188134521,1.9749279121818235,0.7774790660436857,1.0000000000000002,0.0,1,1
195174,1.0,1.0,3.0,1.0,1.0,9,4,3,1.7071067811865475,0.29289321881345254,0.5661162608824419,0.09903113209758085,2.0,1.0,1,0
174041,1.0,1.0,3.0,1.0,1.0,15,7,10,0.29289321881345287,0.2928932188134521,0.9999999999999998,2.0,0.1339745962155614,1.5,1,1
61798,2.0,1.0,3.0,2.0,1.0,7,6,10,1.9659258262890682,0.7411809548974794,0.21816851753197009,1.6234898018587334,0.1339745962155614,1.5,2,1
15880,1.0,1.0,1.0,1.0,1.0,12,5,4,1.0000000000000002,0.0,0.02507208781817638,0.7774790660436854,1.8660254037844388,0.5000000000000002,1,1
161175,1.0,1.0,2.0,1.0,1.0,8,4,6,1.8660254037844388,0.5000000000000002,0.5661162608824419,0.09903113209758085,1.0000000000000002,0.0,1,1
188650,1.0,1.0,1.0,1.0,1.0,13,6,8,0.7411809548974793,0.03407417371093169,0.21816851753197009,1.6234898018587334,0.13397459621556151,0.49999999999999956,2,1
23170,1.0,1.0,2.0,1.0,1.0,12,6,5,1.0000000000000002,0.0,0.21816851753197009,1.6234898018587334,1.5,0.1339745962155613,2,1
157358,1.0,1.0,3.0,1.0,1.0,15,2,10,0.29289321881345287,0.2928932188134521,1.9749279121818235,0.7774790660436857,0.1339745962155614,1.5,1,1
109183,2.0,1.0,2.0,2.0,1.0,15,5,10,0.29289321881345287,0.2928932188134521,0.02507208781817638,0.7774790660436854,0.1339745962155614,1.5,2,1
186790,1.0,1.0,1.0,1.0,1.0,17,4,3,0.03407417371093169,0.7411809548974794,0.5661162608824419,0.09903113209758085,2.0,1.0,1,1
70002,1.0,4.0,1.0,1.0,1.0,18,6,12,0.0,0.9999999999999998,0.21816851753197009,1.6234898018587334,0.9999999999999998,2.0,2,1
97483,2.0,3.0,1.0,2.0,1.0,21,6,4,0.2928932188134523,1.7071067811865475,0.21816851753197009,1.6234898018587334,1.8660254037844388,0.5000000000000002,2,1
130892,1.0,1.0,1.0,1.0,1.0,7,5,1,1.9659258262890682,0.7411809548974794,0.02507208781817638,0.7774790660436854,1.5,1.8660254037844388,2,1
192996,1.0,3.0,2.0,1.0,1.0,17,4,12,0.03407417371093169,0.7411809548974794,0.5661162608824419,0.09903113209758085,0.9999999999999998,2.0,1,1
201679,1.0,1.0,1.0,1.0,1.0,9,5,10,1.7071067811865475,0.29289321881345254,0.02507208781817638,0.7774790660436854,0.1339745962155614,1.5,1,1
35523,1.0,1.0,1.0,1.0,1.0,16,6,7,0.13397459621556151,0.49999999999999956,0.21816851753197009,1.6234898018587334,0.5000000000000002,0.13397459621556118,2,0
88267,1.0,1.0,1.0,1.0,1.0,9,6,8,1.7071067811865475,0.29289321881345254,0.21816851753197009,1.6234898018587334,0.13397459621556151,0.49999999999999956,1,1
178884,1.0,1.0,1.0,1.0,1.0,13,7,4,0.7411809548974793,0.03407417371093169,0.9999999999999998,2.0,1.8660254037844388,0.5000000000000002,1,1
23424,1.0,1.0,3.0,1.0,1.0,15,7,4,0.29289321881345287,0.2928932188134521,0.9999999999999998,2.0,1.8660254037844388,0.5000000000000002,1,1
26053,1.0,1.0,1.0,1.0,1.0,14,7,1,0.5000000000000002,0.13397459621556118,0.9999999999999998,2.0,1.5,1.8660254037844388,2,1
165577,1.0,1.0,2.0,1.0,1.0,7,6,11,1.9659258262890682,0.7411809548974794,0.21816851753197009,1.6234898018587334,0.49999999999999956,1.8660254037844384,1,1
179357,1.0,1.0,2.0,1.0,1.0,15,2,1,0.29289321881345287,0.2928932188134521,1.9749279121818235,0.7774790660436857,1.5,1.8660254037844388,1,0
183720,1.0,1.0,2.0,1.0,1.0,17,7,4,0.03407417371093169,0.7411809548974794,0.9999999999999998,2.0,1.8660254037844388,0.5000000000000002,2,1
94958,1.0,1.0,1.0,1.0,1.0,8,4,9,1.8660254037844388,0.5000000000000002,0.5661162608824419,0.09903113209758085,0.0,0.9999999999999998,1,1
135410,1.0,3.0,1.0,1.0,1.0,20,4,5,0.1339745962155614,1.5,0.5661162608824419,0.09903113209758085,1.5,0.1339745962155613,2,1
54546,1.0,1.0,1.0,1.0,1.0,8,1,8,1.8660254037844388,0.5000000000000002,1.78183148246803,1.6234898018587336,0.13397459621556151,0.49999999999999956,2,1
166304,1.0,1.0,1.0,1.0,1.0,7,6,6,1.9659258262890682,0.7411809548974794,0.21816851753197009,1.6234898018587334,1.0000000000000002,0.0,1,1
130261,1.0,1.0,3.0,1.0,1.0,9,4,8,1.7071067811865475,0.29289321881345254,0.5661162608824419,0.09903113209758085,0.13397459621556151,0.49999999999999956,1,0
105927,1.0,1.0,1.0,1.0,1.0,18,3,9,0.0,0.9999999999999998,1.4338837391175583,0.09903113209758097,0.0,0.9999999999999998,1,1
52227,1.0,1.0,1.0,1.0,1.0,13,1,11,0.7411809548974793,0.03407417371093169,1.78183148246803,1.6234898018587336,0.49999999999999956,1.8660254037844384,1,1
144379,1.0,3.0,3.0,1.0,1.0,21,3,5,0.2928932188134523,1.7071067811865475,1.4338837391175583,0.09903113209758097,1.5,0.1339745962155613,1,1
177261,1.0,1.0,2.0,1.0,1.0,6,7,5,2.0,1.0,0.9999999999999998,2.0,1.5,0.1339745962155613,1,1
15399,1.0,1.0,2.0,1.0,1.0,8,6,9,1.8660254037844388,0.5000000000000002,0.21816851753197009,1.6234898018587334,0.0,0.9999999999999998,1,1
99094,1.0,3.0,3.0,1.0,1.0,4,3,7,1.8660254037844386,1.5,1.4338837391175583,0.09903113209758097,0.5000000000000002,0.13397459621556118,2,1
164510,1.0,1.0,2.0,1.0,1.0,14,1,10,0.5000000000000002,0.13397459621556118,1.78183148246803,1.6234898018587336,0.1339745962155614,1.5,1,1
5533,1.0,1.0,2.0,1.0,1.0,8,6,12,1.8660254037844388,0.5000000000000002,0.21816851753197009,1.6234898018587334,0.9999999999999998,2.0,2,1
152253,1.0,1.0,2.0,1.0,1.0,8,6,12,1.8660254037844388,0.5000000000000002,0.21816851753197009,1.6234898018587334,0.9999999999999998,2.0,1,1
58391,1.0,1.0,2.0,1.0,1.0,12,2,9,1.0000000000000002,0.0,1.9749279121818235,0.7774790660436857,0.0,0.9999999999999998,1,1
64211,1.0,1.0,1.0,1.0,1.0,14,6,11,0.5000000000000002,0.13397459621556118,0.21816851753197009,1.6234898018587334,0.49999999999999956,1.8660254037844384,2,1
184091,1.0,1.0,1.0,1.0,1.0,14,2,12,0.5000000000000002,0.13397459621556118,1.9749279121818235,0.7774790660436857,0.9999999999999998,2.0,1,1
36280,2.0,3.0,1.0,2.0,1.0,19,5,1,0.03407417371093158,1.2588190451025203,0.02507208781817638,0.7774790660436854,1.5,1.8660254037844388,2,1
117075,1.0,1.0,1.0,1.0,1.0,11,4,3,1.258819045102521,0.0340741737109318,0.5661162608824419,0.09903113209758085,2.0,1.0,1,1
148857,1.0,1.0,3.0,1.0,1.0,16,4,8,0.13397459621556151,0.49999999999999956,0.5661162608824419,0.09903113209758085,0.13397459621556151,0.49999999999999956,1,1
190924,1.0,1.0,1.0,1.0,1.0,11,3,10,1.258819045102521,0.0340741737109318,1.4338837391175583,0.09903113209758097,0.1339745962155614,1.5,1,1
47246,1.0,3.0,1.0,1.0,1.0,18,4,9,0.0,0.9999999999999998,0.5661162608824419,0.09903113209758085,0.0,0.9999999999999998,1,1
71326,2.0,3.0,2.0,2.0,1.0,18,4,10,0.0,0.9999999999999998,0.5661162608824419,0.09903113209758085,0.1339745962155614,1.5,2,1
81434,1.0,1.0,1.0,1.0,1.0,8,3,10,1.8660254037844388,0.5000000000000002,1.4338837391175583,0.09903113209758097,0.1339745962155614,1.5,1,1
55101,1.0,1.0,3.0,2.0,1.0,7,2,2,1.9659258262890682,0.7411809548974794,1.9749279121818235,0.7774790660436857,1.8660254037844386,1.5,2,1
46945,1.0,3.0,3.0,1.0,1.0,4,1,3,1.8660254037844386,1.5,1.78183148246803,1.6234898018587336,2.0,1.0,1,1
145360,1.0,1.0,1.0,1.0,1.0,17,6,9,0.03407417371093169,0.7411809548974794,0.21816851753197009,1.6234898018587334,0.0,0.9999999999999998,1,1
23323,1.0,1.0,3.0,1.0,1.0,18,2,8,0.0,0.9999999999999998,1.9749279121818235,0.7774790660436857,0.13397459621556151,0.49999999999999956,1,1
150501,1.0,1.0,2.0,1.0,1.0,13,1,4,0.7411809548974793,0.03407417371093169,1.78183148246803,1.6234898018587336,1.8660254037844388,0.5000000000000002,1,1
75797,1.0,3.0,1.0,1.0,1.0,16,6,9,0.13397459621556151,0.49999999999999956,0.21816851753197009,1.6234898018587334,0.0,0.9999999999999998,1,1
111849,1.0,3.0,2.0,1.0,1.0,5,4,12,1.9659258262890682,1.2588190451025207,0.5661162608824419,0.09903113209758085,0.9999999999999998,2.0,2,1
29696,1.0,1.0,2.0,1.0,1.0,10,7,10,1.5,0.1339745962155613,0.9999999999999998,2.0,0.1339745962155614,1.5,2,1
59507,2.0,3.0,1.0,2.0,1.0,20,7,10,0.1339745962155614,1.5,0.9999999999999998,2.0,0.1339745962155614,1.5,1,1
205493,1.0,3.0,3.0,1.0,1.0,16,4,12,0.13397459621556151,0.49999999999999956,0.5661162608824419,0.09903113209758085,0.9999999999999998,2.0,1,1
165968,1.0,3.0,4.0,1.0,1.0,22,2,3,0.49999999999999956,1.8660254037844384,1.9749279121818235,0.7774790660436857,2.0,1.0,1,1
75302,1.0,2.0,1.0,1.0,1.0,16,4,12,0.13397459621556151,0.49999999999999956,0.5661162608824419,0.09903113209758085,0.9999999999999998,2.0,2,1
124177,1.0,1.0,2.0,1.0,1.0,6,5,8,2.0,1.0,0.02507208781817638,0.7774790660436854,0.13397459621556151,0.49999999999999956,1,1
205776,1.0,3.0,2.0,1.0,1.0,19,1,12,0.03407417371093158,1.2588190451025203,1.78183148246803,1.6234898018587336,0.9999999999999998,2.0,1,1
21505,1.0,1.0,3.0,1.0,1.0,9,2,5,1.7071067811865475,0.29289321881345254,1.9749279121818235,0.7774790660436857,1.5,0.1339745962155613,1,1
22141,1.0,1.0,1.0,1.0,1.0,8,2,1,1.8660254037844388,0.5000000000000002,1.9749279121818235,0.7774790660436857,1.5,1.8660254037844388,1,1
127522,3.0,1.0,1.0,3.0,1.0,12,7,1,1.0000000000000002,0.0,0.9999999999999998,2.0,1.5,1.8660254037844388,2,1
128576,1.0,2.0,1.0,3.0,1.0,5,4,1,1.9659258262890682,1.2588190451025207,0.5661162608824419,0.09903113209758085,1.5,1.8660254037844388,1,1
16584,1.0,1.0,1.0,1.0,1.0,16,7,4,0.13397459621556151,0.49999999999999956,0.9999999999999998,2.0,1.8660254037844388,0.5000000000000002,1,1
65962,1.0,1.0,1.0,1.0,1.0,5,5,7,1.9659258262890682,1.2588190451025207,0.02507208781817638,0.7774790660436854,0.5000000000000002,0.13397459621556118,1,1
115325,1.0,3.0,3.0,1.0,1.0,21,3,7,0.2928932188134523,1.7071067811865475,1.4338837391175583,0.09903113209758097,0.5000000000000002,0.13397459621556118,1,1
41610,1.0,1.0,3.0,1.0,1.0,10,5,12,1.5,0.1339745962155613,0.02507208781817638,0.7774790660436854,0.9999999999999998,2.0,2,1
74061,1.0,1.0,1.0,1.0,1.0,9,2,12,1.7071067811865475,0.29289321881345254,1.9749279121818235,0.7774790660436857,0.9999999999999998,2.0,1,1
197946,1.0,1.0,3.0,1.0,1.0,12,1,9,1.0000000000000002,0.0,1.78183148246803,1.6234898018587336,0.0,0.9999999999999998,2,1
57570,1.0,3.0,1.0,1.0,3.0,9,6,7,1.7071067811865475,0.29289321881345254,0.21816851753197009,1.6234898018587334,0.5000000000000002,0.13397459621556118,1,1
116393,1.0,1.0,3.0,1.0,1.0,16,3,6,0.13397459621556151,0.49999999999999956,1.4338837391175583,0.09903113209758097,1.0000000000000002,0.0,1,1
83085,1.0,1.0,1.0,2.0,1.0,9,5,2,1.7071067811865475,0.29289321881345254,0.02507208781817638,0.7774790660436854,1.8660254037844386,1.5,2,1
132937,1.0,3.0,3.0,1.0,1.0,22,1,8,0.49999999999999956,1.8660254037844384,1.78183148246803,1.6234898018587336,0.13397459621556151,0.49999999999999956,2,1
103036,1.0,3.0,2.0,1.0,1.0,18,4,11,0.0,0.9999999999999998,0.5661162608824419,0.09903113209758085,0.49999999999999956,1.8660254037844384,2,1
198559,1.0,1.0,3.0,1.0,1.0,17,2,8,0.03407417371093169,0.7411809548974794,1.9749279121818235,0.7774790660436857,0.13397459621556151,0.49999999999999956,1,1
173719,1.0,3.0,2.0,2.0,1.0,21,7,7,0.2928932188134523,1.7071067811865475,0.9999999999999998,2.0,0.5000000000000002,0.13397459621556118,1,1
176324,1.0,1.0,1.0,1.0,1.0,13,6,8,0.7411809548974793,0.03407417371093169,0.21816851753197009,1.6234898018587334,0.13397459621556151,0.49999999999999956,1,1
86318,1.0,3.0,3.0,1.0,1.0,22,4,10,0.49999999999999956,1.8660254037844384,0.5661162608824419,0.09903113209758085,0.1339745962155614,1.5,1,1
46851,3.0,1.0,1.0,3.0,1.0,6,5,2,2.0,1.0,0.02507208781817638,0.7774790660436854,1.8660254037844386,1.5,1,1
24571,1.0,1.0,4.0,2.0,1.0,7,4,1,1.9659258262890682,0.7411809548974794,0.5661162608824419,0.09903113209758085,1.5,1.8660254037844388,2,1
138652,1.0,4.0,1.0,1.0,1.0,13,1,11,0.7411809548974793,0.03407417371093169,1.78183148246803,1.6234898018587336,0.49999999999999956,1.8660254037844384,1,1
112866,1.0,1.0,1.0,1.0,2.0,14,3,1,0.5000000000000002,0.13397459621556118,1.4338837391175583,0.09903113209758097,1.5,1.8660254037844388,1,1
10958,1.0,1.0,1.0,1.0,1.0,7,5,6,1.9659258262890682,0.7411809548974794,0.02507208781817638,0.7774790660436854,1.0000000000000002,0.0,1,1
148939,1.0,1.0,1.0,1.0,1.0,13,7,11,0.7411809548974793,0.03407417371093169,0.9999999999999998,2.0,0.49999999999999956,1.8660254037844384,1,1
176401,1.0,1.0,3.0,1.0,1.0,15,6,8,0.29289321881345287,0.2928932188134521,0.21816851753197009,1.6234898018587334,0.13397459621556151,0.49999999999999956,2,1
142035,1.0,1.0,1.0,1.0,1.0,18,5,9,0.0,0.9999999999999998,0.02507208781817638,0.7774790660436854,0.0,0.9999999999999998,2,0
59091,1.0,3.0,2.0,1.0,1.0,19,1,10,0.03407417371093158,1.2588190451025203,1.78183148246803,1.6234898018587336,0.1339745962155614,1.5,2,1
151830,2.0,1.0,1.0,2.0,1.0,7,7,10,1.9659258262890682,0.7411809548974794,0.9999999999999998,2.0,0.1339745962155614,1.5,1,1
208518,1.0,1.0,1.0,1.0,1.0,16,2,1,0.13397459621556151,0.49999999999999956,1.9749279121818235,0.7774790660436857,1.5,1.8660254037844388,2,1
53749,1.0,1.0,1.0,1.0,1.0,17,5,1,0.03407417371093169,0.7411809548974794,0.02507208781817638,0.7774790660436854,1.5,1.8660254037844388,1,0
154118,1.0,1.0,1.0,1.0,1.0,14,6,10,0.5000000000000002,0.13397459621556118,0.21816851753197009,1.6234898018587334,0.1339745962155614,1.5,1,1
21978,1.0,1.0,3.0,1.0,1.0,9,2,10,1.7071067811865475,0.29289321881345254,1.9749279121818235,0.7774790660436857,0.1339745962155614,1.5,2,1
163745,1.0,1.0,1.0,1.0,1.0,17,4,5,0.03407417371093169,0.7411809548974794,0.5661162608824419,0.09903113209758085,1.5,0.1339745962155613,1,0
198689,1.0,1.0,4.0,1.0,1.0,7,3,8,1.9659258262890682,0.7411809548974794,1.4338837391175583,0.09903113209758097,0.13397459621556151,0.49999999999999956,2,1
77805,1.0,1.0,3.0,1.0,1.0,12,3,6,1.0000000000000002,0.0,1.4338837391175583,0.09903113209758097,1.0000000000000002,0.0,2,1
52353,1.0,3.0,2.0,1.0,1.0,22,3,1,0.49999999999999956,1.8660254037844384,1.4338837391175583,0.09903113209758097,1.5,1.8660254037844388,1,1
102214,1.0,3.0,2.0,1.0,1.0,21,7,7,0.2928932188134523,1.7071067811865475,0.9999999999999998,2.0,0.5000000000000002,0.13397459621556118,1,1
139317,1.0,1.0,1.0,1.0,1.0,7,6,3,1.9659258262890682,0.7411809548974794,0.21816851753197009,1.6234898018587334,2.0,1.0,1,1
167001,1.0,1.0,2.0,1.0,1.0,15,1,8,0.29289321881345287,0.2928932188134521,1.78183148246803,1.6234898018587336,0.13397459621556151,0.49999999999999956,1,0
146683,2.0,1.0,1.0,2.0,1.0,11,3,11,1.258819045102521,0.0340741737109318,1.4338837391175583,0.09903113209758097,0.49999999999999956,1.8660254037844384,2,1
126681,1.0,3.0,2.0,1.0,1.0,21,4,3,0.2928932188134523,1.7071067811865475,0.5661162608824419,0.09903113209758085,2.0,1.0,2,1
180083,1.0,3.0,2.0,2.0,1.0,18,1,11,0.0,0.9999999999999998,1.78183148246803,1.6234898018587336,0.49999999999999956,1.8660254037844384,1,0
152339,1.0,1.0,2.0,1.0,1.0,16,1,4,0.13397459621556151,0.49999999999999956,1.78183148246803,1.6234898018587336,1.8660254037844388,0.5000000000000002,1,1
18245,2.0,1.0,1.0,2.0,1.0,12,4,10,1.0000000000000002,0.0,0.5661162608824419,0.09903113209758085,0.1339745962155614,1.5,2,1
107288,1.0,1.0,3.0,1.0,1.0,17,7,6,0.03407417371093169,0.7411809548974794,0.9999999999999998,2.0,1.0000000000000002,0.0,2,1
150757,1.0,3.0,2.0,1.0,1.0,18,4,11,0.0,0.9999999999999998,0.5661162608824419,0.09903113209758085,0.49999999999999956,1.8660254037844384,1,1
57553,1.0,1.0,2.0,1.0,1.0,7,6,5,1.9659258262890682,0.7411809548974794,0.21816851753197009,1.6234898018587334,1.5,0.1339745962155613,1,1
132596,2.0,1.0,3.0,2.0,1.0,8,4,10,1.8660254037844388,0.5000000000000002,0.5661162608824419,0.09903113209758085,0.1339745962155614,1.5,2,1
168250,1.0,1.0,2.0,1.0,1.0,14,6,8,0.5000000000000002,0.13397459621556118,0.21816851753197009,1.6234898018587334,0.13397459621556151,0.49999999999999956,2,1
120115,1.0,1.0,1.0,1.0,1.0,10,6,10,1.5,0.1339745962155613,0.21816851753197009,1.6234898018587334,0.1339745962155614,1.5,1,1
146692,2.0,3.0,2.0,2.0,1.0,20,3,10,0.1339745962155614,1.5,1.4338837391175583,0.09903113209758097,0.1339745962155614,1.5,1,1
195429,1.0,3.0,2.0,1.0,1.0,21,6,9,0.2928932188134523,1.7071067811865475,0.21816851753197009,1.6234898018587334,0.0,0.9999999999999998,2,1
138847,1.0,1.0,1.0,1.0,1.0,13,7,7,0.7411809548974793,0.03407417371093169,0.9999999999999998,2.0,0.5000000000000002,0.13397459621556118,1,1