Unnamed: 0,weather_condition,lighting_condition,trafficway_type,roadway_surface_cond,road_defect,crash_hour,crash_day_of_week,crash_month,crash_hour_sin,crash_hour_cos,crash_day_sin,crash_day_cos,crash_month_sin,crash_month_cos,crash_type,intersection_related_i
126716,1.0,1.0,2.0,1.0,1.0,11,7,10,1.258819045102521,0.0340741737109318,0.9999999999999998,2.0,0.1339745962155614,1.5,1,1
145301,1.0,1.0,1.0,1.0,1.0,15,6,9,0.29289321881345287,0.2928932188134521,0.21816851753197009,1.6234898018587334,0.0,0.9999999999999998,1,1
9577,1.0,3.0,1.0,1.0,1.0,20,7,3,0.1339745962155614,1.5,0.9999999999999998,2.0,2.0,1.0,1,1
152854,1.0,1.0,1.0,1.0,1.0,17,3,7,0.03407417371093169,0.7411809548974794,1.4338837391175583,0.09903113209758097,0.5000000000000002,0.13397459621556118,1,1
163473,1.0,1.0,3.0,1.0,1.0,6,3,8,2.0,1.0,1.4338837391175583,0.09903113209758097,0.13397459621556151,0.49999999999999956,2,1
138304,1.0,1.0,1.0,1.0,1.0,16,4,8,0.13397459621556151,0.49999999999999956,0.5661162608824419,0.09903113209758085,0.13397459621556151,0.49999999999999956,2,1
64276,1.0,3.0,3.0,1.0,1.0,20,1,1,0.1339745962155614,1.5,1.78183148246803,1.6234898018587336,1.5,1.8660254037844388,1,1
96465,1.0,1.0,1.0,1.0,1.0,16,3,8,0.13397459621556151,0.49999999999999956,1.4338837391175583,0.09903113209758097,0.13397459621556151,0.49999999999999956,2,1
85610,1.0,1.0,2.0,1.0,1.0,11,6,3,1.258819045102521,0.0340741737109318,0.21816851753197009,1.6234898018587334,2.0,1.0,2,1
166554,1.0,1.0,3.0,4.0,1.0,9,6,2,1.7071067811865475,0.29289321881345254,0.21816851753197009,1.6234898018587334,1.8660254037844386,1.5,1,1
103718,1.0,1.0,3.0,1.0,1.0,10,7,9,1.5,0.1339745962155613,0.9999999999999998,2.0,0.0,0.9999999999999998,1,1
74775,1.0,3.0,3.0,1.0,1.0,3,1,3,1.7071067811865475,1.7071067811865475,1.78183148246803,1.6234898018587336,2.0,1.0,2,1
12409,1.0,1.0,1.0,1.0,1.0,13,6,9,0.7411809548974793,0.03407417371093169,0.21816851753197009,1.6234898018587334,0.0,0.9999999999999998,1,1
128154,1.0,1.0,1.0,1.0,1.0,15,5,8,0.29289321881345287,0.2928932188134521,0.02507208781817638,0.7774790660436854,0.13397459621556151,0.49999999999999956,1,1
106885,1.0,1.0,3.0,1.0,1.0,18,5,8,0.0,0.9999999999999998,0.02507208781817638,0.7774790660436854,0.13397459621556151,0.49999999999999956,1,1
204284,2.0,1.0,1.0,2.0,1.0,7,4,11,1.9659258262890682,0.7411809548974794,0.5661162608824419,0.09903113209758085,0.49999999999999956,1.8660254037844384,1,1
33314,1.0,1.0,1.0,1.0,1.0,13,5,8,0.7411809548974793,0.03407417371093169,0.02507208781817638,0.7774790660436854,0.13397459621556151,0.49999999999999956,1,1
163477,2.0,3.0,2.0,2.0,1.0,22,2,4,0.49999999999999956,1.8660254037844384,1.9749279121818235,0.7774790660436857,1.8660254037844388,0.5000000000000002,1,1
116699,1.0,3.0,2.0,1.0,1.0,17,3,11,0.03407417371093169,0.7411809548974794,1.4338837391175583,0.09903113209758097,0.49999999999999956,1.8660254037844384,1,1
158556,1.0,1.0,1.0,1.0,1.0,13,4,5,0.7411809548974793,0.03407417371093169,0.5661162608824419,0.09903113209758085,1.5,0.1339745962155613,1,1
110773,1.0,1.0,2.0,1.0,1.0,9,3,11,1.7071067811865475,0.29289321881345254,1.4338837391175583,0.09903113209758097,0.49999999999999956,1.8660254037844384,1,1
149731,1.0,1.0,3.0,1.0,1.0,10,5,8,1.5,0.1339745962155613,0.02507208781817638,0.7774790660436854,0.13397459621556151,0.49999999999999956,1,1
122490,1.0,2.0,1.0,1.0,1.0,6,2,4,2.0,1.0,1.9749279121818235,0.7774790660436857,1.8660254037844388,0.5000000000000002,2,1
157854,1.0,1.0,1.0,1.0,1.0,17,3,12,0.03407417371093169,0.7411809548974794,1.4338837391175583,0.09903113209758097,0.9999999999999998,2.0,1,1
123063,1.0,3.0,3.0,1.0,1.0,20,1,8,0.1339745962155614,1.5,1.78183148246803,1.6234898018587336,0.13397459621556151,0.49999999999999956,1,1
127090,1.0,3.0,1.0,1.0,1.0,5,6,5,1.9659258262890682,1.2588190451025207,0.21816851753197009,1.6234898018587334,1.5,0.1339745962155613,1,1
30940,2.0,1.0,2.0,2.0,1.0,17,2,8,0.03407417371093169,0.7411809548974794,1.9749279121818235,0.7774790660436857,0.13397459621556151,0.49999999999999956,1,1
148095,1.0,1.0,1.0,1.0,1.0,14,1,6,0.5000000000000002,0.13397459621556118,1.78183148246803,1.6234898018587336,1.0000000000000002,0.0,1,1
162765,1.0,1.0,2.0,2.0,1.0,10,3,1,1.5,0.1339745962155613,1.4338837391175583,0.09903113209758097,1.5,1.8660254037844388,2,1
146029,1.0,3.0,2.0,1.0,1.0,3,1,12,1.7071067811865475,1.7071067811865475,1.78183148246803,1.6234898018587336,0.9999999999999998,2.0,2,1
91855,1.0,1.0,3.0,1.0,1.0,9,3,9,1.7071067811865475,0.29289321881345254,1.4338837391175583,0.09903113209758097,0.0,0.9999999999999998,1,1
186769,1.0,3.0,1.0,1.0,1.0,21,7,2,0.2928932188134523,1.7071067811865475,0.9999999999999998,2.0,1.8660254037844386,1.5,2,1
34224,1.0,1.0,3.0,1.0,1.0,16,5,8,0.13397459621556151,0.49999999999999956,0.02507208781817638,0.7774790660436854,0.13397459621556151,0.49999999999999956,1,1
38892,1.0,3.0,3.0,1.0,1.0,20,7,5,0.1339745962155614,1.5,0.9999999999999998,2.0,1.5,0.1339745962155613,1,1
34301,2.0,3.0,3.0,2.0,1.0,4,1,5,1.8660254037844386,1.5,1.78183148246803,1.6234898018587336,1.5,0.1339745962155613,2,1
149523,1.0,1.0,3.0,1.0,1.0,12,5,1,1.0000000000000002,0.0,0.02507208781817638,0.7774790660436854,1.5,1.8660254037844388,2,1
110702,1.0,3.0,3.0,1.0,1.0,21,7,5,0.2928932188134523,1.7071067811865475,0.9999999999999998,2.0,1.5,0.1339745962155613,1,1
59992,1.0,3.0,1.0,1.0,1.0,23,1,7,0.7411809548974784,1.9659258262890682,1.78183148246803,1.6234898018587336,0.5000000000000002,0.13397459621556118,1,1
123341,1.0,1.0,2.0,1.0,1.0,7,3,5,1.9659258262890682,0.7411809548974794,1.4338837391175583,0.09903113209758097,1.5,0.1339745962155613,1,1
170509,1.0,1.0,1.0,1.0,1.0,12,4,12,1.0000000000000002,0.0,0.5661162608824419,0.09903113209758085,0.9999999999999998,2.0,1,1
81438,1.0,1.0,3.0,1.0,1.0,15,2,6,0.29289321881345287,0.2928932188134521,1.9749279121818235,0.7774790660436857,1.0000000000000002,0.0,2,1
38943,1.0,1.0,2.0,2.0,1.0,16,4,6,0.13397459621556151,0.49999999999999956,0.5661162608824419,0.09903113209758085,1.0000000000000002,0.0,2,1
37369,1.0,1.0,3.0,1.0,1.0,9,1,2,1.7071067811865475,0.29289321881345254,1.78183148246803,1.6234898018587336,1.8660254037844386,1.5,2,1
143432,1.0,3.0,1.0,1.0,1.0,19,7,10,0.03407417371093158,1.2588190451025203,0.9999999999999998,2.0,0.1339745962155614,1.5,1,1
205219,1.0,1.0,3.0,1.0,1.0,15,3,12,0.29289321881345287,0.2928932188134521,1.4338837391175583,0.09903113209758097,0.9999999999999998,2.0,2,1
158023,1.0,3.0,2.0,1.0,1.0,18,7,12,0.0,0.9999999999999998,0.9999999999999998,2.0,0.9999999999999998,2.0,1,1
118304,1.0,3.0,1.0,2.0,1.0,23,7,2,0.7411809548974784,1.9659258262890682,0.9999999999999998,2.0,1.8660254037844386,1.5,1,1
133536,1.0,2.0,1.0,1.0,1.0,19,7,12,0.03407417371093158,1.2588190451025203,0.9999999999999998,2.0,0.9999999999999998,2.0,1,1
142991,1.0,1.0,2.0,1.0,1.0,14,6,7,0.5000000000000002,0.13397459621556118,0.21816851753197009,1.6234898018587334,0.5000000000000002,0.13397459621556118,2,1
87513,1.0,1.0,3.0,1.0,1.0,18,6,7,0.0,0.9999999999999998,0.21816851753197009,1.6234898018587334,0.5000000000000002,0.13397459621556118,1,1
132563,1.0,1.0,3.0,1.0,1.0,7,3,11,1.9659258262890682,0.7411809548974794,1.4338837391175583,0.09903113209758097,0.49999999999999956,1.8660254037844384,2,1
149002,1.0,1.0,1.0,1.0,1.0,15,2,8,0.29289321881345287,0.2928932188134521,1.9749279121818235,0.7774790660436857,0.13397459621556151,0.49999999999999956,2,1
5657,1.0,1.0,3.0,1.0,1.0,13,3,7,0.7411809548974793,0.03407417371093169,1.4338837391175583,0.09903113209758097,0.5000000000000002,0.13397459621556118,2,1
204485,1.0,1.0,3.0,1.0,1.0,8,6,11,1.8660254037844388,0.5000000000000002,0.21816851753197009,1.6234898018587334,0.49999999999999956,1.8660254037844384,1,1
178230,1.0,2.0,3.0,1.0,1.0,5,6,4,1.9659258262890682,1.2588190451025207,0.21816851753197009,1.6234898018587334,1.8660254037844388,0.5000000000000002,1,1
30823,1.0,1.0,1.0,2.0,1.0,12,3,1,1.0000000000000002,0.0,1.4338837391175583,0.09903113209758097,1.5,1.8660254037844388,1,1
70329,1.0,1.0,2.0,3.0,1.0,16,7,8,0.13397459621556151,0.49999999999999956,0.9999999999999998,2.0,0.13397459621556151,0.49999999999999956,2,0
180465,1.0,1.0,2.0,1.0,1.0,18,6,3,0.0,0.9999999999999998,0.21816851753197009,1.6234898018587334,2.0,1.0,2,1
14915,1.0,1.0,3.0,1.0,1.0,11,5,6,1.258819045102521,0.0340741737109318,0.02507208781817638,0.7774790660436854,1.0000000000000002,0.0,1,1
99045,1.0,1.0,3.0,1.0,1.0,6,1,7,2.0,1.0,1.78183148246803,1.6234898018587336,0.5000000000000002,0.13397459621556118,2,1
125685,1.0,1.0,1.0,1.0,1.0,17,5,5,0.03407417371093169,0.7411809548974794,0.02507208781817638,0.7774790660436854,1.5,0.1339745962155613,1,1
131889,1.0,3.0,2.0,2.0,1.0,19,7,11,0.03407417371093158,1.2588190451025203,0.9999999999999998,2.0,0.49999999999999956,1.8660254037844384,2,1
174762,2.0,2.0,1.0,2.0,1.0,17,7,4,0.03407417371093169,0.7411809548974794,0.9999999999999998,2.0,1.8660254037844388,0.5000000000000002,2,1
152610,1.0,1.0,3.0,1.0,1.0,14,2,6,0.5000000000000002,0.13397459621556118,1.9749279121818235,0.7774790660436857,1.0000000000000002,0.0,1,1
32729,1.0,1.0,1.0,1.0,1.0,9,6,12,1.7071067811865475,0.29289321881345254,0.21816851753197009,1.6234898018587334,0.9999999999999998,2.0,1,1
7050,1.0,1.0,2.0,1.0,1.0,12,4,3,1.0000000000000002,0.0,0.5661162608824419,0.09903113209758085,2.0,1.0,2,1
57554,1.0,1.0,2.0,1.0,1.0,10,7,6,1.5,0.1339745962155613,0.9999999999999998,2.0,1.0000000000000002,0.0,1,1
85835,1.0,4.0,1.0,1.0,1.0,19,3,8,0.03407417371093158,1.2588190451025203,1.4338837391175583,0.09903113209758097,0.13397459621556151,0.49999999999999956,1,1
192762,1.0,3.0,2.0,1.0,1.0,22,7,4,0.49999999999999956,1.8660254037844384,0.9999999999999998,2.0,1.8660254037844388,0.5000000000000002,1,1
50650,1.0,1.0,1.0,1.0,1.0,15,7,1,0.29289321881345287,0.2928932188134521,0.9999999999999998,2.0,1.5,1.8660254037844388,1,1
172578,1.0,1.0,2.0,1.0,1.0,18,3,7,0.0,0.9999999999999998,1.4338837391175583,0.09903113209758097,0.5000000000000002,0.13397459621556118,2,1
76833,2.0,3.0,3.0,2.0,2.0,21,2,3,0.2928932188134523,1.7071067811865475,1.9749279121818235,0.7774790660436857,2.0,1.0,1,1
197351,1.0,1.0,3.0,1.0,1.0,10,4,8,1.5,0.1339745962155613,0.5661162608824419,0.09903113209758085,0.13397459621556151,0.49999999999999956,1,1
10762,1.0,1.0,1.0,2.0,1.0,10,4,1,1.5,0.1339745962155613,0.5661162608824419,0.09903113209758085,1.5,1.8660254037844388,1,1
107312,1.0,2.0,1.0,1.0,1.0,15,7,11,0.29289321881345287,0.2928932188134521,0.9999999999999998,2.0,0.49999999999999956,1.8660254037844384,1,1
182737,1.0,3.0,2.0,1.0,1.0,19,4,6,0.03407417371093158,1.2588190451025203,0.5661162608824419,0.09903113209758085,1.0000000000000002,0.0,1,1
149322,1.0,3.0,3.0,3.0,1.0,22,7,1,0.49999999999999956,1.8660254037844384,0.9999999999999998,2.0,1.5,1.8660254037844388,1,1
100422,1.0,1.0,2.0,1.0,1.0,17,6,11,0.03407417371093169,0.7411809548974794,0.21816851753197009,1.6234898018587334,0.49999999999999956,1.8660254037844384,1,1
70180,3.0,1.0,1.0,2.0,1.0,7,4,12,1.9659258262890682,0.7411809548974794,0.5661162608824419,0.09903113209758085,0.9999999999999998,2.0,1,1
172534,1.0,3.0,3.0,1.0,1.0,19,4,11,0.03407417371093158,1.2588190451025203,0.5661162608824419,0.09903113209758085,0.49999999999999956,1.8660254037844384,1,1
21217,1.0,1.0,1.0,1.0,1.0,9,2,9,1.7071067811865475,0.29289321881345254,1.9749279121818235,0.7774790660436857,0.0,0.9999999999999998,1,1
7571,2.0,3.0,3.0,2.0,1.0,19,4,8,0.03407417371093158,1.2588190451025203,0.5661162608824419,0.09903113209758085,0.13397459621556151,0.49999999999999956,2,1
5663,1.0,1.0,1.0,1.0,1.0,14,5,8,0.5000000000000002,0.13397459621556118,0.02507208781817638,0.7774790660436854,0.13397459621556151,0.49999999999999956,2,1
92054,2.0,3.0,1.0,2.0,1.0,19,7,10,0.03407417371093158,1.2588190451025203,0.9999999999999998,2.0,0.1339745962155614,1.5,1,1
165157,2.0,1.0,2.0,2.0,1.0,18,7,6,0.0,0.9999999999999998,0.9999999999999998,2.0,1.0000000000000002,0.0,1,1
156351,1.0,1.0,2.0,1.0,1.0,10,3,3,1.5,0.1339745962155613,1.4338837391175583,0.09903113209758097,2.0,1.0,1,1
48101,1.0,1.0,1.0,1.0,1.0,16,4,4,0.13397459621556151,0.49999999999999956,0.5661162608824419,0.09903113209758085,1.8660254037844388,0.5000000000000002,2,1
185200,1.0,1.0,3.0,2.0,1.0,9,4,3,1.7071067811865475,0.29289321881345254,0.5661162608824419,0.09903113209758085,2.0,1.0,1,1
29615,1.0,3.0,1.0,1.0,1.0,19,3,6,0.03407417371093158,1.2588190451025203,1.4338837391175583,0.09903113209758097,1.0000000000000002,0.0,1,1
30038,1.0,4.0,1.0,1.0,1.0,17,2,12,0.03407417371093169,0.7411809548974794,1.9749279121818235,0.7774790660436857,0.9999999999999998,2.0,1,1
173895,1.0,3.0,3.0,1.0,1.0,22,5,11,0.49999999999999956,1.8660254037844384,0.02507208781817638,0.7774790660436854,0.49999999999999956,1.8660254037844384,2,1
58630,1.0,1.0,2.0,2.0,1.0,8,5,12,1.8660254037844388,0.5000000000000002,0.02507208781817638,0.7774790660436854,0.9999999999999998,2.0,1,1
54395,2.0,1.0,1.0,2.0,1.0,18,1,7,0.0,0.9999999999999998,1.78183148246803,1.6234898018587336,0.5000000000000002,0.13397459621556118,2,1
203269,1.0,2.0,3.0,1.0,1.0,16,5,10,0.13397459621556151,0.49999999999999956,0.02507208781817638,0.7774790660436854,0.1339745962155614,1.5,2,1
119094,1.0,1.0,1.0,1.0,1.0,8,2,12,1.8660254037844388,0.5000000000000002,1.9749279121818235,0.7774790660436857,0.9999999999999998,2.0,1,1
193434,1.0,1.0,1.0,1.0,1.0,9,4,1,1.7071067811865475,0.29289321881345254,0.5661162608824419,0.09903113209758085,1.5,1.8660254037844388,1,1
94603,1.0,1.0,2.0,1.0,1.0,11,4,1,1.258819045102521,0.0340741737109318,0.5661162608824419,0.09903113209758085,1.5,1.8660254037844388,1,1
127888,1.0,1.0,2.0,2.0,1.0,14,4,10,0.5000000000000002,0.13397459621556118,0.5661162608824419,0.09903113209758085,0.1339745962155614,1.5,1,1
23534,1.0,1.0,2.0,1.0,1.0,17,5,4,0.03407417371093169,0.7411809548974794,0.02507208781817638,0.7774790660436854,1.8660254037844388,0.5000000000000002,1,1
27333,1.0,1.0,1.0,1.0,1.0,15,7,5,0.29289321881345287,0.2928932188134521,0.9999999999999998,2.0,1.5,0.1339745962155613,1,0
195297,1.0,1.0,2.0,1.0,1.0,10,4,7,1.5,0.1339745962155613,0.5661162608824419,0.09903113209758085,0.5000000000000002,0.13397459621556118,1,1
138080,1.0,3.0,2.0,1.0,1.0,20,6,6,0.1339745962155614,1.5,0.21816851753197009,1.6234898018587334,1.0000000000000002,0.0,1,1
194091,1.0,3.0,3.0,1.0,1.0,22,3,12,0.49999999999999956,1.8660254037844384,1.4338837391175583,0.09903113209758097,0.9999999999999998,2.0,2,1
130928,2.0,1.0,3.0,2.0,1.0,10,7,4,1.5,0.1339745962155613,0.9999999999999998,2.0,1.8660254037844388,0.5000000000000002,1,1
132320,1.0,1.0,1.0,2.0,1.0,10,1,12,1.5,0.1339745962155613,1.78183148246803,1.6234898018587336,0.9999999999999998,2.0,1,0
140920,1.0,1.0,2.0,1.0,1.0,17,3,9,0.03407417371093169,0.7411809548974794,1.4338837391175583,0.09903113209758097,0.0,0.9999999999999998,1,1
205488,1.0,1.0,3.0,1.0,1.0,13,6,12,0.7411809548974793,0.03407417371093169,0.21816851753197009,1.6234898018587334,0.9999999999999998,2.0,2,1
46629,1.0,1.0,2.0,1.0,1.0,13,4,3,0.7411809548974793,0.03407417371093169,0.5661162608824419,0.09903113209758085,2.0,1.0,2,0
88503,1.0,1.0,1.0,1.0,1.0,14,7,12,0.5000000000000002,0.13397459621556118,0.9999999999999998,2.0,0.9999999999999998,2.0,1,1
158017,2.0,1.0,1.0,2.0,1.0,15,7,4,0.29289321881345287,0.2928932188134521,0.9999999999999998,2.0,1.8660254037844388,0.5000000000000002,1,1
37426,1.0,1.0,2.0,1.0,1.0,10,4,6,1.5,0.1339745962155613,0.5661162608824419,0.09903113209758085,1.0000000000000002,0.0,1,1
207596,1.0,1.0,3.0,1.0,1.0,15,5,12,0.29289321881345287,0.2928932188134521,0.02507208781817638,0.7774790660436854,0.9999999999999998,2.0,1,1
192263,1.0,4.0,1.0,1.0,1.0,22,7,9,0.49999999999999956,1.8660254037844384,0.9999999999999998,2.0,0.0,0.9999999999999998,1,1
55580,1.0,3.0,1.0,1.0,1.0,17,5,11,0.03407417371093169,0.7411809548974794,0.02507208781817638,0.7774790660436854,0.49999999999999956,1.8660254037844384,1,1
65316,1.0,1.0,1.0,1.0,1.0,16,5,9,0.13397459621556151,0.49999999999999956,0.02507208781817638,0.7774790660436854,0.0,0.9999999999999998,2,1
121812,1.0,1.0,1.0,1.0,1.0,12,5,9,1.0000000000000002,0.0,0.02507208781817638,0.7774790660436854,0.0,0.9999999999999998,1,1
98500,1.0,1.0,3.0,2.0,1.0,17,6,7,0.03407417371093169,0.7411809548974794,0.21816851753197009,1.6234898018587334,0.5000000000000002,0.13397459621556118,2,1
186321,1.0,1.0,3.0,1.0,1.0,15,6,8,0.29289321881345287,0.2928932188134521,0.21816851753197009,1.6234898018587334,0.13397459621556151,0.49999999999999956,1,1
87012,1.0,1.0,3.0,1.0,1.0,16,4,2,0.13397459621556151,0.49999999999999956,0.5661162608824419,0.09903113209758085,1.8660254037844386,1.5,1,1
193100,1.0,2.0,1.0,1.0,1.0,17,5,1,0.03407417371093169,0.7411809548974794,0.02507208781817638,0.7774790660436854,1.5,1.8660254037844388,2,0
15198,1.0,1.0,1.0,1.0,1.0,9,2,10,1.7071067811865475,0.29289321881345254,1.9749279121818235,0.7774790660436857,0.1339745962155614,1.5,1,1
72742,2.0,3.0,2.0,2.0,1.0,5,3,8,1.9659258262890682,1.2588190451025207,1.4338837391175583,0.09903113209758097,0.13397459621556151,0.49999999999999956,1,1
127800,1.0,2.0,1.0,1.0,1.0,19,5,3,0.03407417371093158,1.2588190451025203,0.02507208781817638,0.7774790660436854,2.0,1.0,1,1
120638,1.0,1.0,1.0,1.0,1.0,8,6,9,1.8660254037844388,0.5000000000000002,0.21816851753197009,1.6234898018587334,0.0,0.9999999999999998,1,1
84786,1.0,1.0,2.0,1.0,1.0,13,5,2,0.7411809548974793,0.03407417371093169,0.02507208781817638,0.7774790660436854,1.8660254037844386,1.5,2,1
68235,1.0,1.0,2.0,1.0,1.0,15,4,4,0.29289321881345287,0.2928932188134521,0.5661162608824419,0.09903113209758085,1.8660254037844388,0.5000000000000002,1,1
109042,1.0,1.0,3.0,1.0,1.0,12,2,2,1.0000000000000002,0.0,1.9749279121818235,0.7774790660436857,1.8660254037844386,1.5,1,1
13165,1.0,3.0,1.0,1.0,1.0,18,5,1,0.0,0.9999999999999998,0.02507208781817638,0.7774790660436854,1.5,1.8660254037844388,1,1
80033,1.0,1.0,1.0,2.0,1.0,8,1,3,1.8660254037844388,0.5000000000000002,1.78183148246803,1.6234898018587336,2.0,1.0,2,1
47264,1.0,1.0,3.0,1.0,1.0,17,4,4,0.03407417371093169,0.7411809548974794,0.5661162608824419,0.09903113209758085,1.8660254037844388,0.5000000000000002,1,1
33297,1.0,1.0,2.0,1.0,1.0,17,2,4,0.03407417371093169,0.7411809548974794,1.9749279121818235,0.7774790660436857,1.8660254037844388,0.5000000000000002,1,1
2767,2.0,1.0,3.0,2.0,1.0,9,3,12,1.7071067811865475,0.29289321881345254,1.4338837391175583,0.09903113209758097,0.9999999999999998,2.0,1,1
15228,1.0,1.0,2.0,1.0,1.0,8,4,9,1.8660254037844388,0.5000000000000002,0.5661162608824419,0.09903113209758085,0.0,0.9999999999999998,2,1
188077,1.0,3.0,2.0,1.0,1.0,23,1,10,0.7411809548974784,1.9659258262890682,1.78183148246803,1.6234898018587336,0.1339745962155614,1.5,1,1
57851,2.0,1.0,3.0,2.0,1.0,17,6,10,0.03407417371093169,0.7411809548974794,0.21816851753197009,1.6234898018587334,0.1339745962155614,1.5,2,0
66855,1.0,2.0,2.0,1.0,1.0,18,1,4,0.0,0.9999999999999998,1.78183148246803,1.6234898018587336,1.8660254037844388,0.5000000000000002,1,1
170877,2.0,1.0,3.0,2.0,1.0,18,3,4,0.0,0.9999999999999998,1.4338837391175583,0.09903113209758097,1.8660254037844388,0.5000000000000002,1,1
160584,1.0,1.0,2.0,2.0,1.0,17,2,8,0.03407417371093169,0.7411809548974794,1.9749279121818235,0.7774790660436857,0.13397459621556151,0.49999999999999956,2,1
63221,1.0,1.0,1.0,1.0,1.0,13,6,6,0.7411809548974793,0.03407417371093169,0.21816851753197009,1.6234898018587334,1.0000000000000002,0.0,1,1
66355,1.0,1.0,1.0,1.0,1.0,11,7,4,1.258819045102521,0.0340741737109318,0.9999999999999998,2.0,1.8660254037844388,0.5000000000000002,2,1
166793,1.0,1.0,3.0,1.0,1.0,12,6,11,1.0000000000000002,0.0,0.21816851753197009,1.6234898018587334,0.49999999999999956,1.8660254037844384,1,1
151745,1.0,1.0,2.0,1.0,1.0,11,1,3,1.258819045102521,0.0340741737109318,1.78183148246803,1.6234898018587336,2.0,1.0,2,1
170187,3.0,1.0,2.0,3.0,1.0,7,2,3,1.9659258262890682,0.7411809548974794,1.9749279121818235,0.7774790660436857,2.0,1.0,1,1
84933,2.0,1.0,1.0,2.0,1.0,7,3,3,1.9659258262890682,0.7411809548974794,1.4338837391175583,0.09903113209758097,2.0,1.0,1,1
153249,1.0,1.0,3.0,1.0,1.0,11,7,6,1.258819045102521,0.0340741737109318,0.9999999999999998,2.0,1.0000000000000002,0.0,1,1
129332,1.0,1.0,1.0,1.0,1.0,10,1,8,1.5,0.1339745962155613,1.78183148246803,1.6234898018587336,0.13397459621556151,0.49999999999999956,2,1
104359,1.0,1.0,1.0,1.0,1.0,16,6,3,0.13397459621556151,0.49999999999999956,0.21816851753197009,1.6234898018587334,2.0,1.0,2,1
79611,1.0,1.0,2.0,1.0,1.0,16,5,11,0.13397459621556151,0.49999999999999956,0.02507208781817638,0.7774790660436854,0.49999999999999956,1.8660254037844384,1,1
1739,1.0,1.0,2.0,1.0,1.0,13,3,8,0.7411809548974793,0.03407417371093169,1.4338837391175583,0.09903113209758097,0.13397459621556151,0.49999999999999956,2,1
190877,1.0,2.0,1.0,1.0,1.0,7,6,9,1.9659258262890682,0.7411809548974794,0.21816851753197009,1.6234898018587334,0.0,0.9999999999999998,1,1
165202,1.0,1.0,2.0,1.0,1.0,16,4,5,0.13397459621556151,0.49999999999999956,0.5661162608824419,0.09903113209758085,1.5,0.1339745962155613,2,1
143453,1.0,1.0,1.8332037225905151,1.0,1.0,7,6,2,1.9659258262890682,0.7411809548974794,0.21816851753197009,1.6234898018587334,1.8660254037844386,1.5,2,1
181576,1.0,1.0,2.0,1.0,1.0,15,6,8,0.29289321881345287,0.2928932188134521,0.21816851753197009,1.6234898018587334,0.13397459621556151,0.49999999999999956,1,1
102553,1.0,1.0,1.0,1.0,1.0,13,2,2,0.7411809548974793,0.03407417371093169,1.9749279121818235,0.7774790660436857,1.8660254037844386,1.5,1,1
21718,1.0,1.0,1.0,1.0,1.0,18,5,9,0.0,0.9999999999999998,0.02507208781817638,0.7774790660436854,0.0,0.9999999999999998,2,1
107767,1.0,1.0,2.0,1.0,1.0,14,3,11,0.5000000000000002,0.13397459621556118,1.4338837391175583,0.09903113209758097,0.49999999999999956,1.8660254037844384,2,1
176009,1.0,4.0,3.0,1.0,1.0,17,4,1,0.03407417371093169,0.7411809548974794,0.5661162608824419,0.09903113209758085,1.5,1.8660254037844388,2,1
61258,2.0,1.0,1.0,2.0,1.0,13,1,11,0.7411809548974793,0.03407417371093169,1.78183148246803,1.6234898018587336,0.49999999999999956,1.8660254037844384,2,1
186655,1.0,1.0,1.0,1.0,1.0,17,1,6,0.03407417371093169,0.7411809548974794,1.78183148246803,1.6234898018587336,1.0000000000000002,0.0,1,1
21727,1.0,1.0,3.0,1.0,1.0,15,3,8,0.29289321881345287,0.2928932188134521,1.4338837391175583,0.09903113209758097,0.13397459621556151,0.49999999999999956,2,1
191539,1.0,1.0,1.0,1.0,1.0,16,1,10,0.13397459621556151,0.49999999999999956,1.78183148246803,1.6234898018587336,0.1339745962155614,1.5,1,0
165756,1.0,1.0,3.0,1.0,1.0,13,2,8,0.7411809548974793,0.03407417371093169,1.9749279121818235,0.7774790660436857,0.13397459621556151,0.49999999999999956,1,1
42492,1.0,1.0,1.0,1.0,1.0,12,4,10,1.0000000000000002,0.0,0.5661162608824419,0.09903113209758085,0.1339745962155614,1.5,2,1
182751,1.0,1.0,2.0,1.0,1.0,12,4,12,1.0000000000000002,0.0,0.5661162608824419,0.09903113209758085,0.9999999999999998,2.0,1,1
55102,2.0,4.0,1.0,3.0,1.0,19,4,1,0.03407417371093158,1.2588190451025203,0.5661162608824419,0.09903113209758085,1.5,1.8660254037844388,1,1
94979,1.0,1.0,1.0,1.0,1.0,14,4,8,0.5000000000000002,0.13397459621556118,0.5661162608824419,0.09903113209758085,0.13397459621556151,0.49999999999999956,1,1
43748,1.0,3.0,2.0,1.0,1.0,22,7,5,0.49999999999999956,1.8660254037844384,0.9999999999999998,2.0,1.5,0.1339745962155613,2,0
200024,1.0,1.0,3.0,1.0,1.0,9,3,9,1.7071067811865475,0.29289321881345254,1.4338837391175583,0.09903113209758097,0.0,0.9999999999999998,1,1
137274,1.0,1.0,1.0,1.0,1.0,12,2,12,1.0000000000000002,0.0,1.9749279121818235,0.7774790660436857,0.9999999999999998,2.0,1,1
55782,1.0,3.0,1.0,2.0,1.0,23,6,1,0.7411809548974784,1.9659258262890682,0.21816851753197009,1.6234898018587334,1.5,1.8660254037844388,1,1
64420,1.0,1.0,2.0,1.0,1.0,5,3,7,1.9659258262890682,1.2588190451025207,1.4338837391175583,0.09903113209758097,0.5000000000000002,0.13397459621556118,1,1