Unnamed: 0,weather_condition,lighting_condition,trafficway_type,roadway_surface_cond,road_defect,crash_hour,crash_day_of_week,crash_month,crash_hour_sin,crash_hour_cos,crash_day_sin,crash_day_cos,crash_month_sin,crash_month_cos,crash_type,intersection_related_i
75702,1.0,1.0,2.0,1.0,1.0,14,1,6,0.5000000000000002,0.13397459621556118,1.78183148246803,1.6234898018587336,1.0000000000000002,0.0,2,0
185060,1.0,3.0,4.0,1.0,1.0,3,2,5,1.7071067811865475,1.7071067811865475,1.9749279121818235,0.7774790660436857,1.5,0.1339745962155613,2,1
179048,1.0,3.0,1.0,1.0,1.0,23,7,8,0.7411809548974784,1.9659258262890682,0.9999999999999998,2.0,0.13397459621556151,0.49999999999999956,1,1
36668,2.0,1.0,3.0,2.0,1.0,8,7,4,1.8660254037844388,0.5000000000000002,0.9999999999999998,2.0,1.8660254037844388,0.5000000000000002,2,1
29245,1.0,1.0,1.0,1.0,1.0,15,6,5,0.29289321881345287,0.2928932188134521,0.21816851753197009,1.6234898018587334,1.5,0.1339745962155613,2,1
62304,1.0,1.0,2.0,1.0,1.0,17,2,8,0.03407417371093169,0.7411809548974794,1.9749279121818235,0.7774790660436857,0.13397459621556151,0.49999999999999956,1,1
137173,1.0,3.0,2.0,1.0,1.0,21,6,5,0.2928932188134523,1.7071067811865475,0.21816851753197009,1.6234898018587334,1.5,0.1339745962155613,1,1
88709,1.0,1.0,1.0,1.0,1.0,19,4,8,0.03407417371093158,1.2588190451025203,0.5661162608824419,0.09903113209758085,0.13397459621556151,0.49999999999999956,2,1
142467,1.0,1.0,1.0,1.0,1.0,13,1,11,0.7411809548974793,0.03407417371093169,1.78183148246803,1.6234898018587336,0.49999999999999956,1.8660254037844384,1,1
98649,1.0,3.0,2.0,1.0,1.0,19,7,9,0.03407417371093158,1.2588190451025203,0.9999999999999998,2.0,0.0,0.9999999999999998,1,1
150959,1.0,1.0,2.0,1.0,1.0,9,1,6,1.7071067811865475,0.29289321881345254,1.78183148246803,1.6234898018587336,1.0000000000000002,0.0,2,1
93404,1.0,1.0,2.0,1.0,1.0,11,3,8,1.258819045102521,0.0340741737109318,1.4338837391175583,0.09903113209758097,0.13397459621556151,0.49999999999999956,1,1
73937,1.0,1.0,1.0,1.0,1.0,9,1,12,1.7071067811865475,0.29289321881345254,1.78183148246803,1.6234898018587336,0.9999999999999998,2.0,1,1
62929,1.0,1.0,2.0,1.0,1.0,9,2,10,1.7071067811865475,0.29289321881345254,1.9749279121818235,0.7774790660436857,0.1339745962155614,1.5,1,1
18297,1.0,2.0,3.0,1.0,1.0,16,1,1,0.13397459621556151,0.49999999999999956,1.78183148246803,1.6234898018587336,1.5,1.8660254037844388,1,1
46458,1.0,1.0,1.0,1.0,1.0,11,5,1,1.258819045102521,0.0340741737109318,0.02507208781817638,0.7774790660436854,1.5,1.8660254037844388,1,1
26039,1.0,1.0,3.0,1.0,1.0,18,7,7,0.0,0.9999999999999998,0.9999999999999998,2.0,0.5000000000000002,0.13397459621556118,1,1
207434,1.0,1.0,1.0,1.0,1.0,9,6,12,1.7071067811865475,0.29289321881345254,0.21816851753197009,1.6234898018587334,0.9999999999999998,2.0,2,1
144266,1.0,1.0,1.0,1.0,1.0,16,4,8,0.13397459621556151,0.49999999999999956,0.5661162608824419,0.09903113209758085,0.13397459621556151,0.49999999999999956,1,1
706,1.0,1.0,1.0,2.0,1.0,12,2,3,1.0000000000000002,0.0,1.9749279121818235,0.7774790660436857,2.0,1.0,2,1
145818,1.0,4.0,3.0,1.0,1.0,17,2,12,0.03407417371093169,0.7411809548974794,1.9749279121818235,0.7774790660436857,0.9999999999999998,2.0,1,1
3117,1.0,1.0,1.0,1.0,1.0,18,6,6,0.0,0.9999999999999998,0.21816851753197009,1.6234898018587334,1.0000000000000002,0.0,1,1
190522,2.0,1.0,2.0,2.0,1.0,12,3,9,1.0000000000000002,0.0,1.4338837391175583,0.09903113209758097,0.0,0.9999999999999998,1,1
101848,2.0,1.0,2.0,2.0,1.0,11,5,6,1.258819045102521,0.0340741737109318,0.02507208781817638,0.7774790660436854,1.0000000000000002,0.0,2,1
93557,2.0,1.0,1.0,2.0,1.0,7,3,4,1.9659258262890682,0.7411809548974794,1.4338837391175583,0.09903113209758097,1.8660254037844388,0.5000000000000002,1,1
43760,1.0,1.0,3.0,1.0,1.0,13,4,3,0.7411809548974793,0.03407417371093169,0.5661162608824419,0.09903113209758085,2.0,1.0,1,1
135888,1.0,1.0,1.0,1.0,1.0,14,1,10,0.5000000000000002,0.13397459621556118,1.78183148246803,1.6234898018587336,0.1339745962155614,1.5,2,1
143543,1.0,3.0,1.0,1.0,1.0,23,3,9,0.7411809548974784,1.9659258262890682,1.4338837391175583,0.09903113209758097,0.0,0.9999999999999998,2,1
65527,1.0,3.0,1.0,1.0,1.0,23,3,11,0.7411809548974784,1.9659258262890682,1.4338837391175583,0.09903113209758097,0.49999999999999956,1.8660254037844384,1,1
136393,1.0,1.0,1.0,2.0,1.0,19,4,4,0.03407417371093158,1.2588190451025203,0.5661162608824419,0.09903113209758085,1.8660254037844388,0.5000000000000002,1,1
179936,3.0,2.0,1.0,3.0,1.0,16,1,11,0.13397459621556151,0.49999999999999956,1.78183148246803,1.6234898018587336,0.49999999999999956,1.8660254037844384,2,1
58695,2.0,3.0,2.0,2.0,1.0,19,4,11,0.03407417371093158,1.2588190451025203,0.5661162608824419,0.09903113209758085,0.49999999999999956,1.8660254037844384,2,1
12445,3.0,1.0,2.0,2.0,1.0,16,7,4,0.13397459621556151,0.49999999999999956,0.9999999999999998,2.0,1.8660254037844388,0.5000000000000002,2,1
77594,1.0,3.0,3.0,1.0,1.0,23,3,7,0.7411809548974784,1.9659258262890682,1.4338837391175583,0.09903113209758097,0.5000000000000002,0.13397459621556118,1,1
25270,1.0,3.0,3.0,1.0,1.0,22,4,5,0.49999999999999956,1.8660254037844384,0.5661162608824419,0.09903113209758085,1.5,0.1339745962155613,2,1
118497,1.0,4.0,1.0,1.0,1.0,22,4,5,0.49999999999999956,1.8660254037844384,0.5661162608824419,0.09903113209758085,1.5,0.1339745962155613,1,1
63153,1.0,1.0,1.0,1.0,1.0,15,7,10,0.29289321881345287,0.2928932188134521,0.9999999999999998,2.0,0.1339745962155614,1.5,2,1
13965,1.0,3.0,2.0,1.0,1.0,21,6,5,0.2928932188134523,1.7071067811865475,0.21816851753197009,1.6234898018587334,1.5,0.1339745962155613,1,1
5419,1.0,3.0,1.0,3.0,1.0,17,6,2,0.03407417371093169,0.7411809548974794,0.21816851753197009,1.6234898018587334,1.8660254037844386,1.5,1,1
25665,3.0,1.0,2.0,4.0,1.0,8,2,1,1.8660254037844388,0.5000000000000002,1.9749279121818235,0.7774790660436857,1.5,1.8660254037844388,1,1
140293,1.0,1.0,1.0,1.0,1.0,16,3,10,0.13397459621556151,0.49999999999999956,1.4338837391175583,0.09903113209758097,0.1339745962155614,1.5,1,1
86550,1.0,1.0,1.0,1.0,1.0,15,4,7,0.29289321881345287,0.2928932188134521,0.5661162608824419,0.09903113209758085,0.5000000000000002,0.13397459621556118,1,1
22051,1.0,1.0,2.0,1.0,1.0,9,4,9,1.7071067811865475,0.29289321881345254,0.5661162608824419,0.09903113209758085,0.0,0.9999999999999998,1,1
79387,1.0,1.0,1.0,1.0,1.0,14,3,7,0.5000000000000002,0.13397459621556118,1.4338837391175583,0.09903113209758097,0.5000000000000002,0.13397459621556118,1,1
208848,1.0,1.0,2.0,1.0,1.0,18,5,2,0.0,0.9999999999999998,0.02507208781817638,0.7774790660436854,1.8660254037844386,1.5,2,1
197535,1.0,1.0,3.0,1.0,1.0,14,6,8,0.5000000000000002,0.13397459621556118,0.21816851753197009,1.6234898018587334,0.13397459621556151,0.49999999999999956,2,1
92080,1.0,1.0,2.0,1.0,1.0,16,5,7,0.13397459621556151,0.49999999999999956,0.02507208781817638,0.7774790660436854,0.5000000000000002,0.13397459621556118,1,1
168265,2.0,3.0,1.0,2.0,1.0,20,3,10,0.1339745962155614,1.5,1.4338837391175583,0.09903113209758097,0.1339745962155614,1.5,2,1
108098,1.0,1.0,1.0,1.0,1.0,16,7,5,0.13397459621556151,0.49999999999999956,0.9999999999999998,2.0,1.5,0.1339745962155613,1,1
2653,2.0,1.0,1.0,2.0,1.0,13,2,8,0.7411809548974793,0.03407417371093169,1.9749279121818235,0.7774790660436857,0.13397459621556151,0.49999999999999956,2,1
2863,1.0,1.0,3.0,1.0,1.0,16,3,4,0.13397459621556151,0.49999999999999956,1.4338837391175583,0.09903113209758097,1.8660254037844388,0.5000000000000002,1,1
174592,1.0,1.0,3.0,1.0,1.0,16,4,10,0.13397459621556151,0.49999999999999956,0.5661162608824419,0.09903113209758085,0.1339745962155614,1.5,2,1
66232,2.0,1.0,3.0,2.0,1.0,15,6,3,0.29289321881345287,0.2928932188134521,0.21816851753197009,1.6234898018587334,2.0,1.0,2,1
46576,1.0,1.0,2.0,1.0,1.0,15,6,9,0.29289321881345287,0.2928932188134521,0.21816851753197009,1.6234898018587334,0.0,0.9999999999999998,1,1
192961,2.0,1.0,2.0,2.0,1.0,10,7,1,1.5,0.1339745962155613,0.9999999999999998,2.0,1.5,1.8660254037844388,2,1
67681,1.0,1.0,3.0,1.0,1.0,15,2,7,0.29289321881345287,0.2928932188134521,1.9749279121818235,0.7774790660436857,0.5000000000000002,0.13397459621556118,2,1
82871,1.0,1.0,3.0,1.0,1.0,17,7,4,0.03407417371093169,0.7411809548974794,0.9999999999999998,2.0,1.8660254037844388,0.5000000000000002,1,1
118588,1.0,1.0,1.0,1.0,1.0,18,6,5,0.0,0.9999999999999998,0.21816851753197009,1.6234898018587334,1.5,0.1339745962155613,1,0
33393,1.0,1.0,1.0,1.0,2.0,10,1,8,1.5,0.1339745962155613,1.78183148246803,1.6234898018587336,0.13397459621556151,0.49999999999999956,1,1
72073,1.0,3.0,3.0,1.0,1.0,21,5,11,0.2928932188134523,1.7071067811865475,0.02507208781817638,0.7774790660436854,0.49999999999999956,1.8660254037844384,1,1
71777,1.0,1.0,1.0,1.0,1.0,13,2,6,0.7411809548974793,0.03407417371093169,1.9749279121818235,0.7774790660436857,1.0000000000000002,0.0,1,1
73414,1.0,1.0,3.0,1.0,1.0,17,1,9,0.03407417371093169,0.7411809548974794,1.78183148246803,1.6234898018587336,0.0,0.9999999999999998,1,1
68177,1.0,1.0,3.0,1.0,1.0,15,4,8,0.29289321881345287,0.2928932188134521,0.5661162608824419,0.09903113209758085,0.13397459621556151,0.49999999999999956,1,1
147920,1.0,1.0,3.0,1.0,1.0,13,1,5,0.7411809548974793,0.03407417371093169,1.78183148246803,1.6234898018587336,1.5,0.1339745962155613,1,1
188764,1.0,1.0,2.0,2.0,1.0,19,7,3,0.03407417371093158,1.2588190451025203,0.9999999999999998,2.0,2.0,1.0,1,1
104902,1.0,1.0,1.0,1.0,1.0,12,2,6,1.0000000000000002,0.0,1.9749279121818235,0.7774790660436857,1.0000000000000002,0.0,1,1
37186,1.0,4.0,1.0,1.0,1.0,19,7,11,0.03407417371093158,1.2588190451025203,0.9999999999999998,2.0,0.49999999999999956,1.8660254037844384,1,1
97345,1.0,1.0,1.0,1.0,1.0,9,3,11,1.7071067811865475,0.29289321881345254,1.4338837391175583,0.09903113209758097,0.49999999999999956,1.8660254037844384,1,1
102623,1.0,2.0,1.0,1.0,1.0,5,5,12,1.9659258262890682,1.2588190451025207,0.02507208781817638,0.7774790660436854,0.9999999999999998,2.0,1,0
20926,1.0,1.0,3.0,1.0,1.0,19,7,1,0.03407417371093158,1.2588190451025203,0.9999999999999998,2.0,1.5,1.8660254037844388,1,1
47733,1.0,1.0,1.0,1.0,1.0,8,7,3,1.8660254037844388,0.5000000000000002,0.9999999999999998,2.0,2.0,1.0,1,1
96525,1.0,3.0,1.0,1.0,1.0,21,3,9,0.2928932188134523,1.7071067811865475,1.4338837391175583,0.09903113209758097,0.0,0.9999999999999998,2,1
205800,1.0,4.0,3.0,1.0,1.0,17,4,11,0.03407417371093169,0.7411809548974794,0.5661162608824419,0.09903113209758085,0.49999999999999956,1.8660254037844384,2,1
11458,1.0,1.0,1.0,1.0,1.0,16,5,3,0.13397459621556151,0.49999999999999956,0.02507208781817638,0.7774790660436854,2.0,1.0,1,1
8605,1.0,2.0,3.0,1.0,1.0,19,2,6,0.03407417371093158,1.2588190451025203,1.9749279121818235,0.7774790660436857,1.0000000000000002,0.0,1,1
97227,1.0,1.0,3.0,1.0,1.0,8,4,9,1.8660254037844388,0.5000000000000002,0.5661162608824419,0.09903113209758085,0.0,0.9999999999999998,1,1
3313,2.0,1.0,1.0,2.0,1.0,13,7,4,0.7411809548974793,0.03407417371093169,0.9999999999999998,2.0,1.8660254037844388,0.5000000000000002,2,1
162030,1.0,1.0,1.8332037225905151,1.0,1.0,16,5,6,0.13397459621556151,0.49999999999999956,0.02507208781817638,0.7774790660436854,1.0000000000000002,0.0,1,1
129736,1.0,1.0,1.0,1.0,1.0,10,7,3,1.5,0.1339745962155613,0.9999999999999998,2.0,2.0,1.0,2,1
50303,1.0,3.0,1.0,1.0,1.0,20,5,4,0.1339745962155614,1.5,0.02507208781817638,0.7774790660436854,1.8660254037844388,0.5000000000000002,2,1
151573,1.0,3.0,3.0,2.0,1.0,4,5,11,1.8660254037844386,1.5,0.02507208781817638,0.7774790660436854,0.49999999999999956,1.8660254037844384,2,1
172030,1.0,3.0,1.0,1.0,1.0,19,1,10,0.03407417371093158,1.2588190451025203,1.78183148246803,1.6234898018587336,0.1339745962155614,1.5,2,1
166160,1.0,1.0,2.0,1.0,1.0,11,5,12,1.258819045102521,0.0340741737109318,0.02507208781817638,0.7774790660436854,0.9999999999999998,2.0,1,1
205418,3.0,1.0,3.0,3.0,1.0,8,5,11,1.8660254037844388,0.5000000000000002,0.02507208781817638,0.7774790660436854,0.49999999999999956,1.8660254037844384,1,1
52272,1.0,1.0,3.0,1.0,1.0,16,4,5,0.13397459621556151,0.49999999999999956,0.5661162608824419,0.09903113209758085,1.5,0.1339745962155613,2,1
154814,1.0,1.0,3.0,1.0,1.0,14,3,10,0.5000000000000002,0.13397459621556118,1.4338837391175583,0.09903113209758097,0.1339745962155614,1.5,1,1
105611,1.0,1.0,1.0,1.0,1.0,13,3,5,0.7411809548974793,0.03407417371093169,1.4338837391175583,0.09903113209758097,1.5,0.1339745962155613,1,1
130735,1.0,1.0,2.0,1.0,1.0,15,1,2,0.29289321881345287,0.2928932188134521,1.78183148246803,1.6234898018587336,1.8660254037844386,1.5,1,0
87790,1.0,4.0,2.0,2.0,1.0,21,3,1,0.2928932188134523,1.7071067811865475,1.4338837391175583,0.09903113209758097,1.5,1.8660254037844388,2,1
20689,1.0,1.0,3.0,1.0,1.0,15,3,1,0.29289321881345287,0.2928932188134521,1.4338837391175583,0.09903113209758097,1.5,1.8660254037844388,1,1
115267,1.0,3.0,3.0,1.0,1.0,23,1,3,0.7411809548974784,1.9659258262890682,1.78183148246803,1.6234898018587336,2.0,1.0,1,1
30933,1.0,2.0,2.0,1.0,1.0,16,6,12,0.13397459621556151,0.49999999999999956,0.21816851753197009,1.6234898018587334,0.9999999999999998,2.0,1,1
136860,1.0,1.0,2.0,1.0,1.0,14,2,7,0.5000000000000002,0.13397459621556118,1.9749279121818235,0.7774790660436857,0.5000000000000002,0.13397459621556118,1,1
119696,1.0,1.0,3.0,1.0,1.0,16,5,11,0.13397459621556151,0.49999999999999956,0.02507208781817638,0.7774790660436854,0.49999999999999956,1.8660254037844384,2,1
195793,1.0,1.0,2.0,1.0,1.0,13,1,10,0.7411809548974793,0.03407417371093169,1.78183148246803,1.6234898018587336,0.1339745962155614,1.5,2,1
182668,3.0,3.0,1.0,2.0,1.0,3,1,1,1.7071067811865475,1.7071067811865475,1.78183148246803,1.6234898018587336,1.5,1.8660254037844388,2,1
49729,1.0,1.0,1.0,2.0,1.0,15,6,11,0.29289321881345287,0.2928932188134521,0.21816851753197009,1.6234898018587334,0.49999999999999956,1.8660254037844384,1,1
202111,1.0,1.0,1.0,1.0,1.0,17,4,10,0.03407417371093169,0.7411809548974794,0.5661162608824419,0.09903113209758085,0.1339745962155614,1.5,1,0
95254,1.0,1.0,1.0,1.0,1.0,18,2,6,0.0,0.9999999999999998,1.9749279121818235,0.7774790660436857,1.0000000000000002,0.0,2,1
92453,2.0,2.0,2.0,2.0,1.0,8,4,6,1.8660254037844388,0.5000000000000002,0.5661162608824419,0.09903113209758085,1.0000000000000002,0.0,2,1
139879,3.0,1.0,2.0,3.0,1.0,6,7,1,2.0,1.0,0.9999999999999998,2.0,1.5,1.8660254037844388,1,1
151058,1.0,1.0,1.0,4.0,1.0,8,4,1,1.8660254037844388,0.5000000000000002,0.5661162608824419,0.09903113209758085,1.5,1.8660254037844388,1,1
2408,1.0,1.0,1.0,1.0,1.0,18,5,5,0.0,0.9999999999999998,0.02507208781817638,0.7774790660436854,1.5,0.1339745962155613,1,1
15134,1.0,3.0,3.0,1.0,1.0,18,7,1,0.0,0.9999999999999998,0.9999999999999998,2.0,1.5,1.8660254037844388,2,1
89665,1.0,3.0,2.0,1.0,1.0,19,2,11,0.03407417371093158,1.2588190451025203,1.9749279121818235,0.7774790660436857,0.49999999999999956,1.8660254037844384,1,1
134084,1.0,1.0,2.0,1.0,1.0,14,3,10,0.5000000000000002,0.13397459621556118,1.4338837391175583,0.09903113209758097,0.1339745962155614,1.5,2,1
115215,1.0,1.0,2.0,1.0,1.0,6,2,6,2.0,1.0,1.9749279121818235,0.7774790660436857,1.0000000000000002,0.0,2,1
203385,1.0,3.0,1.0,1.0,1.0,18,6,10,0.0,0.9999999999999998,0.21816851753197009,1.6234898018587334,0.1339745962155614,1.5,2,1
198785,1.0,1.0,3.0,1.0,1.0,14,4,8,0.5000000000000002,0.13397459621556118,0.5661162608824419,0.09903113209758085,0.13397459621556151,0.49999999999999956,1,1
51797,1.0,1.0,3.0,1.0,1.0,15,2,7,0.29289321881345287,0.2928932188134521,1.9749279121818235,0.7774790660436857,0.5000000000000002,0.13397459621556118,1,1
193325,1.0,1.0,2.0,1.0,1.0,16,5,5,0.13397459621556151,0.49999999999999956,0.02507208781817638,0.7774790660436854,1.5,0.1339745962155613,1,1
72820,2.0,1.0,1.0,2.0,1.0,14,5,7,0.5000000000000002,0.13397459621556118,0.02507208781817638,0.7774790660436854,0.5000000000000002,0.13397459621556118,1,1
76522,1.0,1.0,1.0,1.0,1.0,14,1,4,0.5000000000000002,0.13397459621556118,1.78183148246803,1.6234898018587336,1.8660254037844388,0.5000000000000002,1,1
169678,1.0,1.0,1.0,1.0,1.0,16,1,6,0.13397459621556151,0.49999999999999956,1.78183148246803,1.6234898018587336,1.0000000000000002,0.0,2,1
85301,1.0,1.0,2.0,1.0,1.0,14,7,7,0.5000000000000002,0.13397459621556118,0.9999999999999998,2.0,0.5000000000000002,0.13397459621556118,1,1
161345,1.0,3.0,3.0,1.0,1.0,23,2,11,0.7411809548974784,1.9659258262890682,1.9749279121818235,0.7774790660436857,0.49999999999999956,1.8660254037844384,2,1
39621,1.0,3.0,1.0,1.0,1.0,20,5,12,0.1339745962155614,1.5,0.02507208781817638,0.7774790660436854,0.9999999999999998,2.0,2,1
16853,1.0,1.0,1.0,1.0,1.0,14,6,7,0.5000000000000002,0.13397459621556118,0.21816851753197009,1.6234898018587334,0.5000000000000002,0.13397459621556118,1,1
56429,1.0,1.0,2.0,1.0,1.0,10,2,1,1.5,0.1339745962155613,1.9749279121818235,0.7774790660436857,1.5,1.8660254037844388,2,1
110697,1.0,1.0,1.0,1.0,1.0,15,2,9,0.29289321881345287,0.2928932188134521,1.9749279121818235,0.7774790660436857,0.0,0.9999999999999998,1,1
207089,1.0,3.0,1.0,1.0,1.0,18,2,12,0.0,0.9999999999999998,1.9749279121818235,0.7774790660436857,0.9999999999999998,2.0,2,1
169675,2.0,1.0,3.0,2.0,1.0,10,6,10,1.5,0.1339745962155613,0.21816851753197009,1.6234898018587334,0.1339745962155614,1.5,2,1
152540,1.0,2.0,1.0,1.0,1.0,5,1,8,1.9659258262890682,1.2588190451025207,1.78183148246803,1.6234898018587336,0.13397459621556151,0.49999999999999956,2,1
195821,1.0,1.0,3.0,1.0,1.0,17,3,8,0.03407417371093169,0.7411809548974794,1.4338837391175583,0.09903113209758097,0.13397459621556151,0.49999999999999956,1,1
61653,2.0,4.0,3.0,2.0,1.0,16,7,12,0.13397459621556151,0.49999999999999956,0.9999999999999998,2.0,0.9999999999999998,2.0,1,1
63386,1.0,1.0,1.0,1.0,1.0,14,2,5,0.5000000000000002,0.13397459621556118,1.9749279121818235,0.7774790660436857,1.5,0.1339745962155613,1,0
9909,1.0,1.0,1.0,1.0,1.0,12,4,10,1.0000000000000002,0.0,0.5661162608824419,0.09903113209758085,0.1339745962155614,1.5,1,1
69960,1.0,3.0,3.0,1.0,1.0,19,7,8,0.03407417371093158,1.2588190451025203,0.9999999999999998,2.0,0.13397459621556151,0.49999999999999956,2,1
119999,3.0,3.0,1.0,3.0,1.0,18,6,2,0.0,0.9999999999999998,0.21816851753197009,1.6234898018587334,1.8660254037844386,1.5,2,1
208511,1.0,1.0,2.0,1.0,1.0,12,2,1,1.0000000000000002,0.0,1.9749279121818235,0.7774790660436857,1.5,1.8660254037844388,1,0
22539,3.0,1.0,1.0,1.0,1.0,11,6,12,1.258819045102521,0.0340741737109318,0.21816851753197009,1.6234898018587334,0.9999999999999998,2.0,1,1
113619,1.0,3.0,1.0,3.0,1.0,19,7,2,0.03407417371093158,1.2588190451025203,0.9999999999999998,2.0,1.8660254037844386,1.5,1,1
152076,2.0,1.0,1.0,2.0,1.0,12,3,8,1.0000000000000002,0.0,1.4338837391175583,0.09903113209758097,0.13397459621556151,0.49999999999999956,2,1
101578,2.0,3.0,2.0,2.0,1.0,22,1,10,0.49999999999999956,1.8660254037844384,1.78183148246803,1.6234898018587336,0.1339745962155614,1.5,1,1
195556,3.0,3.0,2.0,2.0,1.0,21,1,1,0.2928932188134523,1.7071067811865475,1.78183148246803,1.6234898018587336,1.5,1.8660254037844388,1,1
201501,4.0,1.0,1.0,2.0,1.0,9,3,10,1.7071067811865475,0.29289321881345254,1.4338837391175583,0.09903113209758097,0.1339745962155614,1.5,1,1
68304,1.0,1.0,2.0,1.0,1.0,17,1,10,0.03407417371093169,0.7411809548974794,1.78183148246803,1.6234898018587336,0.1339745962155614,1.5,1,1
26959,1.0,1.0,3.0,1.0,1.0,14,4,8,0.5000000000000002,0.13397459621556118,0.5661162608824419,0.09903113209758085,0.13397459621556151,0.49999999999999956,2,1
180165,1.0,1.0,2.0,2.0,1.0,9,5,1,1.7071067811865475,0.29289321881345254,0.02507208781817638,0.7774790660436854,1.5,1.8660254037844388,1,1
111202,2.0,1.0,1.0,2.0,2.0,10,5,2,1.5,0.1339745962155613,0.02507208781817638,0.7774790660436854,1.8660254037844386,1.5,1,0
156362,1.0,1.0,3.0,1.0,1.0,16,4,3,0.13397459621556151,0.49999999999999956,0.5661162608824419,0.09903113209758085,2.0,1.0,1,1
95634,1.0,1.0,3.0,1.0,1.0,8,2,12,1.8660254037844388,0.5000000000000002,1.9749279121818235,0.7774790660436857,0.9999999999999998,2.0,1,1
48283,1.0,1.0,1.0,1.0,1.0,12,5,12,1.0000000000000002,0.0,0.02507208781817638,0.7774790660436854,0.9999999999999998,2.0,1,1
81789,1.0,1.0,2.0,1.0,1.0,13,5,8,0.7411809548974793,0.03407417371093169,0.02507208781817638,0.7774790660436854,0.13397459621556151,0.49999999999999956,1,1
146174,1.0,3.0,3.0,1.0,1.0,21,4,6,0.2928932188134523,1.7071067811865475,0.5661162608824419,0.09903113209758085,1.0000000000000002,0.0,2,1
171319,1.0,3.0,1.0,2.0,1.0,21,6,10,0.2928932188134523,1.7071067811865475,0.21816851753197009,1.6234898018587334,0.1339745962155614,1.5,2,1
132190,1.0,1.0,1.0,1.0,1.0,15,5,10,0.29289321881345287,0.2928932188134521,0.02507208781817638,0.7774790660436854,0.1339745962155614,1.5,2,1
119078,2.0,1.0,1.0,2.0,1.0,14,2,4,0.5000000000000002,0.13397459621556118,1.9749279121818235,0.7774790660436857,1.8660254037844388,0.5000000000000002,1,1
179187,1.0,1.0,2.0,1.0,1.0,8,6,11,1.8660254037844388,0.5000000000000002,0.21816851753197009,1.6234898018587334,0.49999999999999956,1.8660254037844384,2,1
104241,1.0,4.0,1.0,1.0,1.0,20,2,4,0.1339745962155614,1.5,1.9749279121818235,0.7774790660436857,1.8660254037844388,0.5000000000000002,2,1
66128,2.0,1.0,2.0,1.0,1.0,16,5,5,0.13397459621556151,0.49999999999999956,0.02507208781817638,0.7774790660436854,1.5,0.1339745962155613,1,1
182719,1.0,1.0,1.0,1.0,1.0,14,4,6,0.5000000000000002,0.13397459621556118,0.5661162608824419,0.09903113209758085,1.0000000000000002,0.0,1,1
13217,1.0,3.0,2.0,1.0,1.0,4,4,10,1.8660254037844386,1.5,0.5661162608824419,0.09903113209758085,0.1339745962155614,1.5,1,0
103953,1.0,1.0,2.0,1.0,1.0,14,1,4,0.5000000000000002,0.13397459621556118,1.78183148246803,1.6234898018587336,1.8660254037844388,0.5000000000000002,1,1
93155,1.0,1.0,3.0,1.0,1.0,9,5,7,1.7071067811865475,0.29289321881345254,0.02507208781817638,0.7774790660436854,0.5000000000000002,0.13397459621556118,2,1
106132,2.0,3.0,1.0,2.0,1.0,22,1,9,0.49999999999999956,1.8660254037844384,1.78183148246803,1.6234898018587336,0.0,0.9999999999999998,1,0
39657,2.0,1.0,2.0,2.0,1.0,7,2,1,1.9659258262890682,0.7411809548974794,1.9749279121818235,0.7774790660436857,1.5,1.8660254037844388,1,1
60523,1.0,1.0,1.0,1.0,3.0,15,3,7,0.29289321881345287,0.2928932188134521,1.4338837391175583,0.09903113209758097,0.5000000000000002,0.13397459621556118,2,1
55651,1.0,1.0,2.0,1.0,1.0,8,3,3,1.8660254037844388,0.5000000000000002,1.4338837391175583,0.09903113209758097,2.0,1.0,1,1
44596,1.0,1.0,1.0,1.0,1.0,12,1,3,1.0000000000000002,0.0,1.78183148246803,1.6234898018587336,2.0,1.0,1,1
22743,1.0,1.0,3.0,1.0,1.0,15,4,1,0.29289321881345287,0.2928932188134521,0.5661162608824419,0.09903113209758085,1.5,1.8660254037844388,2,1
148784,1.0,1.0,2.0,1.0,1.0,18,3,8,0.0,0.9999999999999998,1.4338837391175583,0.09903113209758097,0.13397459621556151,0.49999999999999956,1,1
8305,1.0,1.0,3.0,1.0,1.0,15,4,11,0.29289321881345287,0.2928932188134521,0.5661162608824419,0.09903113209758085,0.49999999999999956,1.8660254037844384,2,1
52212,1.0,1.0,2.0,1.0,1.0,13,7,6,0.7411809548974793,0.03407417371093169,0.9999999999999998,2.0,1.0000000000000002,0.0,1,1
204176,2.0,3.0,2.0,2.0,1.0,17,3,11,0.03407417371093169,0.7411809548974794,1.4338837391175583,0.09903113209758097,0.49999999999999956,1.8660254037844384,1,0
138342,1.0,1.0,2.0,1.0,1.0,9,7,8,1.7071067811865475,0.29289321881345254,0.9999999999999998,2.0,0.13397459621556151,0.49999999999999956,2,1
92522,1.0,1.0,3.0,1.0,1.0,8,4,2,1.8660254037844388,0.5000000000000002,0.5661162608824419,0.09903113209758085,1.8660254037844386,1.5,1,1
117389,1.0,3.0,3.0,1.0,1.0,21,3,4,0.2928932188134523,1.7071067811865475,1.4338837391175583,0.09903113209758097,1.8660254037844388,0.5000000000000002,2,1
174247,2.0,1.0,1.0,1.0,1.0,8,3,2,1.8660254037844388,0.5000000000000002,1.4338837391175583,0.09903113209758097,1.8660254037844386,1.5,2,1
167589,1.0,1.0,1.0,1.0,1.0,17,3,6,0.03407417371093169,0.7411809548974794,1.4338837391175583,0.09903113209758097,1.0000000000000002,0.0,1,1
71992,1.0,3.0,1.0,1.0,1.0,22,2,11,0.49999999999999956,1.8660254037844384,1.9749279121818235,0.7774790660436857,0.49999999999999956,1.8660254037844384,2,1