Unnamed: 0,weather_condition,lighting_condition,trafficway_type,roadway_surface_cond,road_defect,crash_hour,crash_day_of_week,crash_month,crash_hour_sin,crash_hour_cos,crash_day_sin,crash_day_cos,crash_month_sin,crash_month_cos,crash_type,intersection_related_i
15172,1.0,1.0,3.0,1.0,1.0,15,1,2,0.29289321881345287,0.2928932188134521,1.78183148246803,1.6234898018587336,1.8660254037844386,1.5,2,1
146508,2.0,1.0,1.0,2.0,1.0,8,4,10,1.8660254037844388,0.5000000000000002,0.5661162608824419,0.09903113209758085,0.1339745962155614,1.5,1,1
159614,2.0,1.0,2.0,2.0,1.0,17,3,8,0.03407417371093169,0.7411809548974794,1.4338837391175583,0.09903113209758097,0.13397459621556151,0.49999999999999956,1,1
69355,1.0,2.0,3.0,1.0,1.0,22,3,11,0.49999999999999956,1.8660254037844384,1.4338837391175583,0.09903113209758097,0.49999999999999956,1.8660254037844384,1,1
71277,1.0,1.0,1.0,1.0,1.0,15,6,9,0.29289321881345287,0.2928932188134521,0.21816851753197009,1.6234898018587334,0.0,0.9999999999999998,1,1
53111,1.0,1.0,1.0,1.0,1.0,14,1,7,0.5000000000000002,0.13397459621556118,1.78183148246803,1.6234898018587336,0.5000000000000002,0.13397459621556118,1,1
135917,1.0,1.0,1.0,4.0,1.0,9,1,12,1.7071067811865475,0.29289321881345254,1.78183148246803,1.6234898018587336,0.9999999999999998,2.0,1,0
56046,1.0,3.0,3.0,1.0,1.0,22,3,11,0.49999999999999956,1.8660254037844384,1.4338837391175583,0.09903113209758097,0.49999999999999956,1.8660254037844384,2,1
123697,1.0,2.0,1.0,1.0,1.0,6,4,1,2.0,1.0,0.5661162608824419,0.09903113209758085,1.5,1.8660254037844388,1,1
105059,1.0,1.0,1.0,1.0,1.0,15,2,11,0.29289321881345287,0.2928932188134521,1.9749279121818235,0.7774790660436857,0.49999999999999956,1.8660254037844384,1,1
48979,1.0,1.0,1.8332037225905151,1.0,1.0,12,5,1,1.0000000000000002,0.0,0.02507208781817638,0.7774790660436854,1.5,1.8660254037844388,1,1
14978,1.0,1.0,3.0,1.0,1.0,16,4,2,0.13397459621556151,0.49999999999999956,0.5661162608824419,0.09903113209758085,1.8660254037844386,1.5,1,1
179915,1.0,1.0,2.0,1.0,1.0,16,5,3,0.13397459621556151,0.49999999999999956,0.02507208781817638,0.7774790660436854,2.0,1.0,1,1
4219,1.0,1.0,3.0,1.0,1.0,15,1,4,0.29289321881345287,0.2928932188134521,1.78183148246803,1.6234898018587336,1.8660254037844388,0.5000000000000002,1,1
187983,1.0,3.0,3.0,1.0,1.0,23,1,6,0.7411809548974784,1.9659258262890682,1.78183148246803,1.6234898018587336,1.0000000000000002,0.0,1,1
87075,1.0,3.0,2.0,1.0,1.0,22,3,8,0.49999999999999956,1.8660254037844384,1.4338837391175583,0.09903113209758097,0.13397459621556151,0.49999999999999956,1,0
39401,2.0,1.0,3.0,2.0,1.0,11,1,3,1.258819045102521,0.0340741737109318,1.78183148246803,1.6234898018587336,2.0,1.0,2,1
118515,1.0,3.0,1.0,1.0,1.0,23,1,1,0.7411809548974784,1.9659258262890682,1.78183148246803,1.6234898018587336,1.5,1.8660254037844388,2,1
20909,1.0,1.0,1.0,1.0,1.0,12,6,11,1.0000000000000002,0.0,0.21816851753197009,1.6234898018587334,0.49999999999999956,1.8660254037844384,1,1
186219,1.0,1.0,3.0,1.0,1.0,5,4,7,1.9659258262890682,1.2588190451025207,0.5661162608824419,0.09903113209758085,0.5000000000000002,0.13397459621556118,2,1
192608,1.0,1.0,1.0,3.0,1.0,7,2,2,1.9659258262890682,0.7411809548974794,1.9749279121818235,0.7774790660436857,1.8660254037844386,1.5,2,1
74352,2.0,1.0,1.0,2.0,1.0,15,5,5,0.29289321881345287,0.2928932188134521,0.02507208781817638,0.7774790660436854,1.5,0.1339745962155613,2,1
44962,1.0,3.0,1.0,1.0,1.0,3,6,5,1.7071067811865475,1.7071067811865475,0.21816851753197009,1.6234898018587334,1.5,0.1339745962155613,1,1
26487,3.0,1.0,1.0,3.0,1.0,20,3,1,0.1339745962155614,1.5,1.4338837391175583,0.09903113209758097,1.5,1.8660254037844388,1,1
75771,1.0,1.0,1.0,1.0,1.0,17,5,8,0.03407417371093169,0.7411809548974794,0.02507208781817638,0.7774790660436854,0.13397459621556151,0.49999999999999956,2,1
139651,1.0,1.0,3.0,1.0,1.0,12,3,10,1.0000000000000002,0.0,1.4338837391175583,0.09903113209758097,0.1339745962155614,1.5,1,1
200185,2.0,1.0,2.0,2.0,1.0,12,7,9,1.0000000000000002,0.0,0.9999999999999998,2.0,0.0,0.9999999999999998,1,1
125692,1.0,3.0,1.0,1.0,1.0,23,1,8,0.7411809548974784,1.9659258262890682,1.78183148246803,1.6234898018587336,0.13397459621556151,0.49999999999999956,2,1
76822,2.0,3.0,2.0,2.0,1.0,18,1,12,0.0,0.9999999999999998,1.78183148246803,1.6234898018587336,0.9999999999999998,2.0,1,1
63182,1.0,2.0,3.0,1.0,1.0,18,5,5,0.0,0.9999999999999998,0.02507208781817638,0.7774790660436854,1.5,0.1339745962155613,1,1
162808,1.0,1.0,2.0,1.0,1.0,9,2,8,1.7071067811865475,0.29289321881345254,1.9749279121818235,0.7774790660436857,0.13397459621556151,0.49999999999999956,1,1
174879,1.0,3.0,1.0,1.0,1.0,22,7,1,0.49999999999999956,1.8660254037844384,0.9999999999999998,2.0,1.5,1.8660254037844388,2,1
14501,2.0,1.0,2.0,2.0,1.0,11,6,10,1.258819045102521,0.0340741737109318,0.21816851753197009,1.6234898018587334,0.1339745962155614,1.5,1,1
149966,1.0,3.0,1.0,1.0,1.0,16,5,11,0.13397459621556151,0.49999999999999956,0.02507208781817638,0.7774790660436854,0.49999999999999956,1.8660254037844384,2,1
167205,1.0,1.0,1.0,2.0,1.0,14,1,1,0.5000000000000002,0.13397459621556118,1.78183148246803,1.6234898018587336,1.5,1.8660254037844388,1,1
197951,1.0,1.0,3.0,1.0,1.0,12,7,8,1.0000000000000002,0.0,0.9999999999999998,2.0,0.13397459621556151,0.49999999999999956,1,1
160671,1.0,1.0,1.0,1.0,1.0,12,7,6,1.0000000000000002,0.0,0.9999999999999998,2.0,1.0000000000000002,0.0,2,1
194838,2.0,1.0,1.0,2.0,1.0,11,5,3,1.258819045102521,0.0340741737109318,0.02507208781817638,0.7774790660436854,2.0,1.0,2,1
16258,1.0,1.0,1.0,1.0,1.0,16,4,4,0.13397459621556151,0.49999999999999956,0.5661162608824419,0.09903113209758085,1.8660254037844388,0.5000000000000002,1,1
184293,2.0,3.0,1.0,2.0,1.0,18,3,12,0.0,0.9999999999999998,1.4338837391175583,0.09903113209758097,0.9999999999999998,2.0,2,0
174040,2.0,3.0,2.0,2.0,1.0,18,5,1,0.0,0.9999999999999998,0.02507208781817638,0.7774790660436854,1.5,1.8660254037844388,2,1
204444,1.0,1.0,2.0,1.0,1.0,13,6,11,0.7411809548974793,0.03407417371093169,0.21816851753197009,1.6234898018587334,0.49999999999999956,1.8660254037844384,1,1
17083,1.0,1.0,1.0,1.0,1.0,11,4,8,1.258819045102521,0.0340741737109318,0.5661162608824419,0.09903113209758085,0.13397459621556151,0.49999999999999956,2,1
106669,1.0,1.0,3.0,1.0,1.0,18,4,10,0.0,0.9999999999999998,0.5661162608824419,0.09903113209758085,0.1339745962155614,1.5,1,1
105866,1.0,1.0,2.0,1.0,2.0,9,4,5,1.7071067811865475,0.29289321881345254,0.5661162608824419,0.09903113209758085,1.5,0.1339745962155613,1,1
68977,2.0,1.0,1.0,1.0,1.0,12,4,9,1.0000000000000002,0.0,0.5661162608824419,0.09903113209758085,0.0,0.9999999999999998,1,1
49491,1.0,2.0,2.0,1.0,1.0,19,3,11,0.03407417371093158,1.2588190451025203,1.4338837391175583,0.09903113209758097,0.49999999999999956,1.8660254037844384,2,1
35527,1.0,1.0,1.0,1.0,1.0,10,3,12,1.5,0.1339745962155613,1.4338837391175583,0.09903113209758097,0.9999999999999998,2.0,2,1
150681,1.0,1.0,2.0,1.0,1.0,13,7,1,0.7411809548974793,0.03407417371093169,0.9999999999999998,2.0,1.5,1.8660254037844388,1,1
53926,1.0,1.0,2.0,1.0,1.0,16,5,1,0.13397459621556151,0.49999999999999956,0.02507208781817638,0.7774790660436854,1.5,1.8660254037844388,1,1
102184,1.0,1.0,1.0,1.0,1.0,18,7,9,0.0,0.9999999999999998,0.9999999999999998,2.0,0.0,0.9999999999999998,1,1
42807,1.0,1.0,1.0,1.0,1.0,13,6,7,0.7411809548974793,0.03407417371093169,0.21816851753197009,1.6234898018587334,0.5000000000000002,0.13397459621556118,2,1
97549,1.0,3.0,1.0,1.0,1.0,18,1,12,0.0,0.9999999999999998,1.78183148246803,1.6234898018587336,0.9999999999999998,2.0,1,1
72429,1.0,1.0,2.0,1.0,1.0,17,3,3,0.03407417371093169,0.7411809548974794,1.4338837391175583,0.09903113209758097,2.0,1.0,1,1
98718,1.0,1.0,3.0,1.0,1.0,7,4,11,1.9659258262890682,0.7411809548974794,0.5661162608824419,0.09903113209758085,0.49999999999999956,1.8660254037844384,1,1
67918,1.0,1.0,3.0,1.0,1.0,11,2,6,1.258819045102521,0.0340741737109318,1.9749279121818235,0.7774790660436857,1.0000000000000002,0.0,1,1
175890,1.0,3.0,2.0,1.0,1.0,23,1,8,0.7411809548974784,1.9659258262890682,1.78183148246803,1.6234898018587336,0.13397459621556151,0.49999999999999956,1,1
104729,1.0,1.0,1.0,1.0,1.0,11,7,10,1.258819045102521,0.0340741737109318,0.9999999999999998,2.0,0.1339745962155614,1.5,1,1
44085,1.0,1.0,1.0,1.0,1.0,8,6,3,1.8660254037844388,0.5000000000000002,0.21816851753197009,1.6234898018587334,2.0,1.0,1,1
59276,1.0,1.0,1.0,1.0,1.0,13,6,3,0.7411809548974793,0.03407417371093169,0.21816851753197009,1.6234898018587334,2.0,1.0,1,1
174497,1.0,1.0,3.0,1.0,1.0,6,2,3,2.0,1.0,1.9749279121818235,0.7774790660436857,2.0,1.0,1,1
133393,1.0,1.0,3.0,1.0,1.0,13,4,7,0.7411809548974793,0.03407417371093169,0.5661162608824419,0.09903113209758085,0.5000000000000002,0.13397459621556118,1,1
153255,1.0,1.0,1.0,1.0,1.0,7,4,6,1.9659258262890682,0.7411809548974794,0.5661162608824419,0.09903113209758085,1.0000000000000002,0.0,2,1
75760,1.0,3.0,2.0,1.0,1.0,18,5,10,0.0,0.9999999999999998,0.02507208781817638,0.7774790660436854,0.1339745962155614,1.5,1,1
120279,2.0,1.0,1.0,2.0,1.0,15,6,12,0.29289321881345287,0.2928932188134521,0.21816851753197009,1.6234898018587334,0.9999999999999998,2.0,1,1
208436,3.0,1.0,1.0,2.0,1.0,10,1,1,1.5,0.1339745962155613,1.78183148246803,1.6234898018587336,1.5,1.8660254037844388,1,1
205381,3.0,1.0,3.0,2.0,1.0,9,5,11,1.7071067811865475,0.29289321881345254,0.02507208781817638,0.7774790660436854,0.49999999999999956,1.8660254037844384,1,1
199636,1.0,4.0,3.0,1.0,1.0,4,7,9,1.8660254037844386,1.5,0.9999999999999998,2.0,0.0,0.9999999999999998,2,1
120973,1.0,1.0,1.0,1.0,1.0,16,3,7,0.13397459621556151,0.49999999999999956,1.4338837391175583,0.09903113209758097,0.5000000000000002,0.13397459621556118,2,1
68324,1.0,3.0,1.0,1.0,1.0,21,3,11,0.2928932188134523,1.7071067811865475,1.4338837391175583,0.09903113209758097,0.49999999999999956,1.8660254037844384,2,1
70747,1.0,1.0,1.0,1.0,1.0,13,5,12,0.7411809548974793,0.03407417371093169,0.02507208781817638,0.7774790660436854,0.9999999999999998,2.0,1,1
194708,1.0,1.0,2.0,1.0,1.0,17,6,11,0.03407417371093169,0.7411809548974794,0.21816851753197009,1.6234898018587334,0.49999999999999956,1.8660254037844384,1,1
25395,1.0,1.0,2.0,1.0,1.0,12,3,10,1.0000000000000002,0.0,1.4338837391175583,0.09903113209758097,0.1339745962155614,1.5,1,0
4861,1.0,3.0,3.0,1.0,1.0,18,6,12,0.0,0.9999999999999998,0.21816851753197009,1.6234898018587334,0.9999999999999998,2.0,2,1
52843,1.0,3.0,1.0,1.0,1.0,22,6,11,0.49999999999999956,1.8660254037844384,0.21816851753197009,1.6234898018587334,0.49999999999999956,1.8660254037844384,1,1
99534,2.0,1.0,1.0,2.0,1.0,17,4,4,0.03407417371093169,0.7411809548974794,0.5661162608824419,0.09903113209758085,1.8660254037844388,0.5000000000000002,2,0
35176,1.0,1.0,1.0,2.0,1.0,7,2,10,1.9659258262890682,0.7411809548974794,1.9749279121818235,0.7774790660436857,0.1339745962155614,1.5,1,1
196823,1.0,4.0,1.0,1.0,1.0,5,7,10,1.9659258262890682,1.2588190451025207,0.9999999999999998,2.0,0.1339745962155614,1.5,1,1
25824,1.0,2.0,3.0,1.0,1.0,15,2,11,0.29289321881345287,0.2928932188134521,1.9749279121818235,0.7774790660436857,0.49999999999999956,1.8660254037844384,2,1
180228,1.0,1.0,3.0,1.0,1.0,13,2,4,0.7411809548974793,0.03407417371093169,1.9749279121818235,0.7774790660436857,1.8660254037844388,0.5000000000000002,2,1
158277,1.0,1.0,2.0,1.0,1.0,12,2,12,1.0000000000000002,0.0,1.9749279121818235,0.7774790660436857,0.9999999999999998,2.0,1,1
20346,1.0,1.0,3.0,1.0,1.0,13,4,8,0.7411809548974793,0.03407417371093169,0.5661162608824419,0.09903113209758085,0.13397459621556151,0.49999999999999956,1,1
147136,1.0,1.0,1.0,2.0,1.0,8,3,8,1.8660254037844388,0.5000000000000002,1.4338837391175583,0.09903113209758097,0.13397459621556151,0.49999999999999956,1,1
42551,1.0,1.0,2.0,1.0,1.0,10,3,2,1.5,0.1339745962155613,1.4338837391175583,0.09903113209758097,1.8660254037844386,1.5,2,1
109165,2.0,3.0,1.0,2.0,1.0,22,6,7,0.49999999999999956,1.8660254037844384,0.21816851753197009,1.6234898018587334,0.5000000000000002,0.13397459621556118,2,1
82031,1.0,1.0,1.0,1.0,1.0,13,7,1,0.7411809548974793,0.03407417371093169,0.9999999999999998,2.0,1.5,1.8660254037844388,1,0
5425,1.0,3.0,1.0,1.0,1.0,20,6,3,0.1339745962155614,1.5,0.21816851753197009,1.6234898018587334,2.0,1.0,1,1
156350,3.0,1.0,1.0,3.0,1.0,8,2,2,1.8660254037844388,0.5000000000000002,1.9749279121818235,0.7774790660436857,1.8660254037844386,1.5,1,1
199883,1.0,1.0,3.0,1.0,1.0,15,1,9,0.29289321881345287,0.2928932188134521,1.78183148246803,1.6234898018587336,0.0,0.9999999999999998,1,1
114683,1.0,3.0,2.0,1.0,1.0,21,7,9,0.2928932188134523,1.7071067811865475,0.9999999999999998,2.0,0.0,0.9999999999999998,2,1
59797,1.0,4.0,1.0,1.0,1.0,20,6,3,0.1339745962155614,1.5,0.21816851753197009,1.6234898018587334,2.0,1.0,1,1
35896,1.0,1.0,1.8332037225905151,1.0,1.0,14,4,12,0.5000000000000002,0.13397459621556118,0.5661162608824419,0.09903113209758085,0.9999999999999998,2.0,1,1
89751,1.0,1.0,3.0,1.0,1.0,11,3,7,1.258819045102521,0.0340741737109318,1.4338837391175583,0.09903113209758097,0.5000000000000002,0.13397459621556118,2,1
95996,2.0,1.0,2.0,2.0,1.0,12,5,11,1.0000000000000002,0.0,0.02507208781817638,0.7774790660436854,0.49999999999999956,1.8660254037844384,1,1
1306,1.0,1.0,1.0,1.0,1.0,12,7,5,1.0000000000000002,0.0,0.9999999999999998,2.0,1.5,0.1339745962155613,2,1
64407,1.0,1.0,3.0,1.0,1.0,14,5,7,0.5000000000000002,0.13397459621556118,0.02507208781817638,0.7774790660436854,0.5000000000000002,0.13397459621556118,2,1
108402,1.0,1.0,2.0,1.0,1.0,13,7,10,0.7411809548974793,0.03407417371093169,0.9999999999999998,2.0,0.1339745962155614,1.5,1,1
73851,1.0,1.0,3.0,1.0,1.0,12,6,12,1.0000000000000002,0.0,0.21816851753197009,1.6234898018587334,0.9999999999999998,2.0,2,1
183691,1.0,1.0,2.0,1.0,1.0,15,2,3,0.29289321881345287,0.2928932188134521,1.9749279121818235,0.7774790660436857,2.0,1.0,2,1
208725,1.0,1.0,2.0,1.0,1.0,16,5,1,0.13397459621556151,0.49999999999999956,0.02507208781817638,0.7774790660436854,1.5,1.8660254037844388,1,1
194621,1.0,1.0,3.0,1.0,1.0,12,7,2,1.0000000000000002,0.0,0.9999999999999998,2.0,1.8660254037844386,1.5,1,1
122257,1.0,1.0,2.0,1.0,1.0,17,4,4,0.03407417371093169,0.7411809548974794,0.5661162608824419,0.09903113209758085,1.8660254037844388,0.5000000000000002,1,1
96662,1.0,1.0,2.0,1.0,1.0,10,4,9,1.5,0.1339745962155613,0.5661162608824419,0.09903113209758085,0.0,0.9999999999999998,1,1
116960,1.0,3.0,1.0,1.0,1.0,21,6,3,0.2928932188134523,1.7071067811865475,0.21816851753197009,1.6234898018587334,2.0,1.0,2,1
109089,2.0,1.0,3.0,2.0,1.0,14,5,2,0.5000000000000002,0.13397459621556118,0.02507208781817638,0.7774790660436854,1.8660254037844386,1.5,2,1
131246,1.0,1.0,3.0,2.0,1.0,15,3,4,0.29289321881345287,0.2928932188134521,1.4338837391175583,0.09903113209758097,1.8660254037844388,0.5000000000000002,1,1
190893,1.0,3.0,3.0,1.0,1.0,23,2,9,0.7411809548974784,1.9659258262890682,1.9749279121818235,0.7774790660436857,0.0,0.9999999999999998,2,1
80819,1.0,1.0,2.0,1.0,1.0,17,3,9,0.03407417371093169,0.7411809548974794,1.4338837391175583,0.09903113209758097,0.0,0.9999999999999998,2,1
116858,1.0,2.0,1.0,1.0,1.0,20,3,1,0.1339745962155614,1.5,1.4338837391175583,0.09903113209758097,1.5,1.8660254037844388,1,0
199133,1.0,1.0,2.0,1.0,1.0,11,2,9,1.258819045102521,0.0340741737109318,1.9749279121818235,0.7774790660436857,0.0,0.9999999999999998,1,1
142184,2.0,3.0,1.0,2.0,1.0,17,1,10,0.03407417371093169,0.7411809548974794,1.78183148246803,1.6234898018587336,0.1339745962155614,1.5,2,1
195212,1.0,1.0,1.0,1.0,1.0,15,6,8,0.29289321881345287,0.2928932188134521,0.21816851753197009,1.6234898018587334,0.13397459621556151,0.49999999999999956,2,1
192777,1.0,3.0,1.0,1.0,1.0,20,6,5,0.1339745962155614,1.5,0.21816851753197009,1.6234898018587334,1.5,0.1339745962155613,2,1
18563,1.0,3.0,1.0,1.0,1.0,19,3,10,0.03407417371093158,1.2588190451025203,1.4338837391175583,0.09903113209758097,0.1339745962155614,1.5,2,1
181553,1.0,3.0,1.0,1.0,1.0,21,4,6,0.2928932188134523,1.7071067811865475,0.5661162608824419,0.09903113209758085,1.0000000000000002,0.0,1,1
173333,1.0,1.0,3.0,1.0,1.0,16,3,2,0.13397459621556151,0.49999999999999956,1.4338837391175583,0.09903113209758097,1.8660254037844386,1.5,2,1
187494,1.0,3.0,1.0,2.0,1.0,23,2,11,0.7411809548974784,1.9659258262890682,1.9749279121818235,0.7774790660436857,0.49999999999999956,1.8660254037844384,2,1
188870,1.0,1.0,1.0,1.0,1.0,17,5,8,0.03407417371093169,0.7411809548974794,0.02507208781817638,0.7774790660436854,0.13397459621556151,0.49999999999999956,2,0
31347,1.0,4.0,1.0,2.0,1.0,18,5,2,0.0,0.9999999999999998,0.02507208781817638,0.7774790660436854,1.8660254037844386,1.5,1,0
96303,1.0,3.0,2.0,1.0,1.0,22,3,12,0.49999999999999956,1.8660254037844384,1.4338837391175583,0.09903113209758097,0.9999999999999998,2.0,2,1
163813,1.0,3.0,1.0,1.0,1.0,20,5,8,0.1339745962155614,1.5,0.02507208781817638,0.7774790660436854,0.13397459621556151,0.49999999999999956,1,1
179571,1.0,1.0,3.0,1.0,1.0,16,7,6,0.13397459621556151,0.49999999999999956,0.9999999999999998,2.0,1.0000000000000002,0.0,1,1
46846,1.0,1.0,3.0,1.0,1.0,10,1,8,1.5,0.1339745962155613,1.78183148246803,1.6234898018587336,0.13397459621556151,0.49999999999999956,2,1
156147,1.0,1.0,1.0,1.0,1.0,10,5,10,1.5,0.1339745962155613,0.02507208781817638,0.7774790660436854,0.1339745962155614,1.5,1,1
4153,1.0,3.0,2.0,1.0,1.0,20,3,3,0.1339745962155614,1.5,1.4338837391175583,0.09903113209758097,2.0,1.0,1,1
206310,1.0,1.0,3.0,1.0,1.0,12,7,12,1.0000000000000002,0.0,0.9999999999999998,2.0,0.9999999999999998,2.0,1,1
110306,3.0,1.0,2.0,3.0,1.0,14,4,1,0.5000000000000002,0.13397459621556118,0.5661162608824419,0.09903113209758085,1.5,1.8660254037844388,2,1
200493,1.0,1.0,1.0,1.0,1.0,16,4,10,0.13397459621556151,0.49999999999999956,0.5661162608824419,0.09903113209758085,0.1339745962155614,1.5,1,1
63757,1.0,1.0,2.0,1.0,1.0,18,3,2,0.0,0.9999999999999998,1.4338837391175583,0.09903113209758097,1.8660254037844386,1.5,2,1
65914,3.0,1.0,3.0,3.0,1.0,15,6,1,0.29289321881345287,0.2928932188134521,0.21816851753197009,1.6234898018587334,1.5,1.8660254037844388,1,1
35006,1.0,4.0,1.0,1.0,1.0,18,5,12,0.0,0.9999999999999998,0.02507208781817638,0.7774790660436854,0.9999999999999998,2.0,1,1
4072,1.0,3.0,3.0,2.0,1.0,20,6,10,0.1339745962155614,1.5,0.21816851753197009,1.6234898018587334,0.1339745962155614,1.5,1,1
160601,2.0,1.0,2.0,2.0,1.0,10,2,6,1.5,0.1339745962155613,1.9749279121818235,0.7774790660436857,1.0000000000000002,0.0,2,1
35219,3.0,3.0,2.0,2.0,1.0,21,3,10,0.2928932188134523,1.7071067811865475,1.4338837391175583,0.09903113209758097,0.1339745962155614,1.5,1,1
75031,1.0,4.0,1.0,1.0,1.0,3,6,5,1.7071067811865475,1.7071067811865475,0.21816851753197009,1.6234898018587334,1.5,0.1339745962155613,1,1
101182,1.0,1.0,3.0,1.0,1.0,15,7,7,0.29289321881345287,0.2928932188134521,0.9999999999999998,2.0,0.5000000000000002,0.13397459621556118,1,1
84411,1.0,1.0,2.0,1.0,1.0,7,6,5,1.9659258262890682,0.7411809548974794,0.21816851753197009,1.6234898018587334,1.5,0.1339745962155613,1,1
148813,1.0,1.0,2.0,2.0,1.0,9,3,2,1.7071067811865475,0.29289321881345254,1.4338837391175583,0.09903113209758097,1.8660254037844386,1.5,1,1
141955,1.0,3.0,2.0,1.0,1.0,17,3,3,0.03407417371093169,0.7411809548974794,1.4338837391175583,0.09903113209758097,2.0,1.0,1,1
133590,1.0,3.0,1.0,1.0,1.0,21,1,11,0.2928932188134523,1.7071067811865475,1.78183148246803,1.6234898018587336,0.49999999999999956,1.8660254037844384,1,1
150141,1.0,1.0,1.0,1.0,1.0,12,5,5,1.0000000000000002,0.0,0.02507208781817638,0.7774790660436854,1.5,0.1339745962155613,1,1
146018,1.0,1.0,3.0,1.0,1.0,9,5,7,1.7071067811865475,0.29289321881345254,0.02507208781817638,0.7774790660436854,0.5000000000000002,0.13397459621556118,2,1
4216,1.0,1.0,3.0,1.0,1.0,18,1,6,0.0,0.9999999999999998,1.78183148246803,1.6234898018587336,1.0000000000000002,0.0,2,1
54117,1.0,3.0,2.0,1.0,1.0,20,3,9,0.1339745962155614,1.5,1.4338837391175583,0.09903113209758097,0.0,0.9999999999999998,2,1
153850,3.0,1.0,1.0,2.0,1.0,11,7,11,1.258819045102521,0.0340741737109318,0.9999999999999998,2.0,0.49999999999999956,1.8660254037844384,1,1
113743,1.0,1.0,3.0,1.0,1.0,13,5,6,0.7411809548974793,0.03407417371093169,0.02507208781817638,0.7774790660436854,1.0000000000000002,0.0,1,1
140701,1.0,1.0,1.0,1.0,1.0,18,3,8,0.0,0.9999999999999998,1.4338837391175583,0.09903113209758097,0.13397459621556151,0.49999999999999956,2,1
11823,1.0,1.0,3.0,1.0,1.0,9,2,2,1.7071067811865475,0.29289321881345254,1.9749279121818235,0.7774790660436857,1.8660254037844386,1.5,1,1
136935,3.0,1.0,1.0,3.0,1.0,14,7,4,0.5000000000000002,0.13397459621556118,0.9999999999999998,2.0,1.8660254037844388,0.5000000000000002,1,0
154150,1.0,3.0,3.0,1.0,1.0,20,4,7,0.1339745962155614,1.5,0.5661162608824419,0.09903113209758085,0.5000000000000002,0.13397459621556118,1,1
150897,1.0,1.0,3.0,1.0,1.0,14,4,3,0.5000000000000002,0.13397459621556118,0.5661162608824419,0.09903113209758085,2.0,1.0,1,1
140971,1.0,3.0,2.0,1.0,1.0,20,5,1,0.1339745962155614,1.5,0.02507208781817638,0.7774790660436854,1.5,1.8660254037844388,1,1
134497,1.0,1.0,3.0,1.0,1.0,18,5,7,0.0,0.9999999999999998,0.02507208781817638,0.7774790660436854,0.5000000000000002,0.13397459621556118,1,1
146896,1.0,3.0,3.0,1.0,1.0,22,6,9,0.49999999999999956,1.8660254037844384,0.21816851753197009,1.6234898018587334,0.0,0.9999999999999998,2,1
33365,3.0,3.0,3.0,3.0,1.0,17,1,1,0.03407417371093169,0.7411809548974794,1.78183148246803,1.6234898018587336,1.5,1.8660254037844388,1,1
120253,1.0,3.0,1.0,1.0,1.0,23,1,8,0.7411809548974784,1.9659258262890682,1.78183148246803,1.6234898018587336,0.13397459621556151,0.49999999999999956,2,1
205107,1.0,1.0,3.0,1.0,1.0,11,1,11,1.258819045102521,0.0340741737109318,1.78183148246803,1.6234898018587336,0.49999999999999956,1.8660254037844384,2,1
65821,1.0,4.0,2.0,1.0,1.0,4,7,9,1.8660254037844386,1.5,0.9999999999999998,2.0,0.0,0.9999999999999998,1,1
52831,2.0,1.0,1.0,2.0,1.0,8,4,5,1.8660254037844388,0.5000000000000002,0.5661162608824419,0.09903113209758085,1.5,0.1339745962155613,1,1
161711,2.0,1.0,3.0,2.0,1.0,16,6,5,0.13397459621556151,0.49999999999999956,0.21816851753197009,1.6234898018587334,1.5,0.1339745962155613,1,1
183104,2.0,1.0,1.0,2.0,1.0,18,7,6,0.0,0.9999999999999998,0.9999999999999998,2.0,1.0000000000000002,0.0,1,1
65132,1.0,1.0,1.0,1.0,1.0,18,5,7,0.0,0.9999999999999998,0.02507208781817638,0.7774790660436854,0.5000000000000002,0.13397459621556118,1,1
110109,1.0,3.0,2.0,1.0,1.0,20,1,10,0.1339745962155614,1.5,1.78183148246803,1.6234898018587336,0.1339745962155614,1.5,2,1
125459,1.0,1.0,3.0,1.0,1.0,13,5,8,0.7411809548974793,0.03407417371093169,0.02507208781817638,0.7774790660436854,0.13397459621556151,0.49999999999999956,1,1
7234,1.0,1.0,1.0,1.0,1.0,7,3,5,1.9659258262890682,0.7411809548974794,1.4338837391175583,0.09903113209758097,1.5,0.1339745962155613,2,1
73969,2.0,1.0,3.0,2.0,1.0,16,7,5,0.13397459621556151,0.49999999999999956,0.9999999999999998,2.0,1.5,0.1339745962155613,2,1
94056,2.0,1.0,2.0,2.0,1.0,14,2,3,0.5000000000000002,0.13397459621556118,1.9749279121818235,0.7774790660436857,2.0,1.0,1,1
18892,1.0,1.0,3.0,1.0,1.0,21,2,1,0.2928932188134523,1.7071067811865475,1.9749279121818235,0.7774790660436857,1.5,1.8660254037844388,1,1
47520,3.0,1.0,1.0,3.0,1.0,12,1,2,1.0000000000000002,0.0,1.78183148246803,1.6234898018587336,1.8660254037844386,1.5,1,1
65677,1.0,1.0,2.0,1.0,1.0,12,6,2,1.0000000000000002,0.0,0.21816851753197009,1.6234898018587334,1.8660254037844386,1.5,2,1
184874,1.0,1.0,2.0,1.0,1.0,17,7,1,0.03407417371093169,0.7411809548974794,0.9999999999999998,2.0,1.5,1.8660254037844388,1,1
151169,1.0,3.0,3.0,1.0,1.0,3,4,10,1.7071067811865475,1.7071067811865475,0.5661162608824419,0.09903113209758085,0.1339745962155614,1.5,1,1
58121,1.0,3.0,2.0,3.0,1.0,22,1,2,0.49999999999999956,1.8660254037844384,1.78183148246803,1.6234898018587336,1.8660254037844386,1.5,1,1
161273,2.0,1.0,3.0,2.0,1.0,9,7,3,1.7071067811865475,0.29289321881345254,0.9999999999999998,2.0,2.0,1.0,1,1