Unnamed: 0,weather_condition,lighting_condition,trafficway_type,roadway_surface_cond,road_defect,crash_hour,crash_day_of_week,crash_month,crash_hour_sin,crash_hour_cos,crash_day_sin,crash_day_cos,crash_month_sin,crash_month_cos,crash_type,intersection_related_i
205329,1.0,1.0,3.0,1.0,1.0,8,4,11,1.8660254037844388,0.5000000000000002,0.5661162608824419,0.09903113209758085,0.49999999999999956,1.8660254037844384,1,1
12289,1.0,4.0,1.0,1.0,1.0,23,7,9,0.7411809548974784,1.9659258262890682,0.9999999999999998,2.0,0.0,0.9999999999999998,2,1
136670,1.0,1.0,3.0,1.0,1.0,9,5,4,1.7071067811865475,0.29289321881345254,0.02507208781817638,0.7774790660436854,1.8660254037844388,0.5000000000000002,1,1
167316,1.0,1.0,3.0,1.0,1.0,14,5,6,0.5000000000000002,0.13397459621556118,0.02507208781817638,0.7774790660436854,1.0000000000000002,0.0,2,1
117340,1.0,3.0,3.0,1.0,1.0,22,1,10,0.49999999999999956,1.8660254037844384,1.78183148246803,1.6234898018587336,0.1339745962155614,1.5,1,1
14664,2.0,1.0,1.0,2.0,1.0,15,6,10,0.29289321881345287,0.2928932188134521,0.21816851753197009,1.6234898018587334,0.1339745962155614,1.5,2,1
28615,1.0,1.0,3.0,1.0,1.0,10,1,10,1.5,0.1339745962155613,1.78183148246803,1.6234898018587336,0.1339745962155614,1.5,2,1
202507,2.0,3.0,2.0,2.0,1.0,3,6,10,1.7071067811865475,1.7071067811865475,0.21816851753197009,1.6234898018587334,0.1339745962155614,1.5,2,1
119079,1.0,1.0,3.0,1.0,1.0,15,7,10,0.29289321881345287,0.2928932188134521,0.9999999999999998,2.0,0.1339745962155614,1.5,2,1
111571,1.0,1.0,1.0,1.0,1.0,15,6,3,0.29289321881345287,0.2928932188134521,0.21816851753197009,1.6234898018587334,2.0,1.0,1,1
1397,1.0,1.0,2.0,1.0,1.0,20,5,8,0.1339745962155614,1.5,0.02507208781817638,0.7774790660436854,0.13397459621556151,0.49999999999999956,1,1
35937,2.0,2.0,1.0,2.0,1.0,14,6,12,0.5000000000000002,0.13397459621556118,0.21816851753197009,1.6234898018587334,0.9999999999999998,2.0,1,1
80288,1.0,3.0,3.0,1.0,1.0,18,7,4,0.0,0.9999999999999998,0.9999999999999998,2.0,1.8660254037844388,0.5000000000000002,1,1
156870,1.0,1.0,2.0,1.0,1.0,13,1,10,0.7411809548974793,0.03407417371093169,1.78183148246803,1.6234898018587336,0.1339745962155614,1.5,2,1
116086,1.0,1.0,3.0,1.0,1.0,7,5,11,1.9659258262890682,0.7411809548974794,0.02507208781817638,0.7774790660436854,0.49999999999999956,1.8660254037844384,2,1
188560,1.0,1.0,1.0,1.0,1.0,17,6,8,0.03407417371093169,0.7411809548974794,0.21816851753197009,1.6234898018587334,0.13397459621556151,0.49999999999999956,1,1
136334,1.0,3.0,3.0,1.0,1.0,22,7,9,0.49999999999999956,1.8660254037844384,0.9999999999999998,2.0,0.0,0.9999999999999998,2,1
167124,1.0,1.0,2.0,1.0,1.0,18,6,8,0.0,0.9999999999999998,0.21816851753197009,1.6234898018587334,0.13397459621556151,0.49999999999999956,1,1
115293,1.0,1.0,3.0,1.0,1.0,17,7,6,0.03407417371093169,0.7411809548974794,0.9999999999999998,2.0,1.0000000000000002,0.0,1,1
184896,2.0,4.0,1.0,2.0,1.0,19,1,10,0.03407417371093158,1.2588190451025203,1.78183148246803,1.6234898018587336,0.1339745962155614,1.5,2,1
7172,1.0,3.0,1.0,1.0,1.0,22,5,5,0.49999999999999956,1.8660254037844384,0.02507208781817638,0.7774790660436854,1.5,0.1339745962155613,1,1
71695,1.0,1.0,2.0,1.0,1.0,9,1,2,1.7071067811865475,0.29289321881345254,1.78183148246803,1.6234898018587336,1.8660254037844386,1.5,2,1
68806,1.0,1.0,3.0,1.0,1.0,6,2,12,2.0,1.0,1.9749279121818235,0.7774790660436857,0.9999999999999998,2.0,1,1
78439,1.0,1.0,1.0,1.0,1.0,16,5,9,0.13397459621556151,0.49999999999999956,0.02507208781817638,0.7774790660436854,0.0,0.9999999999999998,1,1
206272,1.0,3.0,3.0,2.0,1.0,19,6,12,0.03407417371093158,1.2588190451025203,0.21816851753197009,1.6234898018587334,0.9999999999999998,2.0,2,1
196155,1.0,1.0,2.0,1.0,1.0,9,6,12,1.7071067811865475,0.29289321881345254,0.21816851753197009,1.6234898018587334,0.9999999999999998,2.0,1,1
105423,1.0,3.0,1.0,1.0,1.0,17,5,11,0.03407417371093169,0.7411809548974794,0.02507208781817638,0.7774790660436854,0.49999999999999956,1.8660254037844384,2,1
52921,1.0,3.0,1.0,1.0,1.0,20,3,7,0.1339745962155614,1.5,1.4338837391175583,0.09903113209758097,0.5000000000000002,0.13397459621556118,1,1
87826,1.0,3.0,2.0,1.0,1.0,20,2,11,0.1339745962155614,1.5,1.9749279121818235,0.7774790660436857,0.49999999999999956,1.8660254037844384,2,0
158002,1.0,1.0,1.0,1.0,1.0,11,3,5,1.258819045102521,0.0340741737109318,1.4338837391175583,0.09903113209758097,1.5,0.1339745962155613,2,1
174810,2.0,3.0,3.0,2.0,1.0,23,4,5,0.7411809548974784,1.9659258262890682,0.5661162608824419,0.09903113209758085,1.5,0.1339745962155613,2,1
18914,2.0,3.0,1.0,2.0,1.0,22,6,3,0.49999999999999956,1.8660254037844384,0.21816851753197009,1.6234898018587334,2.0,1.0,1,1
146451,2.0,2.0,2.0,2.0,1.0,21,6,3,0.2928932188134523,1.7071067811865475,0.21816851753197009,1.6234898018587334,2.0,1.0,2,1
148351,1.0,1.0,1.0,1.0,1.0,14,6,12,0.5000000000000002,0.13397459621556118,0.21816851753197009,1.6234898018587334,0.9999999999999998,2.0,1,1
202240,1.0,1.0,3.0,1.0,1.0,12,6,10,1.0000000000000002,0.0,0.21816851753197009,1.6234898018587334,0.1339745962155614,1.5,2,1
90777,3.0,3.0,3.0,3.0,1.0,21,6,1,0.2928932188134523,1.7071067811865475,0.21816851753197009,1.6234898018587334,1.5,1.8660254037844388,1,1
149650,1.0,3.0,3.0,1.0,1.0,18,6,12,0.0,0.9999999999999998,0.21816851753197009,1.6234898018587334,0.9999999999999998,2.0,1,1
94391,2.0,1.0,1.0,2.0,1.0,12,1,10,1.0000000000000002,0.0,1.78183148246803,1.6234898018587336,0.1339745962155614,1.5,1,1
200646,1.0,1.0,3.0,1.0,1.0,17,6,10,0.03407417371093169,0.7411809548974794,0.21816851753197009,1.6234898018587334,0.1339745962155614,1.5,2,1
59346,1.0,1.0,2.0,1.0,1.0,12,1,11,1.0000000000000002,0.0,1.78183148246803,1.6234898018587336,0.49999999999999956,1.8660254037844384,2,1
81519,2.0,1.0,2.0,2.0,1.0,13,1,3,0.7411809548974793,0.03407417371093169,1.78183148246803,1.6234898018587336,2.0,1.0,1,1
183654,1.0,1.0,2.0,1.0,1.0,14,5,9,0.5000000000000002,0.13397459621556118,0.02507208781817638,0.7774790660436854,0.0,0.9999999999999998,1,1
93665,1.0,2.0,3.0,1.0,1.0,5,7,8,1.9659258262890682,1.2588190451025207,0.9999999999999998,2.0,0.13397459621556151,0.49999999999999956,2,1
50090,1.0,1.0,1.0,2.0,1.0,13,2,7,0.7411809548974793,0.03407417371093169,1.9749279121818235,0.7774790660436857,0.5000000000000002,0.13397459621556118,2,1
23695,1.0,1.0,1.0,2.0,1.0,13,7,1,0.7411809548974793,0.03407417371093169,0.9999999999999998,2.0,1.5,1.8660254037844388,1,1
114094,1.0,1.0,2.0,1.0,1.0,16,6,8,0.13397459621556151,0.49999999999999956,0.21816851753197009,1.6234898018587334,0.13397459621556151,0.49999999999999956,1,1
110188,1.0,1.0,2.0,1.0,1.0,12,2,3,1.0000000000000002,0.0,1.9749279121818235,0.7774790660436857,2.0,1.0,1,1
151642,1.0,1.0,2.0,1.0,1.0,5,5,5,1.9659258262890682,1.2588190451025207,0.02507208781817638,0.7774790660436854,1.5,0.1339745962155613,2,1
62659,1.0,1.0,1.0,1.0,1.0,15,2,9,0.29289321881345287,0.2928932188134521,1.9749279121818235,0.7774790660436857,0.0,0.9999999999999998,2,1
24914,1.0,1.0,3.0,1.0,1.0,10,7,10,1.5,0.1339745962155613,0.9999999999999998,2.0,0.1339745962155614,1.5,1,1
51331,1.0,1.0,3.0,1.0,1.0,9,5,10,1.7071067811865475,0.29289321881345254,0.02507208781817638,0.7774790660436854,0.1339745962155614,1.5,1,1
58844,1.0,3.0,3.0,1.0,1.0,19,3,12,0.03407417371093158,1.2588190451025203,1.4338837391175583,0.09903113209758097,0.9999999999999998,2.0,2,1
80469,1.0,1.0,1.0,1.0,1.0,12,4,1,1.0000000000000002,0.0,0.5661162608824419,0.09903113209758085,1.5,1.8660254037844388,1,1
140438,1.0,4.0,2.0,1.0,1.0,21,6,8,0.2928932188134523,1.7071067811865475,0.21816851753197009,1.6234898018587334,0.13397459621556151,0.49999999999999956,1,1
9900,1.0,3.0,3.0,1.0,1.0,22,2,3,0.49999999999999956,1.8660254037844384,1.9749279121818235,0.7774790660436857,2.0,1.0,2,1
174387,2.0,1.0,1.0,2.0,1.0,16,2,7,0.13397459621556151,0.49999999999999956,1.9749279121818235,0.7774790660436857,0.5000000000000002,0.13397459621556118,1,0
14892,1.0,1.0,1.0,1.0,1.0,17,6,3,0.03407417371093169,0.7411809548974794,0.21816851753197009,1.6234898018587334,2.0,1.0,1,1
208437,3.0,3.0,3.0,3.0,1.0,5,1,1,1.9659258262890682,1.2588190451025207,1.78183148246803,1.6234898018587336,1.5,1.8660254037844388,2,1
51011,1.0,1.0,3.0,1.0,1.0,15,3,2,0.29289321881345287,0.2928932188134521,1.4338837391175583,0.09903113209758097,1.8660254037844386,1.5,1,1
118829,1.0,1.0,2.0,2.0,1.0,9,4,1,1.7071067811865475,0.29289321881345254,0.5661162608824419,0.09903113209758085,1.5,1.8660254037844388,1,1
109795,2.0,3.0,2.0,2.0,1.0,21,4,1,0.2928932188134523,1.7071067811865475,0.5661162608824419,0.09903113209758085,1.5,1.8660254037844388,1,1
4275,2.0,4.0,1.0,2.0,1.0,23,5,3,0.7411809548974784,1.9659258262890682,0.02507208781817638,0.7774790660436854,2.0,1.0,1,1
26848,1.0,3.0,3.0,1.0,1.0,22,1,8,0.49999999999999956,1.8660254037844384,1.78183148246803,1.6234898018587336,0.13397459621556151,0.49999999999999956,1,1
76097,1.0,1.0,1.0,1.0,1.0,11,5,6,1.258819045102521,0.0340741737109318,0.02507208781817638,0.7774790660436854,1.0000000000000002,0.0,1,1
87445,2.0,2.0,1.0,2.0,1.0,16,3,2,0.13397459621556151,0.49999999999999956,1.4338837391175583,0.09903113209758097,1.8660254037844386,1.5,2,1
99911,1.0,1.0,2.0,1.0,1.0,14,3,9,0.5000000000000002,0.13397459621556118,1.4338837391175583,0.09903113209758097,0.0,0.9999999999999998,1,1
194191,1.0,2.0,4.0,1.0,1.0,4,1,6,1.8660254037844386,1.5,1.78183148246803,1.6234898018587336,1.0000000000000002,0.0,2,1
151947,2.0,2.0,2.0,2.0,1.0,17,2,3,0.03407417371093169,0.7411809548974794,1.9749279121818235,0.7774790660436857,2.0,1.0,1,1
117616,1.0,1.0,2.0,1.0,1.0,8,5,7,1.8660254037844388,0.5000000000000002,0.02507208781817638,0.7774790660436854,0.5000000000000002,0.13397459621556118,2,1
33462,1.0,3.0,2.0,1.0,1.0,16,3,11,0.13397459621556151,0.49999999999999956,1.4338837391175583,0.09903113209758097,0.49999999999999956,1.8660254037844384,2,1
125070,1.0,1.0,3.0,1.0,1.0,7,2,2,1.9659258262890682,0.7411809548974794,1.9749279121818235,0.7774790660436857,1.8660254037844386,1.5,1,1
123372,1.0,1.0,3.0,1.0,1.0,13,7,9,0.7411809548974793,0.03407417371093169,0.9999999999999998,2.0,0.0,0.9999999999999998,2,1
36139,1.0,4.0,2.0,1.0,1.0,23,6,11,0.7411809548974784,1.9659258262890682,0.21816851753197009,1.6234898018587334,0.49999999999999956,1.8660254037844384,1,1
133073,1.0,1.0,3.0,1.0,1.0,16,5,4,0.13397459621556151,0.49999999999999956,0.02507208781817638,0.7774790660436854,1.8660254037844388,0.5000000000000002,2,1
163925,1.0,3.0,2.0,1.0,1.0,20,4,9,0.1339745962155614,1.5,0.5661162608824419,0.09903113209758085,0.0,0.9999999999999998,1,1
122908,1.0,3.0,2.0,1.0,1.0,18,5,12,0.0,0.9999999999999998,0.02507208781817638,0.7774790660436854,0.9999999999999998,2.0,1,0
129376,1.0,1.0,3.0,1.0,1.0,4,7,6,1.8660254037844386,1.5,0.9999999999999998,2.0,1.0000000000000002,0.0,2,1
189967,2.0,3.0,2.0,2.0,1.0,20,2,10,0.1339745962155614,1.5,1.9749279121818235,0.7774790660436857,0.1339745962155614,1.5,1,1
4418,1.0,1.0,3.0,1.0,1.0,15,4,5,0.29289321881345287,0.2928932188134521,0.5661162608824419,0.09903113209758085,1.5,0.1339745962155613,1,1
50986,2.0,3.0,3.0,2.0,1.0,3,5,2,1.7071067811865475,1.7071067811865475,0.02507208781817638,0.7774790660436854,1.8660254037844386,1.5,2,1
144460,1.0,3.0,2.0,1.0,1.0,19,5,3,0.03407417371093158,1.2588190451025203,0.02507208781817638,0.7774790660436854,2.0,1.0,1,1
201474,1.0,1.0,3.0,1.0,1.0,15,3,10,0.29289321881345287,0.2928932188134521,1.4338837391175583,0.09903113209758097,0.1339745962155614,1.5,2,1
110108,1.0,1.0,1.0,1.0,1.0,11,3,10,1.258819045102521,0.0340741737109318,1.4338837391175583,0.09903113209758097,0.1339745962155614,1.5,2,1
92084,1.0,1.0,1.0,1.0,1.0,9,4,7,1.7071067811865475,0.29289321881345254,0.5661162608824419,0.09903113209758085,0.5000000000000002,0.13397459621556118,1,1
50727,2.0,4.0,3.0,2.0,1.0,9,6,5,1.7071067811865475,0.29289321881345254,0.21816851753197009,1.6234898018587334,1.5,0.1339745962155613,1,1
137518,1.0,1.0,1.0,1.0,1.0,17,6,8,0.03407417371093169,0.7411809548974794,0.21816851753197009,1.6234898018587334,0.13397459621556151,0.49999999999999956,2,1
124163,1.0,1.0,1.0,1.0,1.0,12,3,8,1.0000000000000002,0.0,1.4338837391175583,0.09903113209758097,0.13397459621556151,0.49999999999999956,1,1
133971,1.0,1.0,2.0,1.0,1.0,18,5,4,0.0,0.9999999999999998,0.02507208781817638,0.7774790660436854,1.8660254037844388,0.5000000000000002,2,1
5258,1.0,3.0,2.0,1.0,1.0,22,7,7,0.49999999999999956,1.8660254037844384,0.9999999999999998,2.0,0.5000000000000002,0.13397459621556118,2,1
121592,1.0,1.0,2.0,1.0,1.0,15,3,12,0.29289321881345287,0.2928932188134521,1.4338837391175583,0.09903113209758097,0.9999999999999998,2.0,1,1
15667,1.0,1.0,1.0,1.0,1.0,12,3,7,1.0000000000000002,0.0,1.4338837391175583,0.09903113209758097,0.5000000000000002,0.13397459621556118,1,1
197912,1.0,1.0,3.0,1.0,1.0,8,2,8,1.8660254037844388,0.5000000000000002,1.9749279121818235,0.7774790660436857,0.13397459621556151,0.49999999999999956,2,1
120678,1.0,3.0,3.0,1.0,1.0,20,1,9,0.1339745962155614,1.5,1.78183148246803,1.6234898018587336,0.0,0.9999999999999998,2,1
65038,1.0,1.0,1.0,1.0,1.0,9,6,6,1.7071067811865475,0.29289321881345254,0.21816851753197009,1.6234898018587334,1.0000000000000002,0.0,2,1
125602,1.0,1.0,2.0,1.0,1.0,15,3,8,0.29289321881345287,0.2928932188134521,1.4338837391175583,0.09903113209758097,0.13397459621556151,0.49999999999999956,2,1
138141,1.0,1.0,1.0,2.0,1.0,8,2,2,1.8660254037844388,0.5000000000000002,1.9749279121818235,0.7774790660436857,1.8660254037844386,1.5,1,1
68886,1.0,3.0,3.0,1.0,1.0,20,6,8,0.1339745962155614,1.5,0.21816851753197009,1.6234898018587334,0.13397459621556151,0.49999999999999956,1,1
36562,1.0,1.0,2.0,1.0,1.0,13,1,8,0.7411809548974793,0.03407417371093169,1.78183148246803,1.6234898018587336,0.13397459621556151,0.49999999999999956,1,1
179954,1.0,1.0,3.0,1.0,1.0,12,4,9,1.0000000000000002,0.0,0.5661162608824419,0.09903113209758085,0.0,0.9999999999999998,1,1
21548,1.0,1.0,2.0,1.0,1.0,17,5,10,0.03407417371093169,0.7411809548974794,0.02507208781817638,0.7774790660436854,0.1339745962155614,1.5,2,1
12540,2.0,1.0,1.0,2.0,1.0,18,6,4,0.0,0.9999999999999998,0.21816851753197009,1.6234898018587334,1.8660254037844388,0.5000000000000002,2,1
55591,1.0,3.0,1.0,1.0,1.0,18,4,10,0.0,0.9999999999999998,0.5661162608824419,0.09903113209758085,0.1339745962155614,1.5,2,1
12906,2.0,1.0,1.0,2.0,1.0,11,5,9,1.258819045102521,0.0340741737109318,0.02507208781817638,0.7774790660436854,0.0,0.9999999999999998,1,1
133634,1.0,1.0,2.0,1.0,1.0,10,1,8,1.5,0.1339745962155613,1.78183148246803,1.6234898018587336,0.13397459621556151,0.49999999999999956,2,1
146163,1.0,1.0,1.0,1.0,1.0,10,6,5,1.5,0.1339745962155613,0.21816851753197009,1.6234898018587334,1.5,0.1339745962155613,1,1
30737,1.0,1.0,1.0,1.0,1.0,14,5,6,0.5000000000000002,0.13397459621556118,0.02507208781817638,0.7774790660436854,1.0000000000000002,0.0,1,1
167266,1.0,1.0,2.0,1.0,1.0,18,2,5,0.0,0.9999999999999998,1.9749279121818235,0.7774790660436857,1.5,0.1339745962155613,1,1
90691,1.0,1.0,1.0,1.0,1.0,10,7,8,1.5,0.1339745962155613,0.9999999999999998,2.0,0.13397459621556151,0.49999999999999956,1,1
129168,1.0,1.0,2.0,1.0,1.0,15,5,5,0.29289321881345287,0.2928932188134521,0.02507208781817638,0.7774790660436854,1.5,0.1339745962155613,1,1
130129,1.0,1.0,2.0,1.0,1.0,17,5,3,0.03407417371093169,0.7411809548974794,0.02507208781817638,0.7774790660436854,2.0,1.0,2,1
30403,1.0,1.0,1.0,1.0,1.0,17,2,2,0.03407417371093169,0.7411809548974794,1.9749279121818235,0.7774790660436857,1.8660254037844386,1.5,1,1
138147,1.0,1.0,3.0,1.0,1.0,11,1,5,1.258819045102521,0.0340741737109318,1.78183148246803,1.6234898018587336,1.5,0.1339745962155613,2,1
35208,1.0,1.0,3.0,1.0,1.0,9,4,11,1.7071067811865475,0.29289321881345254,0.5661162608824419,0.09903113209758085,0.49999999999999956,1.8660254037844384,1,1
78364,1.0,3.0,3.0,1.0,1.0,16,2,12,0.13397459621556151,0.49999999999999956,1.9749279121818235,0.7774790660436857,0.9999999999999998,2.0,1,1
74948,1.0,1.0,1.0,1.0,1.0,18,3,5,0.0,0.9999999999999998,1.4338837391175583,0.09903113209758097,1.5,0.1339745962155613,2,1
125670,1.0,1.0,3.0,1.0,1.0,12,3,5,1.0000000000000002,0.0,1.4338837391175583,0.09903113209758097,1.5,0.1339745962155613,2,1
160675,1.0,1.0,1.0,1.0,1.0,10,1,5,1.5,0.1339745962155613,1.78183148246803,1.6234898018587336,1.5,0.1339745962155613,2,1
58172,1.0,1.0,2.0,1.0,1.0,11,4,10,1.258819045102521,0.0340741737109318,0.5661162608824419,0.09903113209758085,0.1339745962155614,1.5,1,1
104535,1.0,1.0,2.0,1.0,1.0,8,5,11,1.8660254037844388,0.5000000000000002,0.02507208781817638,0.7774790660436854,0.49999999999999956,1.8660254037844384,1,1
67942,1.0,1.0,3.0,1.0,1.0,16,7,7,0.13397459621556151,0.49999999999999956,0.9999999999999998,2.0,0.5000000000000002,0.13397459621556118,2,1
104602,1.0,1.0,2.0,1.0,1.0,14,2,6,0.5000000000000002,0.13397459621556118,1.9749279121818235,0.7774790660436857,1.0000000000000002,0.0,1,1
12401,1.0,3.0,3.0,1.0,1.0,21,1,11,0.2928932188134523,1.7071067811865475,1.78183148246803,1.6234898018587336,0.49999999999999956,1.8660254037844384,1,1
123973,1.0,1.0,1.0,1.0,1.0,15,5,3,0.29289321881345287,0.2928932188134521,0.02507208781817638,0.7774790660436854,2.0,1.0,2,1
191480,2.0,1.0,2.0,2.0,1.0,7,2,9,1.9659258262890682,0.7411809548974794,1.9749279121818235,0.7774790660436857,0.0,0.9999999999999998,1,0
91531,1.0,3.0,2.0,1.0,1.0,23,1,11,0.7411809548974784,1.9659258262890682,1.78183148246803,1.6234898018587336,0.49999999999999956,1.8660254037844384,2,1
89144,1.0,1.0,1.0,1.0,1.0,11,3,2,1.258819045102521,0.0340741737109318,1.4338837391175583,0.09903113209758097,1.8660254037844386,1.5,1,1
150428,1.0,4.0,1.0,2.0,1.0,18,6,6,0.0,0.9999999999999998,0.21816851753197009,1.6234898018587334,1.0000000000000002,0.0,1,1
22344,1.0,3.0,3.0,1.0,1.0,22,6,6,0.49999999999999956,1.8660254037844384,0.21816851753197009,1.6234898018587334,1.0000000000000002,0.0,2,1
186631,1.0,1.0,1.0,1.0,1.0,10,5,1,1.5,0.1339745962155613,0.02507208781817638,0.7774790660436854,1.5,1.8660254037844388,1,1
38812,1.0,1.0,1.0,1.0,1.0,17,7,2,0.03407417371093169,0.7411809548974794,0.9999999999999998,2.0,1.8660254037844386,1.5,2,1
191771,3.0,4.0,1.0,2.0,1.0,16,5,12,0.13397459621556151,0.49999999999999956,0.02507208781817638,0.7774790660436854,0.9999999999999998,2.0,2,1
178267,1.0,3.0,2.0,1.0,1.0,22,7,5,0.49999999999999956,1.8660254037844384,0.9999999999999998,2.0,1.5,0.1339745962155613,2,1
147841,1.0,1.0,1.0,1.0,1.0,8,3,9,1.8660254037844388,0.5000000000000002,1.4338837391175583,0.09903113209758097,0.0,0.9999999999999998,1,1
151901,1.0,1.0,1.0,1.0,1.0,15,1,2,0.29289321881345287,0.2928932188134521,1.78183148246803,1.6234898018587336,1.8660254037844386,1.5,2,1
26448,1.0,3.0,1.0,1.0,1.0,17,4,12,0.03407417371093169,0.7411809548974794,0.5661162608824419,0.09903113209758085,0.9999999999999998,2.0,1,1
6849,1.0,1.0,1.0,1.0,1.0,8,3,8,1.8660254037844388,0.5000000000000002,1.4338837391175583,0.09903113209758097,0.13397459621556151,0.49999999999999956,2,1
184232,1.0,3.0,1.0,1.0,1.0,17,1,7,0.03407417371093169,0.7411809548974794,1.78183148246803,1.6234898018587336,0.5000000000000002,0.13397459621556118,1,1
173478,1.0,1.0,1.0,1.0,1.0,11,5,7,1.258819045102521,0.0340741737109318,0.02507208781817638,0.7774790660436854,0.5000000000000002,0.13397459621556118,1,1
22256,2.0,1.0,1.0,1.0,1.0,19,6,5,0.03407417371093158,1.2588190451025203,0.21816851753197009,1.6234898018587334,1.5,0.1339745962155613,1,1
88320,1.0,1.0,1.0,1.0,1.0,11,1,8,1.258819045102521,0.0340741737109318,1.78183148246803,1.6234898018587336,0.13397459621556151,0.49999999999999956,1,1
154245,1.0,4.0,1.0,1.0,1.0,20,6,6,0.1339745962155614,1.5,0.21816851753197009,1.6234898018587334,1.0000000000000002,0.0,1,1
99087,1.0,3.0,3.0,1.0,1.0,20,3,4,0.1339745962155614,1.5,1.4338837391175583,0.09903113209758097,1.8660254037844388,0.5000000000000002,1,1
132879,1.0,1.0,3.0,1.0,1.0,19,4,6,0.03407417371093158,1.2588190451025203,0.5661162608824419,0.09903113209758085,1.0000000000000002,0.0,2,1
175354,1.0,2.0,1.0,1.0,1.0,17,1,11,0.03407417371093169,0.7411809548974794,1.78183148246803,1.6234898018587336,0.49999999999999956,1.8660254037844384,1,0
7799,1.0,1.0,3.0,1.0,1.0,7,4,4,1.9659258262890682,0.7411809548974794,0.5661162608824419,0.09903113209758085,1.8660254037844388,0.5000000000000002,1,1
10908,2.0,2.0,2.0,2.0,1.0,6,3,1,2.0,1.0,1.4338837391175583,0.09903113209758097,1.5,1.8660254037844388,1,1
42609,1.0,1.0,2.0,1.0,1.0,16,2,4,0.13397459621556151,0.49999999999999956,1.9749279121818235,0.7774790660436857,1.8660254037844388,0.5000000000000002,1,1
120472,1.0,1.0,2.0,1.0,1.0,12,6,8,1.0000000000000002,0.0,0.21816851753197009,1.6234898018587334,0.13397459621556151,0.49999999999999956,1,1
34244,1.0,1.0,2.0,1.0,1.0,16,4,4,0.13397459621556151,0.49999999999999956,0.5661162608824419,0.09903113209758085,1.8660254037844388,0.5000000000000002,2,1
149255,1.0,1.0,1.0,1.0,1.0,15,1,5,0.29289321881345287,0.2928932188134521,1.78183148246803,1.6234898018587336,1.5,0.1339745962155613,1,1
137242,1.0,1.0,2.0,1.0,1.0,9,7,7,1.7071067811865475,0.29289321881345254,0.9999999999999998,2.0,0.5000000000000002,0.13397459621556118,2,1
37342,1.0,3.0,3.0,1.0,1.0,19,2,10,0.03407417371093158,1.2588190451025203,1.9749279121818235,0.7774790660436857,0.1339745962155614,1.5,1,1
109803,1.0,1.0,3.0,1.0,1.0,14,2,5,0.5000000000000002,0.13397459621556118,1.9749279121818235,0.7774790660436857,1.5,0.1339745962155613,1,1
97899,1.0,4.0,1.0,1.0,1.0,20,6,3,0.1339745962155614,1.5,0.21816851753197009,1.6234898018587334,2.0,1.0,1,1
114985,1.0,1.0,3.0,1.0,1.0,17,5,9,0.03407417371093169,0.7411809548974794,0.02507208781817638,0.7774790660436854,0.0,0.9999999999999998,1,1
110989,1.0,1.0,2.0,1.0,1.0,8,4,9,1.8660254037844388,0.5000000000000002,0.5661162608824419,0.09903113209758085,0.0,0.9999999999999998,2,1
22417,1.0,1.0,2.0,2.0,1.0,7,3,1,1.9659258262890682,0.7411809548974794,1.4338837391175583,0.09903113209758097,1.5,1.8660254037844388,1,1
125293,1.0,3.0,1.0,1.0,1.0,20,3,3,0.1339745962155614,1.5,1.4338837391175583,0.09903113209758097,2.0,1.0,2,1
97459,2.0,3.0,3.0,2.0,1.0,20,4,10,0.1339745962155614,1.5,0.5661162608824419,0.09903113209758085,0.1339745962155614,1.5,2,1
115731,1.0,1.0,1.0,1.0,1.0,12,6,1,1.0000000000000002,0.0,0.21816851753197009,1.6234898018587334,1.5,1.8660254037844388,2,1
152091,1.0,1.0,2.0,1.0,1.0,17,7,8,0.03407417371093169,0.7411809548974794,0.9999999999999998,2.0,0.13397459621556151,0.49999999999999956,1,1
3988,1.0,1.0,1.0,1.0,1.0,13,6,1,0.7411809548974793,0.03407417371093169,0.21816851753197009,1.6234898018587334,1.5,1.8660254037844388,1,1
199793,1.0,1.0,3.0,1.0,1.0,18,1,9,0.0,0.9999999999999998,1.78183148246803,1.6234898018587336,0.0,0.9999999999999998,1,1
150689,1.0,1.0,2.0,1.0,1.0,7,6,12,1.9659258262890682,0.7411809548974794,0.21816851753197009,1.6234898018587334,0.9999999999999998,2.0,1,1
194235,1.0,1.0,2.0,1.0,1.0,10,3,6,1.5,0.1339745962155613,1.4338837391175583,0.09903113209758097,1.0000000000000002,0.0,1,1
126362,1.0,1.0,3.0,1.0,1.0,9,6,4,1.7071067811865475,0.29289321881345254,0.21816851753197009,1.6234898018587334,1.8660254037844388,0.5000000000000002,1,1
169530,1.0,1.0,2.0,1.0,1.0,15,5,9,0.29289321881345287,0.2928932188134521,0.02507208781817638,0.7774790660436854,0.0,0.9999999999999998,2,1
93232,1.0,1.0,2.0,1.0,1.0,13,4,6,0.7411809548974793,0.03407417371093169,0.5661162608824419,0.09903113209758085,1.0000000000000002,0.0,2,1
40988,3.0,1.0,2.0,3.0,1.0,12,1,12,1.0000000000000002,0.0,1.78183148246803,1.6234898018587336,0.9999999999999998,2.0,1,0
73671,1.0,1.0,2.0,1.0,1.0,10,5,7,1.5,0.1339745962155613,0.02507208781817638,0.7774790660436854,0.5000000000000002,0.13397459621556118,1,1
29912,2.0,3.0,3.0,2.0,1.0,23,1,9,0.7411809548974784,1.9659258262890682,1.78183148246803,1.6234898018587336,0.0,0.9999999999999998,1,1
167276,1.0,1.0,3.0,1.0,1.0,16,1,10,0.13397459621556151,0.49999999999999956,1.78183148246803,1.6234898018587336,0.1339745962155614,1.5,1,1
70114,2.0,3.0,4.0,2.0,1.0,23,3,4,0.7411809548974784,1.9659258262890682,1.4338837391175583,0.09903113209758097,1.8660254037844388,0.5000000000000002,2,1